campaign_id,campaign_name,start_date,end_date,channel,region,impressions,clicks,conversions,spend_usd,revenue_usd,target_audience,product_category,device,year,data_source,campaign_duration_days,month,quarter,start_month,end_month,is_holiday_season,ctr,conversion_rate,roi,roas,cpc,cpm,cpa,revenue_per_click,revenue_per_conversion,profit,profit_margin,impressions_to_conversion,click_to_conv_ratio,midpoint_month,season_label,engagement_rate_1000,rev_per_1000,roi_flag,midpoint_date,funnel_issue_flag
2024_0001,Campaign_2024_0001,2024-05-16,2024-08-16,Google Ads,South America,28252,5609,5609,39193.43,79017.74,Youth,Electronics,Desktop,2024,H1_2024,92,5,2,5,8,False,0.198535,1.0,1.016097,2.016097,6.987597,1387.279839,6.987597,14.08767,14.08767,39824.310000000005,0.503992,0.198535,1.0,7,Summer,397.0692340365284,2796.8901316720944,0,2024-07-01 00:00:00,False
2024_0002,Campaign_2024_0002,2024-04-06,2024-10-13,Google Ads,Asia,89608,83584,26865,17291.53,49868.54,Adults,Home,Mobile,2024,H1_2024,190,4,2,4,10,False,0.932774,0.321413,1.883987,2.883987,0.206876,192.968597,0.643645,0.596628,1.856264,32577.010000000002,0.653258,0.299806,0.32141318912710565,7,Summer,1232.5796803856797,556.5188376037854,1,2024-07-10 00:00:00,False
2024_0003,Campaign_2024_0003,2024-05-08,2024-11-27,Facebook Ads,Europe,37853,37853,37853,6729.63,63021.28,Seniors,Electronics,Desktop,2024,H1_2024,203,5,2,5,11,False,1.0,1.0,8.364747,9.364747,0.177783,177.783267,0.177783,1.664895,1.664895,56291.65,0.893217,1.0,1.0,8,Summer,2000.0,1664.8952526880298,1,2024-08-17 12:00:00,False
2024_0004,Campaign_2024_0004,2024-01-28,2024-08-03,Google Display Network,Africa,10577,10577,10577,15077.58,133106.71,Seniors,Clothing,Desktop,2024,H1_2024,188,1,1,1,8,False,1.0,1.0,7.828122,8.828122,1.425506,1425.506287,1.425506,12.584543,12.584543,118029.12999999999,0.886726,1.0,1.0,5,New Year,2000.0,12584.54287605181,1,2024-05-01 00:00:00,False
2024_0005,Campaign_2024_0005,2024-02-06,2024-08-23,Facebook Ads,Asia,84039,56010,11283,16877.69,144736.99,Adults,Home,Mobile,2024,H1_2024,199,2,1,2,8,False,0.666476,0.201446,7.57564,8.57564,0.301334,200.831638,1.495851,2.584128,12.827882,127859.29999999999,0.883391,0.134259,0.20144617032672738,5,New Year,800.7353728625995,1722.259784147836,1,2024-05-15 12:00:00,False
2024_0006,Campaign_2024_0006,2024-02-11,2024-12-19,Google Ads,Europe,46728,46728,46728,6698.46,105523.82,Adults,Travel,Mobile,2024,H1_2024,312,2,1,2,12,False,1.0,1.0,14.753445,15.753445,0.14335,143.350026,0.14335,2.258257,2.258257,98825.36,0.936522,1.0,1.0,7,New Year,2000.0,2258.2567197397707,1,2024-07-16 00:00:00,False
2024_0007,Campaign_2024_0007,2024-05-07,2024-09-03,Google Ads,Asia,24269,4485,4485,8269.18,113563.46,Seniors,Home,Mobile,2024,H1_2024,119,5,2,5,9,False,0.184804,1.0,12.73334,13.73334,1.843741,340.73015,1.843741,25.320727,25.320727,105294.28,0.927185,0.184804,1.0,7,Summer,369.607317977667,4679.362973340476,1,2024-07-05 12:00:00,False
2024_0008,Campaign_2024_0008,2024-03-01,2024-09-13,Google Ads,South America,45499,20267,8609,4110.73,59552.89,Seniors,Home,Desktop,2024,H1_2024,196,3,1,3,9,False,0.445438,0.424779,13.487181,14.487181,0.202829,90.3477,0.477492,2.938417,6.917515,55442.16,0.930973,0.189213,0.424779197710564,6,New Year,634.6513110178246,1308.8834919448777,1,2024-06-07 00:00:00,False
2024_0009,Campaign_2024_0009,2024-03-15,2024-07-31,TikTok Ads,Asia,14398,14398,14398,14214.98,74892.62,Adults,Services,Mobile,2024,H1_2024,138,3,1,3,7,False,1.0,1.0,4.26857,5.26857,0.987289,987.288512,0.987289,5.201599,5.201599,60677.64,0.810195,1.0,1.0,5,New Year,2000.0,5201.598833171273,1,2024-05-23 00:00:00,False
2024_0010,Campaign_2024_0010,2024-03-07,2024-10-15,Facebook Ads,Africa,18278,18278,18278,17466.57,38287.83,Youth,Home,Mobile,2024,H1_2024,222,3,1,3,10,False,1.0,1.0,1.192063,2.192063,0.955606,955.606193,0.955606,2.094749,2.094749,20821.260000000002,0.543809,1.0,1.0,6,New Year,2000.0000000000002,2094.7494255388997,0,2024-06-26 00:00:00,False
2024_0011,Campaign_2024_0011,2024-06-14,2024-09-15,TikTok Ads,South America,4311,4311,4311,11461.38,84808.12,Seniors,Services,Mobile,2024,H1_2024,93,6,2,6,9,False,1.0,1.0,6.399468,7.399468,2.658636,2658.636047,2.658636,19.672494,19.672494,73346.73999999999,0.864855,1.0,1.0,7,Summer,2000.0,19672.493620969613,1,2024-07-30 12:00:00,False
2024_0012,Campaign_2024_0012,2024-06-07,2024-08-16,TikTok Ads,Asia,66716,7666,7666,25607.12,64846.91,Adults,Home,Desktop,2024,H1_2024,70,6,2,6,8,False,0.114905,1.0,1.532378,2.532378,3.34035,383.822771,3.34035,8.459028,8.459028,39239.79000000001,0.605114,0.114905,1.0,7,Summer,229.8099406439235,971.9843815576475,0,2024-07-12 00:00:00,False
2024_0013,Campaign_2024_0013,2024-04-21,2024-12-04,Email,Africa,98943,46357,46357,47608.86,30412.14,Adults,Travel,Tablet,2024,H1_2024,227,4,2,4,12,False,0.468522,1.0,-0.361208,0.638792,1.027005,481.174616,1.027005,0.656042,0.656042,-17196.72,-0.565456,0.468522,1.0,8,Summer,937.0445610098744,307.3703041144902,0,2024-08-12 12:00:00,False
2024_0014,Campaign_2024_0014,2024-04-20,2024-07-25,Facebook Ads,Africa,20343,20343,20343,11934.35,80004.33,Youth,Electronics,Desktop,2024,H1_2024,96,4,2,4,7,False,1.0,1.0,5.703702,6.703702,0.586656,586.656344,0.586656,3.93277,3.93277,68069.98,0.850829,1.0,1.0,6,Summer,2000.0,3932.769503023153,1,2024-06-07 00:00:00,False
2024_0015,Campaign_2024_0015,2024-04-05,2024-08-28,Google Display Network,Africa,17080,17080,13715,36585.24,115748.79,Seniors,Services,Tablet,2024,H1_2024,145,4,2,4,8,False,1.0,0.802986,2.163811,3.163811,2.141993,2141.992974,2.667535,6.776861,8.439576,79163.54999999999,0.683926,0.802986,0.8029859484777517,6,Summer,1802.985948477752,6776.861241217799,1,2024-06-16 12:00:00,False
2024_0016,Campaign_2024_0016,2024-04-21,2024-10-30,Facebook Ads,South America,85633,10279,10279,32425.13,80711.36,Adults,Electronics,Desktop,2024,H1_2024,192,4,2,4,10,False,0.120036,1.0,1.489161,2.489161,3.154502,378.652272,3.154502,7.852063,7.852063,48286.229999999996,0.598258,0.120036,1.0,7,Summer,240.07100066563126,942.5263625004379,0,2024-07-26 00:00:00,False
2024_0017,Campaign_2024_0017,2024-01-12,2024-08-21,Google Ads,Europe,67975,6676,6676,11513.53,113882.0,Seniors,Clothing,Desktop,2024,H1_2024,222,1,1,1,8,False,0.098213,1.0,8.891145,9.891145,1.724615,169.378889,1.724615,17.058418,17.058418,102368.47,0.898899,0.098213,1.0,5,New Year,196.42515630746598,1675.3512320706143,1,2024-05-02 00:00:00,False
2024_0018,Campaign_2024_0018,2024-01-29,2024-07-27,Email,Europe,77273,16762,12596,9645.59,45565.05,Seniors,Services,Tablet,2024,H1_2024,180,1,1,1,7,False,0.216919,0.751462,3.723926,4.723926,0.575444,124.824842,0.765766,2.718354,3.617422,35919.46000000001,0.788312,0.163006,0.7514616394225033,4,New Year,379.9257179092309,589.6632717766879,1,2024-04-28 00:00:00,False
2024_0019,Campaign_2024_0019,2024-04-01,2024-07-05,Email,Africa,84610,16390,12752,14003.72,45511.92,Youth,Home,Desktop,2024,H1_2024,95,4,2,4,7,False,0.193712,0.778035,2.249988,3.249988,0.854406,165.509041,1.098159,2.77681,3.569003,31508.199999999997,0.692307,0.150715,0.7780353874313606,5,Summer,344.4273726509869,537.9023756057203,1,2024-05-18 12:00:00,False
2024_0020,Campaign_2024_0020,2024-02-09,2024-12-20,Email,Europe,31201,31201,31201,3138.13,98860.93,Seniors,Travel,Tablet,2024,H1_2024,315,2,1,2,12,False,1.0,1.0,30.503134,31.503134,0.100578,100.577866,0.100578,3.168518,3.168518,95722.79999999999,0.968257,1.0,1.0,7,New Year,2000.0,3168.5179962180696,1,2024-07-15 12:00:00,False
2024_0021,Campaign_2024_0021,2024-02-24,2024-10-14,Google Ads,Asia,56514,12769,12769,10585.37,121133.22,Seniors,Clothing,Tablet,2024,H1_2024,233,2,1,2,10,False,0.225944,1.0,10.443456,11.443456,0.82899,187.305269,0.82899,9.486508,9.486508,110547.85,0.912614,0.225944,1.0,6,New Year,451.8880277453374,2143.419683618218,1,2024-06-19 12:00:00,False
2024_0022,Campaign_2024_0022,2024-04-24,2024-09-22,Google Ads,Europe,19684,19684,19684,46531.61,27387.77,Adults,Travel,Desktop,2024,H1_2024,151,4,2,4,9,False,1.0,1.0,-0.411416,0.588584,2.363931,2363.930604,2.363931,1.391372,1.391372,-19143.84,-0.698992,1.0,1.0,7,Summer,2000.0,1391.3721804511279,0,2024-07-08 12:00:00,False
2024_0023,Campaign_2024_0023,2024-03-14,2024-09-19,TikTok Ads,Asia,81396,5683,5683,27942.73,123438.78,Seniors,Home,Desktop,2024,H1_2024,189,3,1,3,9,False,0.069819,1.0,3.417563,4.417563,4.916898,343.293651,4.916898,21.720707,21.720707,95496.05,0.773631,0.069819,1.0,6,New Year,139.63831146493686,1516.5214506855373,1,2024-06-16 12:00:00,False
2024_0024,Campaign_2024_0024,2024-04-12,2024-09-20,Facebook Ads,Europe,59813,2255,2255,1397.89,145244.35,Adults,Travel,Tablet,2024,H1_2024,161,4,2,4,9,False,0.037701,1.0,102.90256,103.90256,0.619907,23.371006,0.619907,64.409911,64.409911,143846.46,0.990376,0.037701,1.0,7,Summer,75.40166853359638,2428.307391369769,1,2024-07-01 12:00:00,False
2024_0025,Campaign_2024_0025,2024-02-12,2024-11-29,TikTok Ads,Asia,47910,47910,17020,49019.12,30281.39,Youth,Services,Tablet,2024,H1_2024,291,2,1,2,11,False,1.0,0.355249,-0.382253,0.617747,1.02315,1023.150073,2.880089,0.632047,1.779165,-18737.730000000003,-0.618787,0.355249,0.35524942600709664,7,New Year,1355.2494260070966,632.0473805051138,0,2024-07-06 12:00:00,False
2024_0026,Campaign_2024_0026,2024-02-01,2024-11-02,TikTok Ads,South America,36621,36621,36621,37118.57,10409.13,Adults,Clothing,Desktop,2024,H1_2024,275,2,1,2,11,False,1.0,1.0,-0.719571,0.280429,1.013587,1013.587013,1.013587,0.284239,0.284239,-26709.440000000002,-2.565963,1.0,1.0,6,New Year,1999.9999999999998,284.23937085278936,0,2024-06-17 12:00:00,False
2024_0027,Campaign_2024_0027,2024-04-07,2024-11-22,Google Ads,North America,4943,4943,4943,14406.6,134350.46,Youth,Travel,Mobile,2024,H1_2024,229,4,2,4,11,False,1.0,1.0,8.325619,9.325619,2.914546,2914.545822,2.914546,27.179943,27.179943,119943.85999999999,0.892769,1.0,1.0,7,Summer,2000.0000000000002,27179.943354238316,1,2024-07-30 12:00:00,False
2024_0028,Campaign_2024_0028,2024-05-30,2024-10-09,Facebook Ads,Asia,45970,45970,45970,7834.12,55485.39,Seniors,Travel,Mobile,2024,H1_2024,132,5,2,5,10,False,1.0,1.0,6.08253,7.08253,0.170418,170.418099,0.170418,1.206991,1.206991,47651.27,0.858808,1.0,1.0,8,Summer,2000.0,1206.9912986730476,1,2024-08-04 00:00:00,False
2024_0029,Campaign_2024_0029,2024-01-28,2024-08-26,TikTok Ads,South America,47883,30986,28007,42486.61,21390.73,Adults,Travel,Mobile,2024,H1_2024,211,1,1,1,8,False,0.647119,0.90386,-0.49653,0.50347,1.371155,887.300503,1.517,0.690335,0.763764,-21095.88,-0.986216,0.584905,0.90385980765507,5,New Year,1232.0238915690327,446.7291105402752,0,2024-05-12 12:00:00,False
2024_0030,Campaign_2024_0030,2024-03-27,2024-08-29,Facebook Ads,Africa,23959,23959,23959,26063.2,101074.85,Adults,Clothing,Desktop,2024,H1_2024,155,3,1,3,8,False,1.0,1.0,2.878068,3.878068,1.087825,1087.825034,1.087825,4.218659,4.218659,75011.65000000001,0.74214,1.0,1.0,6,New Year,2000.0,4218.658959055053,1,2024-06-12 12:00:00,False
2024_0031,Campaign_2024_0031,2024-04-29,2024-09-17,Google Display Network,North America,4588,4588,4588,37399.15,71727.03,Seniors,Clothing,Desktop,2024,H1_2024,141,4,2,4,9,False,1.0,1.0,0.917879,1.917879,8.151515,8151.514821,8.151515,15.633616,15.633616,34327.88,0.478591,1.0,1.0,7,Summer,2000.0,15633.615954664341,0,2024-07-08 12:00:00,False
2024_0032,Campaign_2024_0032,2024-03-10,2024-10-15,Facebook Ads,Asia,35277,35277,15243,20745.53,66955.93,Youth,Home,Desktop,2024,H1_2024,219,3,1,3,10,False,1.0,0.432095,2.227487,3.227487,0.588075,588.075233,1.360987,1.898005,4.392569,46210.399999999994,0.690161,0.432095,0.4320945658644443,6,New Year,1432.0945658644441,1898.0052158630267,1,2024-06-27 12:00:00,False
2024_0033,Campaign_2024_0033,2024-06-06,2024-11-06,Email,North America,49862,49862,29656,29968.78,80443.67,Adults,Travel,Mobile,2024,H1_2024,153,6,2,6,11,False,1.0,0.594762,1.684249,2.684249,0.601034,601.034455,1.010547,1.613326,2.71256,50474.89,0.627456,0.594762,0.5947615418555212,8,Summer,1594.7615418555213,1613.3261802575107,1,2024-08-21 12:00:00,False
2024_0034,Campaign_2024_0034,2024-03-02,2024-09-20,TikTok Ads,Europe,5689,5689,5689,24231.04,142184.57,Seniors,Home,Tablet,2024,H1_2024,202,3,1,3,9,False,1.0,1.0,4.867869,5.867869,4.259279,4259.279311,4.259279,24.992893,24.992893,117953.53,0.82958,1.0,1.0,6,New Year,2000.0,24992.89330286518,1,2024-06-11 00:00:00,False
2024_0035,Campaign_2024_0035,2024-02-24,2024-11-01,Google Ads,Asia,63413,50537,3016,4833.42,15209.2,Seniors,Clothing,Desktop,2024,H1_2024,251,2,1,2,11,False,0.79695,0.059679,2.146675,3.146675,0.095641,76.22128,1.602593,0.300952,5.042838,10375.78,0.682204,0.047561,0.05967904703484576,6,New Year,844.511377793197,239.84356519956478,1,2024-06-28 12:00:00,False
2024_0036,Campaign_2024_0036,2024-05-12,2024-10-22,Email,North America,70255,61285,14457,3308.99,120178.5,Adults,Travel,Desktop,2024,H1_2024,163,5,2,5,10,False,0.872322,0.235898,35.318786,36.318786,0.053993,47.099708,0.228885,1.960977,8.312824,116869.51,0.972466,0.205779,0.235897854287346,8,Summer,1078.1012027613694,1710.6042274571205,1,2024-08-01 12:00:00,False
2024_0037,Campaign_2024_0037,2024-02-27,2024-09-05,Email,Asia,25690,25690,25341,32629.48,72987.66,Seniors,Clothing,Mobile,2024,H1_2024,191,2,1,2,9,False,1.0,0.986415,1.236862,2.236862,1.270124,1270.123784,1.287616,2.841092,2.88022,40358.18000000001,0.552945,0.986415,0.9864149474503698,6,New Year,1986.4149474503697,2841.092253795251,0,2024-06-01 12:00:00,False
2024_0038,Campaign_2024_0038,2024-03-27,2024-07-29,Google Display Network,Europe,92503,58515,17864,27703.05,18978.74,Adults,Electronics,Desktop,2024,H1_2024,124,3,1,3,7,False,0.632574,0.305289,-0.314922,0.685078,0.473435,299.482719,1.550775,0.32434,1.062401,-8724.309999999998,-0.459689,0.193118,0.3052892420746817,5,New Year,825.6921397143876,205.16891344064518,0,2024-05-28 00:00:00,False
2024_0039,Campaign_2024_0039,2024-02-24,2024-10-26,Email,North America,11125,11125,11125,30690.19,21674.4,Seniors,Electronics,Desktop,2024,H1_2024,245,2,1,2,10,False,1.0,1.0,-0.293768,0.706232,2.758669,2758.668764,2.758669,1.948261,1.948261,-9015.789999999997,-0.415965,1.0,1.0,6,New Year,2000.0,1948.2606741573036,0,2024-06-25 12:00:00,False
2024_0040,Campaign_2024_0040,2024-05-28,2024-07-27,Facebook Ads,Asia,95713,45438,33159,31526.83,113919.15,Seniors,Electronics,Tablet,2024,H1_2024,60,5,2,5,7,False,0.474732,0.729764,2.613403,3.613403,0.693843,329.389216,0.950777,2.507134,3.435542,82392.31999999999,0.723253,0.346442,0.7297636339627624,6,Summer,821.1737172588886,1190.216062603826,1,2024-06-27 00:00:00,False
2024_0041,Campaign_2024_0041,2024-05-06,2024-12-08,Facebook Ads,Asia,3485,3485,3485,18556.14,94680.29,Adults,Travel,Mobile,2024,H1_2024,216,5,2,5,12,False,1.0,1.0,4.10237,5.10237,5.324574,5324.573888,5.324574,27.167945,27.167945,76124.15,0.804013,1.0,1.0,8,Summer,2000.0,27167.945480631275,1,2024-08-22 00:00:00,False
2024_0042,Campaign_2024_0042,2024-05-16,2024-12-08,Google Display Network,Europe,10382,8583,8583,37663.78,73331.65,Seniors,Clothing,Tablet,2024,H1_2024,206,5,2,5,12,False,0.826719,1.0,0.947007,1.947007,4.388184,3627.796186,4.388184,8.543825,8.543825,35667.869999999995,0.486391,0.826719,1.0,8,Summer,1653.4386438065883,7063.345212868426,0,2024-08-27 00:00:00,False
2024_0043,Campaign_2024_0043,2024-01-19,2024-09-21,Facebook Ads,Asia,22095,22095,22095,41328.47,64193.87,Adults,Electronics,Mobile,2024,H1_2024,246,1,1,1,9,False,1.0,1.0,0.55326,1.55326,1.87049,1870.489704,1.87049,2.905357,2.905357,22865.4,0.356193,1.0,1.0,5,New Year,2000.0,2905.3573206607834,0,2024-05-21 00:00:00,False
2024_0044,Campaign_2024_0044,2024-04-07,2024-12-15,TikTok Ads,Europe,66961,3795,3795,13425.61,104031.45,Adults,Clothing,Tablet,2024,H1_2024,252,4,2,4,12,False,0.056675,1.0,6.748732,7.748732,3.53771,200.498947,3.53771,27.412767,27.412767,90605.84,0.870947,0.056675,1.0,8,Summer,113.34956168516003,1553.612550589149,1,2024-08-11 00:00:00,False
2024_0045,Campaign_2024_0045,2024-03-31,2024-09-19,Email,North America,78404,77578,29982,21926.67,120003.86,Adults,Electronics,Desktop,2024,H1_2024,172,3,1,3,9,False,0.989465,0.386476,4.472963,5.472963,0.28264,279.662645,0.731328,1.54688,4.00253,98077.19,0.817284,0.382404,0.386475547191214,6,New Year,1371.8687822049897,1530.5833886026223,1,2024-06-25 00:00:00,False
2024_0046,Campaign_2024_0046,2024-05-15,2024-07-12,Email,North America,22519,21391,21391,22745.75,100596.49,Youth,Electronics,Desktop,2024,H1_2024,58,5,2,5,7,False,0.949909,1.0,3.42265,4.42265,1.063333,1010.069275,1.063333,4.702748,4.702748,77850.74,0.773891,0.949909,1.0,6,Summer,1899.8179315244906,4467.182823393579,1,2024-06-13 00:00:00,False
2024_0047,Campaign_2024_0047,2024-06-25,2024-12-05,Facebook Ads,Africa,1258,1258,1258,38228.24,106614.84,Seniors,Home,Tablet,2024,H1_2024,163,6,2,6,12,False,1.0,1.0,1.788903,2.788903,30.388108,30388.108108,30.388108,84.749475,84.749475,68386.6,0.641436,1.0,1.0,9,Summer,2000.0,84749.47535771065,1,2024-09-14 12:00:00,False
2024_0048,Campaign_2024_0048,2024-06-30,2024-11-01,Google Ads,Asia,75146,44695,11228,28015.04,53986.52,Seniors,Electronics,Desktop,2024,H1_2024,124,6,2,6,11,False,0.594776,0.251214,0.927055,1.927055,0.626805,372.808134,2.495105,1.207887,4.808204,25971.479999999996,0.481073,0.149416,0.2512137823022709,8,Summer,744.1913075878956,718.421739014718,0,2024-08-31 00:00:00,False
2024_0049,Campaign_2024_0049,2024-04-04,2024-07-11,Google Display Network,Europe,6434,1182,1182,28154.96,125835.33,Youth,Travel,Tablet,2024,H1_2024,98,4,2,4,7,False,0.183712,1.0,3.469384,4.469384,23.819763,4375.965185,23.819763,106.45967,106.45967,97680.37,0.776256,0.183712,1.0,5,Summer,367.42306496736086,19557.869132732358,1,2024-05-23 00:00:00,False
2024_0050,Campaign_2024_0050,2024-05-21,2024-12-06,Google Ads,South America,53764,53764,53764,20847.08,75434.02,Seniors,Travel,Desktop,2024,H1_2024,199,5,2,5,12,False,1.0,1.0,2.618445,3.618445,0.387752,387.751655,0.387752,1.403058,1.403058,54586.94,0.723638,1.0,1.0,8,Summer,2000.0,1403.058180194926,1,2024-08-28 12:00:00,False
2024_0051,Campaign_2024_0051,2024-04-06,2024-09-10,TikTok Ads,Africa,65027,65027,30220,42303.24,36955.16,Adults,Clothing,Desktop,2024,H1_2024,157,4,2,4,9,False,1.0,0.46473,-0.126422,0.873578,0.650549,650.548849,1.399842,0.568305,1.222871,-5348.0799999999945,-0.144718,0.46473,0.464730035216141,6,Summer,1464.730035216141,568.304857982069,0,2024-06-23 12:00:00,False
2024_0052,Campaign_2024_0052,2024-05-08,2024-07-12,Facebook Ads,Africa,87869,51085,51085,5483.54,12757.79,Youth,Clothing,Tablet,2024,H1_2024,65,5,2,5,7,False,0.581377,1.0,1.326561,2.326561,0.107341,62.405854,0.107341,0.249737,0.249737,7274.250000000001,0.570181,0.581377,1.0,6,Summer,1162.7536446300744,145.19102300014796,0,2024-06-09 12:00:00,False
2024_0053,Campaign_2024_0053,2024-02-13,2024-08-12,Google Ads,South America,40718,40718,40718,4506.22,54564.76,Adults,Electronics,Tablet,2024,H1_2024,181,2,1,2,8,False,1.0,1.0,11.108765,12.108765,0.110669,110.668992,0.110669,1.340065,1.340065,50058.54,0.917415,1.0,1.0,5,New Year,1999.9999999999998,1340.0648361903825,1,2024-05-13 12:00:00,False
2024_0054,Campaign_2024_0054,2024-01-23,2024-08-22,Email,Europe,26886,9298,9298,46453.18,13484.64,Youth,Travel,Desktop,2024,H1_2024,212,1,1,1,8,False,0.345831,1.0,-0.709715,0.290285,4.99604,1727.783233,4.99604,1.450273,1.450273,-32968.54,-2.444896,0.345831,1.0,5,New Year,691.6610875548613,501.54876143717917,0,2024-05-08 00:00:00,False
2024_0055,Campaign_2024_0055,2024-04-12,2024-10-23,TikTok Ads,South America,88864,83121,11265,43651.24,83318.23,Youth,Services,Mobile,2024,H1_2024,194,4,2,4,10,False,0.935373,0.135525,0.908725,1.908725,0.525153,491.21399,3.874944,1.002373,7.396203,39666.99,0.47609,0.126767,0.13552531851156746,7,Summer,1062.139899171768,937.5926134317608,0,2024-07-18 00:00:00,False
2024_0056,Campaign_2024_0056,2024-05-19,2024-08-24,Google Display Network,Europe,85251,36966,25570,48747.28,6375.34,Youth,Home,Mobile,2024,H1_2024,97,5,2,5,8,False,0.433614,0.691717,-0.869216,0.130784,1.318706,571.808894,1.906425,0.172465,0.249329,-42371.94,-6.646224,0.299938,0.691716712654872,7,Summer,733.5515125922276,74.78316969888915,0,2024-07-06 12:00:00,False
2024_0057,Campaign_2024_0057,2024-02-18,2024-09-03,Google Ads,South America,23433,23433,23433,16463.64,112700.63,Youth,Travel,Mobile,2024,H1_2024,198,2,1,2,9,False,1.0,1.0,5.845426,6.845426,0.702584,702.583536,0.702584,4.809484,4.809484,96236.99,0.853917,1.0,1.0,5,New Year,2000.0,4809.483634191099,1,2024-05-27 00:00:00,False
2024_0058,Campaign_2024_0058,2024-04-21,2024-11-27,Email,South America,67344,56722,37471,42356.03,46353.05,Seniors,Clothing,Desktop,2024,H1_2024,220,4,2,4,11,False,0.842273,0.660608,0.094367,1.094367,0.74673,628.950315,1.130368,0.817197,1.237038,3997.020000000004,0.08623,0.556412,0.6606078770142096,8,Summer,1398.684366832977,688.3025956284154,0,2024-08-09 00:00:00,False
2024_0059,Campaign_2024_0059,2024-03-04,2024-12-18,Facebook Ads,South America,29524,1516,1516,44916.49,122548.45,Youth,Electronics,Desktop,2024,H1_2024,289,3,1,3,12,False,0.051348,1.0,1.728362,2.728362,29.628292,1521.355169,29.628292,80.836708,80.836708,77631.95999999999,0.63348,0.051348,1.0,7,New Year,102.69611163798943,4150.80781736892,1,2024-07-26 12:00:00,False
2024_0060,Campaign_2024_0060,2024-04-13,2024-08-04,TikTok Ads,Africa,9904,9904,9904,27524.54,43402.44,Seniors,Home,Desktop,2024,H1_2024,113,4,2,4,8,False,1.0,1.0,0.576863,1.576863,2.779134,2779.133683,2.779134,4.382314,4.382314,15877.900000000001,0.36583,1.0,1.0,6,Summer,2000.0,4382.314216478191,0,2024-06-08 12:00:00,False
2024_0061,Campaign_2024_0061,2024-05-16,2024-10-17,Google Ads,Africa,61361,15343,15343,31521.22,112168.94,Adults,Home,Mobile,2024,H1_2024,154,5,2,5,10,False,0.250045,1.0,2.558522,3.558522,2.054437,513.701211,2.054437,7.310757,7.310757,80647.72,0.718984,0.250045,1.0,8,Summer,500.08963348054954,1828.0168185003506,1,2024-08-01 00:00:00,False
2024_0062,Campaign_2024_0062,2024-01-30,2024-12-09,Facebook Ads,North America,25685,25685,25685,30122.3,17092.48,Seniors,Electronics,Tablet,2024,H1_2024,314,1,1,1,12,False,1.0,1.0,-0.432564,0.567436,1.172758,1172.758419,1.172758,0.665465,0.665465,-13029.82,-0.762313,1.0,1.0,7,New Year,2000.0,665.4654467588086,0,2024-07-05 00:00:00,False
2024_0063,Campaign_2024_0063,2024-01-23,2024-12-02,Google Ads,South America,9483,9483,9483,12739.81,137619.77,Youth,Electronics,Desktop,2024,H1_2024,314,1,1,1,12,False,1.0,1.0,9.802341,10.802341,1.343437,1343.436676,1.343437,14.512261,14.512261,124879.95999999999,0.907427,1.0,1.0,6,New Year,1999.9999999999998,14512.26088790467,1,2024-06-28 00:00:00,False
2024_0064,Campaign_2024_0064,2024-02-18,2024-08-15,Facebook Ads,North America,94274,37436,37436,17775.04,8183.69,Adults,Electronics,Mobile,2024,H1_2024,179,2,1,2,8,False,0.397098,1.0,-0.539597,0.460403,0.474811,188.546577,0.474811,0.218605,0.218605,-9591.350000000002,-1.172008,0.397098,1.0,5,New Year,794.1956424889153,86.80749729511848,0,2024-05-17 12:00:00,False
2024_0065,Campaign_2024_0065,2024-02-15,2024-11-15,TikTok Ads,North America,95182,46966,46966,36917.9,138576.39,Adults,Services,Tablet,2024,H1_2024,274,2,1,2,11,False,0.493434,1.0,2.753637,3.753637,0.786056,387.866403,0.786056,2.950568,2.950568,101658.49000000002,0.733592,0.493434,1.0,7,New Year,986.8672648189784,1455.9096257695785,1,2024-07-01 00:00:00,False
2024_0066,Campaign_2024_0066,2024-04-17,2024-09-10,Facebook Ads,South America,88038,23579,23579,8482.09,146732.92,Youth,Services,Desktop,2024,H1_2024,146,4,2,4,9,False,0.267828,1.0,16.299147,17.299147,0.359731,96.345783,0.359731,6.223034,6.223034,138250.83000000002,0.942194,0.267828,1.0,6,Summer,535.6550580431177,1666.699834162521,1,2024-06-29 00:00:00,False
2024_0067,Campaign_2024_0067,2024-03-06,2024-07-25,Google Ads,North America,23362,9201,9201,31854.27,82784.9,Adults,Travel,Tablet,2024,H1_2024,141,3,1,3,7,False,0.393845,1.0,1.598864,2.598864,3.462044,1363.507833,3.462044,8.997381,8.997381,50930.62999999999,0.615216,0.393845,1.0,5,New Year,787.6894101532404,3543.5707559284306,1,2024-05-15 12:00:00,False
2024_0068,Campaign_2024_0068,2024-01-09,2024-09-09,Facebook Ads,South America,28104,23655,23655,14809.1,39653.99,Adults,Clothing,Mobile,2024,H1_2024,244,1,1,1,9,False,0.841695,1.0,1.677677,2.677677,0.626045,526.939226,0.626045,1.676347,1.676347,24844.89,0.626542,0.841695,1.0,5,New Year,1683.3902647309992,1410.9731710788499,1,2024-05-10 00:00:00,False
2024_0069,Campaign_2024_0069,2024-05-09,2024-10-03,Email,North America,55558,55558,55558,37863.3,40266.17,Seniors,Services,Desktop,2024,H1_2024,147,5,2,5,10,False,1.0,1.0,0.063462,1.063462,0.681509,681.509414,0.681509,0.724759,0.724759,2402.8699999999953,0.059675,1.0,1.0,7,Summer,2000.0,724.7591705964937,0,2024-07-21 12:00:00,False
2024_0070,Campaign_2024_0070,2024-06-10,2024-10-02,Google Ads,Europe,80551,71708,10490,40609.24,115663.65,Youth,Services,Mobile,2024,H1_2024,114,6,2,6,10,False,0.890219,0.146288,1.84821,2.84821,0.566314,504.143214,3.871234,1.612981,11.026087,75054.41,0.648902,0.130228,0.1462877224298544,8,Summer,1020.4466735360206,1435.9058236396816,1,2024-08-06 00:00:00,False
2024_0071,Campaign_2024_0071,2024-06-30,2024-10-20,Email,South America,31410,31410,31410,10931.1,63323.99,Seniors,Services,Mobile,2024,H1_2024,112,6,2,6,10,False,1.0,1.0,4.793012,5.793012,0.348013,348.013372,0.348013,2.016046,2.016046,52392.89,0.827378,1.0,1.0,8,Summer,2000.0,2016.0455269022605,1,2024-08-25 00:00:00,False
2024_0072,Campaign_2024_0072,2024-02-15,2024-11-06,TikTok Ads,Africa,47880,47880,17535,36074.04,137511.83,Adults,Home,Tablet,2024,H1_2024,265,2,1,2,11,False,1.0,0.366228,2.811933,3.811933,0.753426,753.426065,2.057259,2.87201,7.842135,101437.78999999998,0.737666,0.366228,0.36622807017543857,6,New Year,1366.2280701754385,2872.009816207184,1,2024-06-26 12:00:00,False
2024_0073,Campaign_2024_0073,2024-03-05,2024-12-23,Email,Africa,17295,17295,17295,5346.04,122290.25,Youth,Electronics,Tablet,2024,H1_2024,293,3,1,3,12,False,1.0,1.0,21.874922,22.874922,0.309109,309.108991,0.309109,7.070844,7.070844,116944.21,0.956284,1.0,1.0,7,New Year,1999.9999999999998,7070.844174616941,1,2024-07-29 12:00:00,False
2024_0074,Campaign_2024_0074,2024-05-20,2024-07-22,Facebook Ads,Africa,78422,78422,143,42205.58,31709.38,Adults,Home,Desktop,2024,H1_2024,63,5,2,5,7,False,1.0,0.001823,-0.248692,0.751308,0.538185,538.185458,295.143916,0.404343,221.743916,-10496.2,-0.331012,0.001823,0.0018234679044145776,6,Summer,1001.8234679044147,404.34291397822045,0,2024-06-20 12:00:00,False
2024_0075,Campaign_2024_0075,2024-06-30,2024-07-10,Google Display Network,Africa,72722,35292,16271,21467.06,86065.35,Youth,Clothing,Mobile,2024,H1_2024,10,6,2,6,7,False,0.4853,0.461039,3.009182,4.009182,0.60827,295.193477,1.319345,2.438665,5.289494,64598.29000000001,0.750573,0.223742,0.46103932902640826,7,Summer,709.0426555925305,1183.484365116471,1,2024-07-05 00:00:00,False
2024_0076,Campaign_2024_0076,2024-01-08,2024-10-01,TikTok Ads,Asia,78826,30733,30733,15401.89,102973.3,Seniors,Home,Mobile,2024,H1_2024,267,1,1,1,10,False,0.389884,1.0,5.685757,6.685757,0.501152,195.390988,0.501152,3.350578,3.350578,87571.41,0.850428,0.389884,1.0,5,New Year,779.7680968208459,1306.3367416842161,1,2024-05-20 12:00:00,False
2024_0077,Campaign_2024_0077,2024-06-27,2024-12-02,Google Ads,Europe,44351,44351,44351,31965.27,130581.86,Seniors,Travel,Mobile,2024,H1_2024,158,6,2,6,12,False,1.0,1.0,3.085117,4.085117,0.720734,720.733918,0.720734,2.944282,2.944282,98616.59,0.755209,1.0,1.0,9,Summer,2000.0,2944.2822033325065,1,2024-09-14 00:00:00,False
2024_0078,Campaign_2024_0078,2024-05-19,2024-10-10,Google Display Network,Europe,87119,74138,57254,11800.66,128714.44,Adults,Services,Mobile,2024,H1_2024,144,5,2,5,10,False,0.850997,0.772263,9.907393,10.907393,0.159172,135.454493,0.206111,1.736147,2.24813,116913.78,0.908319,0.657193,0.7722625374301978,7,Summer,1508.1899470838737,1477.4554345205984,1,2024-07-30 00:00:00,False
2024_0079,Campaign_2024_0079,2024-06-27,2024-07-06,Google Ads,Europe,18756,2688,2688,19440.95,64373.82,Youth,Services,Tablet,2024,H1_2024,9,6,2,6,7,False,0.143314,1.0,2.311249,3.311249,7.232496,1036.518981,7.232496,23.948594,23.948594,44932.869999999995,0.697999,0.143314,1.0,7,Summer,286.62827895073576,3432.1721049264233,1,2024-07-01 12:00:00,False
2024_0080,Campaign_2024_0080,2024-05-02,2024-10-03,TikTok Ads,Asia,25282,25282,25282,20616.39,50428.46,Adults,Services,Tablet,2024,H1_2024,154,5,2,5,10,False,1.0,1.0,1.446037,2.446037,0.815457,815.457242,0.815457,1.994639,1.994639,29812.07,0.591175,1.0,1.0,7,Summer,2000.0,1994.6388735068429,0,2024-07-18 00:00:00,False
2024_0081,Campaign_2024_0081,2024-03-03,2024-07-04,Email,North America,80191,80191,28603,9099.68,12246.64,Seniors,Clothing,Tablet,2024,H1_2024,123,3,1,3,7,False,1.0,0.356686,0.345832,1.345832,0.113475,113.475078,0.318137,0.152718,0.428159,3146.959999999999,0.256965,0.356686,0.3566859123841828,5,New Year,1356.6859123841828,152.71838485615592,0,2024-05-03 12:00:00,False
2024_0082,Campaign_2024_0082,2024-02-29,2024-09-22,Facebook Ads,South America,22700,20480,20480,1917.52,111297.05,Seniors,Services,Mobile,2024,H1_2024,206,2,1,2,9,False,0.902203,1.0,57.042185,58.042185,0.093629,84.472247,0.093629,5.434426,5.434426,109379.53,0.982771,0.902203,1.0,6,New Year,1804.4052863436125,4902.953744493392,1,2024-06-11 00:00:00,False
2024_0083,Campaign_2024_0083,2024-01-14,2024-12-15,Google Display Network,South America,33270,33270,3723,45298.7,91840.72,Youth,Travel,Tablet,2024,H1_2024,336,1,1,1,12,False,1.0,0.111903,1.027447,2.027447,1.361548,1361.547941,12.167258,2.760466,24.668472,46542.020000000004,0.506769,0.111903,0.11190261496844003,6,New Year,1111.9026149684398,2760.4664863240155,0,2024-06-30 00:00:00,False
2024_0084,Campaign_2024_0084,2024-05-10,2024-08-15,Email,Africa,37226,37226,5411,1796.48,142780.9,Adults,Electronics,Mobile,2024,H1_2024,97,5,2,5,8,False,1.0,0.145355,78.478146,79.478146,0.048259,48.258744,0.332005,3.835515,26.387156,140984.41999999998,0.987418,0.145355,0.1453553967657014,6,Summer,1145.3553967657015,3835.515499919411,1,2024-06-27 12:00:00,False
2024_0085,Campaign_2024_0085,2024-04-28,2024-07-18,Email,Asia,15624,15624,15624,16948.29,76580.61,Youth,Travel,Desktop,2024,H1_2024,81,4,2,4,7,False,1.0,1.0,3.518486,4.518486,1.08476,1084.759985,1.08476,4.901473,4.901473,59632.32,0.778687,1.0,1.0,6,Summer,2000.0,4901.472734254992,1,2024-06-07 12:00:00,False
2024_0086,Campaign_2024_0086,2024-03-28,2024-09-12,Facebook Ads,Asia,65108,31669,31669,32731.36,113911.85,Youth,Clothing,Desktop,2024,H1_2024,168,3,1,3,9,False,0.486407,1.0,2.480205,3.480205,1.033546,502.724089,1.033546,3.596951,3.596951,81180.49,0.712661,0.486407,1.0,6,New Year,972.8144006880874,1749.5830005529274,1,2024-06-20 00:00:00,False
2024_0087,Campaign_2024_0087,2024-05-28,2024-07-10,Google Ads,South America,62554,34917,5707,2023.97,59038.87,Seniors,Services,Tablet,2024,H1_2024,43,5,2,5,7,False,0.55819,0.163445,28.169835,29.169835,0.057965,32.355565,0.354647,1.690835,10.344992,57014.9,0.965718,0.091233,0.16344474038434,6,Summer,649.4228986155961,943.8064712088756,1,2024-06-18 12:00:00,False
2024_0088,Campaign_2024_0088,2024-04-15,2024-07-19,Email,South America,88539,10917,10917,43961.61,114904.1,Seniors,Electronics,Mobile,2024,H1_2024,95,4,2,4,7,False,0.123302,1.0,1.613737,2.613737,4.026895,496.522549,4.026895,10.525245,10.525245,70942.49,0.617406,0.123302,1.0,6,Summer,246.603191813777,1297.779509594642,1,2024-06-01 12:00:00,False
2024_0089,Campaign_2024_0089,2024-04-14,2024-11-16,Email,South America,94451,78382,77426,25441.23,123340.35,Seniors,Electronics,Mobile,2024,H1_2024,216,4,2,4,11,False,0.829869,0.987803,3.84805,4.84805,0.32458,269.359033,0.328588,1.57358,1.593009,97899.12000000001,0.793731,0.819748,0.9878033221913194,7,Summer,1649.6172618606474,1305.8660045949753,1,2024-07-31 00:00:00,False
2024_0090,Campaign_2024_0090,2024-01-23,2024-09-06,Facebook Ads,South America,50736,5497,5497,34082.7,52283.47,Seniors,Services,Tablet,2024,H1_2024,227,1,1,1,9,False,0.108345,1.0,0.534018,1.534018,6.200236,671.76561,6.200236,9.511273,9.511273,18200.770000000004,0.348117,0.108345,1.0,5,New Year,216.69031851151058,1030.5004336171555,0,2024-05-15 12:00:00,False
2024_0091,Campaign_2024_0091,2024-05-03,2024-07-22,Google Ads,Africa,17897,17897,17897,8872.23,54024.49,Youth,Electronics,Desktop,2024,H1_2024,80,5,2,5,7,False,1.0,1.0,5.089167,6.089167,0.495738,495.738392,0.495738,3.018634,3.018634,45152.259999999995,0.835774,1.0,1.0,6,Summer,2000.0000000000002,3018.6338492484774,1,2024-06-12 00:00:00,False
2024_0092,Campaign_2024_0092,2024-03-28,2024-10-20,TikTok Ads,North America,76205,74598,7526,2269.31,54056.03,Adults,Travel,Desktop,2024,H1_2024,206,3,1,3,10,False,0.978912,0.100887,22.82047,23.82047,0.030421,29.779017,0.301529,0.724631,7.182571,51786.72,0.958019,0.09876,0.10088742325531516,7,New Year,1077.6720687618922,709.3501738731054,1,2024-07-09 00:00:00,False
2024_0093,Campaign_2024_0093,2024-02-28,2024-09-21,Facebook Ads,South America,83543,14014,14014,10376.18,62558.31,Youth,Services,Tablet,2024,H1_2024,206,2,1,2,9,False,0.167746,1.0,5.029031,6.029031,0.740415,124.201669,0.740415,4.463987,4.463987,52182.13,0.834136,0.167746,1.0,6,New Year,335.4919023736279,748.8156996995558,1,2024-06-10 00:00:00,False
2024_0094,Campaign_2024_0094,2024-01-04,2024-07-13,Google Display Network,South America,43912,43912,43912,5575.35,5470.89,Seniors,Travel,Mobile,2024,H1_2024,191,1,1,1,7,False,1.0,1.0,-0.018736,0.981264,0.126966,126.966433,0.126966,0.124588,0.124588,-104.46000000000004,-0.019094,1.0,1.0,4,New Year,2000.0,124.58758425942796,0,2024-04-08 12:00:00,False
2024_0095,Campaign_2024_0095,2024-03-08,2024-08-31,Google Ads,Asia,18987,18987,18987,33196.89,48440.78,Seniors,Services,Mobile,2024,H1_2024,176,3,1,3,8,False,1.0,1.0,0.459196,1.459196,1.748401,1748.401011,1.748401,2.55126,2.55126,15243.89,0.314691,1.0,1.0,6,New Year,2000.0000000000002,2551.260336019382,0,2024-06-04 00:00:00,False
2024_0096,Campaign_2024_0096,2024-04-30,2024-12-01,Email,Europe,58575,49705,49705,37149.7,63918.27,Youth,Clothing,Tablet,2024,H1_2024,215,4,2,4,12,False,0.84857,1.0,0.72056,1.72056,0.747404,634.224499,0.747404,1.285953,1.285953,26768.57,0.418794,0.84857,1.0,8,Summer,1697.1404182671788,1091.2209987195902,0,2024-08-15 12:00:00,False
2024_0097,Campaign_2024_0097,2024-06-19,2024-12-10,TikTok Ads,Europe,53308,6615,6615,48088.62,55350.28,Seniors,Electronics,Desktop,2024,H1_2024,174,6,2,6,12,False,0.12409,1.0,0.151006,1.151006,7.269633,902.090118,7.269633,8.367389,8.367389,7261.659999999996,0.131195,0.12409,1.0,9,Summer,248.18038568319952,1038.3109477001576,0,2024-09-14 00:00:00,False
2024_0098,Campaign_2024_0098,2024-01-12,2024-11-19,TikTok Ads,North America,94840,23100,23100,46270.63,75066.3,Youth,Electronics,Desktop,2024,H1_2024,312,1,1,1,11,False,0.243568,1.0,0.622331,1.622331,2.003058,487.880957,2.003058,3.249623,3.249623,28795.670000000006,0.383603,0.243568,1.0,6,New Year,487.1362294390552,791.5046393926614,0,2024-06-16 00:00:00,False
2024_0099,Campaign_2024_0099,2024-06-24,2024-07-08,Email,Asia,19432,19432,19432,37961.9,37528.49,Adults,Electronics,Tablet,2024,H1_2024,14,6,2,6,7,False,1.0,1.0,-0.011417,0.988583,1.953577,1953.576575,1.953577,1.931273,1.931273,-433.4100000000035,-0.011549,1.0,1.0,7,Summer,2000.0000000000002,1931.272643062989,0,2024-07-01 00:00:00,False
2024_0100,Campaign_2024_0100,2024-03-31,2024-08-01,Facebook Ads,Europe,42621,25388,25388,11894.72,78284.98,Youth,Electronics,Mobile,2024,H1_2024,123,3,1,3,8,False,0.595669,1.0,5.58149,6.58149,0.468517,279.081204,0.468517,3.083543,3.083543,66390.26,0.848059,0.595669,1.0,5,New Year,1191.3376035287768,1836.7701367870297,1,2024-05-31 12:00:00,False
2024_0101,Campaign_2024_0101,2024-03-10,2024-09-01,Google Ads,Asia,77690,20765,972,7313.92,125391.48,Adults,Travel,Mobile,2024,H1_2024,175,3,1,3,9,False,0.26728,0.04681,16.144224,17.144224,0.352223,94.142361,7.524609,6.038598,129.00358,118077.56,0.941671,0.012511,0.04680953527570431,6,New Year,279.79147895482043,1613.997683099498,1,2024-06-05 12:00:00,False
2024_0102,Campaign_2024_0102,2024-06-25,2024-10-21,Google Ads,Europe,90959,76161,33798,48257.43,5272.76,Adults,Clothing,Desktop,2024,H1_2024,118,6,2,6,10,False,0.837311,0.44377,-0.890737,0.109263,0.633624,530.540463,1.427819,0.069232,0.156008,-42984.67,-8.152214,0.371574,0.44377043368653246,8,Summer,1208.885321958245,57.9685352741345,0,2024-08-23 00:00:00,False
2024_0103,Campaign_2024_0103,2024-02-21,2024-11-10,Facebook Ads,Europe,79512,37017,37017,23673.34,71707.02,Seniors,Travel,Tablet,2024,H1_2024,263,2,1,2,11,False,0.465552,1.0,2.02902,3.02902,0.639526,297.732921,0.639526,1.937138,1.937138,48033.68000000001,0.66986,0.465552,1.0,7,New Year,931.1047389073348,901.8389677029883,1,2024-07-01 12:00:00,False
2024_0104,Campaign_2024_0104,2024-03-06,2024-12-17,Facebook Ads,Asia,51590,12020,12020,35428.91,79171.61,Seniors,Services,Desktop,2024,H1_2024,286,3,1,3,12,False,0.232991,1.0,1.234661,2.234661,2.947497,686.739872,2.947497,6.586656,6.586656,43742.7,0.552505,0.232991,1.0,7,New Year,465.98177941461523,1534.630936227951,0,2024-07-27 00:00:00,False
2024_0105,Campaign_2024_0105,2024-03-24,2024-08-07,Google Ads,Europe,54266,54266,24516,32620.12,111500.87,Youth,Travel,Desktop,2024,H1_2024,136,3,1,3,8,False,1.0,0.451775,2.418162,3.418162,0.601115,601.115247,1.330565,2.05471,4.548086,78880.75,0.707445,0.451775,0.4517745918254524,5,New Year,1451.7745918254525,2054.7095787417534,1,2024-05-31 00:00:00,False
2024_0106,Campaign_2024_0106,2024-02-21,2024-09-12,Email,Europe,22019,22019,22019,21808.97,143445.39,Seniors,Services,Mobile,2024,H1_2024,204,2,1,2,9,False,1.0,1.0,5.577357,6.577357,0.990461,990.46142,0.990461,6.514619,6.514619,121636.42000000001,0.847963,1.0,1.0,6,New Year,2000.0000000000002,6514.618738362325,1,2024-06-02 00:00:00,False
2024_0107,Campaign_2024_0107,2024-05-17,2024-12-19,Google Display Network,Europe,10809,10809,10809,11187.52,65839.31,Adults,Electronics,Tablet,2024,H1_2024,216,5,2,5,12,False,1.0,1.0,4.885067,5.885067,1.035019,1035.018966,1.035019,6.091156,6.091156,54651.78999999999,0.830078,1.0,1.0,9,Summer,2000.0000000000002,6091.156443704321,1,2024-09-02 00:00:00,False
2024_0108,Campaign_2024_0108,2024-06-05,2024-08-19,Google Display Network,North America,94788,4798,1461,34522.34,10366.83,Seniors,Home,Mobile,2024,H1_2024,75,6,2,6,8,False,0.050618,0.304502,-0.699707,0.300293,7.195152,364.205807,23.629254,2.160657,7.095708,-24155.509999999995,-2.330077,0.015413,0.30450187578157567,7,Summer,66.03156517702664,109.36859096088112,0,2024-07-12 12:00:00,False
2024_0109,Campaign_2024_0109,2024-06-19,2024-09-07,Facebook Ads,Africa,52502,52502,50784,41739.78,123578.08,Adults,Home,Mobile,2024,H1_2024,80,6,2,6,9,False,1.0,0.967277,1.960679,2.960679,0.795013,795.013142,0.821908,2.353779,2.433406,81838.3,0.66224,0.967277,0.9672774370500171,7,Summer,1967.277437050017,2353.7785227229438,1,2024-07-29 00:00:00,False
2024_0110,Campaign_2024_0110,2024-04-16,2024-11-14,Email,Africa,16444,9218,9218,35273.01,12088.56,Youth,Travel,Tablet,2024,H1_2024,212,4,2,4,11,False,0.560569,1.0,-0.657286,0.342714,3.826536,2145.038312,3.826536,1.311408,1.311408,-23184.450000000004,-1.917884,0.560569,1.0,7,Summer,1121.1384091461932,735.1350036487473,0,2024-07-31 00:00:00,False
2024_0111,Campaign_2024_0111,2024-06-09,2024-11-26,Google Display Network,Asia,49817,44350,39192,25376.46,33290.64,Youth,Travel,Desktop,2024,H1_2024,170,6,2,6,11,False,0.890258,0.883698,0.311871,1.311871,0.572186,509.393581,0.647491,0.750634,0.849424,7914.18,0.23773,0.786719,0.8836978579481398,9,Summer,1676.977738522994,668.2586265732581,0,2024-09-02 00:00:00,False
2024_0112,Campaign_2024_0112,2024-01-07,2024-09-10,Email,South America,7933,7933,7933,31074.62,86877.76,Seniors,Clothing,Mobile,2024,H1_2024,247,1,1,1,9,False,1.0,1.0,1.795779,2.795779,3.917133,3917.133493,3.917133,10.951438,10.951438,55803.14,0.642318,1.0,1.0,5,New Year,2000.0,10951.438295726712,1,2024-05-09 12:00:00,False
2024_0113,Campaign_2024_0113,2024-01-29,2024-10-04,Email,South America,28357,28357,28357,24388.5,112430.24,Seniors,Home,Mobile,2024,H1_2024,249,1,1,1,10,False,1.0,1.0,3.609969,4.609969,0.860052,860.052192,0.860052,3.964814,3.964814,88041.74,0.783079,1.0,1.0,6,New Year,2000.0,3964.8143315583457,1,2024-06-01 12:00:00,False
2024_0114,Campaign_2024_0114,2024-02-01,2024-07-18,Facebook Ads,Europe,35311,13948,13948,27322.8,67622.58,Seniors,Electronics,Tablet,2024,H1_2024,168,2,1,2,7,False,0.395004,1.0,1.474951,2.474951,1.958905,773.775877,1.958905,4.848192,4.848192,40299.78,0.595952,0.395004,1.0,4,New Year,790.008779133981,1915.0570643708759,0,2024-04-25 00:00:00,False
2024_0115,Campaign_2024_0115,2024-04-21,2024-08-07,TikTok Ads,North America,31276,31276,31276,33695.06,122138.76,Seniors,Travel,Desktop,2024,H1_2024,108,4,2,4,8,False,1.0,1.0,2.624827,3.624827,1.077346,1077.345568,1.077346,3.905191,3.905191,88443.7,0.724125,1.0,1.0,6,Summer,2000.0,3905.1912009208336,1,2024-06-14 00:00:00,False
2024_0116,Campaign_2024_0116,2024-01-13,2024-09-08,Email,Africa,51002,51002,51002,38362.7,67795.03,Adults,Clothing,Desktop,2024,H1_2024,239,1,1,1,9,False,1.0,1.0,0.767212,1.767212,0.75218,752.180307,0.75218,1.329262,1.329262,29432.33,0.434137,1.0,1.0,5,New Year,2000.0,1329.2621857966353,0,2024-05-11 12:00:00,False
2024_0117,Campaign_2024_0117,2024-05-21,2024-07-31,Google Ads,Asia,66439,66439,46952,44047.3,73708.67,Seniors,Home,Desktop,2024,H1_2024,71,5,2,5,7,False,1.0,0.706693,0.673398,1.673398,0.662974,662.973555,0.938135,1.109419,1.569873,29661.369999999995,0.402414,0.706693,0.7066933578169449,6,Summer,1706.693357816945,1109.4187149114225,0,2024-06-25 12:00:00,False
2024_0118,Campaign_2024_0118,2024-05-24,2024-10-28,Facebook Ads,Europe,61987,54979,24377,37782.75,65641.22,Seniors,Travel,Tablet,2024,H1_2024,157,5,2,5,10,False,0.886944,0.443387,0.737333,1.737333,0.687221,609.526998,1.549934,1.193933,2.692752,27858.47,0.424405,0.39326,0.4433874752178104,8,Summer,1280.2039137238453,1058.9513930340233,0,2024-08-10 12:00:00,False
2024_0119,Campaign_2024_0119,2024-03-15,2024-11-13,Facebook Ads,Asia,63426,32954,32954,9590.93,101601.69,Seniors,Clothing,Mobile,2024,H1_2024,243,3,1,3,11,False,0.519566,1.0,9.593518,10.593518,0.29104,151.214486,0.29104,3.083137,3.083137,92010.76000000001,0.905603,0.519566,1.0,7,New Year,1039.1322170718634,1601.8933875697662,1,2024-07-14 12:00:00,False
2024_0120,Campaign_2024_0120,2024-01-24,2024-12-30,Google Ads,Europe,92474,62392,49481,19574.73,1700.68,Adults,Electronics,Mobile,2024,H1_2024,341,1,1,1,12,False,0.674698,0.793066,-0.913119,0.086881,0.313738,211.678201,0.395601,0.027258,0.03437,-17874.05,-10.509943,0.53508,0.7930664187716374,7,New Year,1209.7778835132037,18.390899063520557,0,2024-07-12 12:00:00,False
2024_0121,Campaign_2024_0121,2024-01-11,2024-11-17,TikTok Ads,Europe,62235,62235,49576,20544.27,83798.07,Seniors,Electronics,Desktop,2024,H1_2024,311,1,1,1,11,False,1.0,0.796594,3.078902,4.078902,0.330108,330.107978,0.4144,1.346478,1.690295,63253.8,0.754836,0.796594,0.7965935566803246,6,New Year,1796.5935566803246,1346.478187515064,1,2024-06-14 12:00:00,False
2024_0122,Campaign_2024_0122,2024-05-01,2024-10-29,Email,Europe,5937,5937,5937,31136.07,4468.49,Adults,Clothing,Tablet,2024,H1_2024,181,5,2,5,10,False,1.0,1.0,-0.856485,0.143515,5.244411,5244.411319,5.244411,0.752651,0.752651,-26667.58,-5.967918,1.0,1.0,7,Summer,2000.0,752.6511706248947,0,2024-07-30 12:00:00,False
2024_0123,Campaign_2024_0123,2024-05-19,2024-11-17,Google Ads,Europe,23458,23458,23458,22839.47,62149.76,Youth,Clothing,Mobile,2024,H1_2024,182,5,2,5,11,False,1.0,1.0,1.721156,2.721156,0.973632,973.632449,0.973632,2.649406,2.649406,39310.29,0.632509,1.0,1.0,8,Summer,2000.0000000000002,2649.405746440447,1,2024-08-18 00:00:00,False
2024_0124,Campaign_2024_0124,2024-05-26,2024-10-01,TikTok Ads,Asia,68033,31287,31287,27710.97,110189.77,Seniors,Services,Mobile,2024,H1_2024,128,5,2,5,10,False,0.45988,1.0,2.976395,3.976395,0.885702,407.316596,0.885702,3.521903,3.521903,82478.8,0.748516,0.45988,1.0,7,Summer,919.7595284641277,1619.6517866329575,1,2024-07-29 00:00:00,False
2024_0125,Campaign_2024_0125,2024-06-06,2024-11-09,Google Ads,North America,44001,44001,44001,36063.77,87120.59,Youth,Services,Tablet,2024,H1_2024,156,6,2,6,11,False,1.0,1.0,1.415737,2.415737,0.819613,819.612509,0.819613,1.979968,1.979968,51056.82,0.586048,1.0,1.0,8,Summer,2000.0,1979.968409808868,0,2024-08-23 00:00:00,False
2024_0126,Campaign_2024_0126,2024-04-05,2024-10-08,TikTok Ads,Europe,78472,12198,12198,39477.41,59864.11,Youth,Electronics,Desktop,2024,H1_2024,186,4,2,4,10,False,0.155444,1.0,0.516414,1.516414,3.236384,503.076384,3.236384,4.907699,4.907699,20386.699999999997,0.34055,0.155444,1.0,7,Summer,310.88796003670103,762.8722346824345,0,2024-07-07 00:00:00,False
2024_0127,Campaign_2024_0127,2024-02-21,2024-12-04,Facebook Ads,North America,80182,59020,42435,23734.28,130679.27,Adults,Clothing,Tablet,2024,H1_2024,287,2,1,2,12,False,0.736075,0.718994,4.505929,5.505929,0.40214,296.005088,0.559309,2.214152,3.079516,106944.99,0.818378,0.529233,0.7189935615045747,7,New Year,1265.3089222019905,1629.7831184056272,1,2024-07-13 12:00:00,False
2024_0128,Campaign_2024_0128,2024-06-12,2024-08-22,TikTok Ads,Africa,9644,9644,9644,21383.04,41819.4,Youth,Travel,Mobile,2024,H1_2024,71,6,2,6,8,False,1.0,1.0,0.955728,1.955728,2.217238,2217.237661,2.217238,4.336313,4.336313,20436.36,0.488681,1.0,1.0,7,Summer,2000.0,4336.312733305683,0,2024-07-17 12:00:00,False
2024_0129,Campaign_2024_0129,2024-04-26,2024-10-03,Facebook Ads,North America,54824,54824,51037,37089.91,52050.17,Youth,Clothing,Mobile,2024,H1_2024,160,4,2,4,10,False,1.0,0.930924,0.403351,1.403351,0.676527,676.526886,0.726726,0.949405,1.019852,14960.259999999995,0.28742,0.930924,0.9309244126659857,7,Summer,1930.9244126659858,949.4048227053845,0,2024-07-15 00:00:00,False
2024_0130,Campaign_2024_0130,2024-02-17,2024-09-02,TikTok Ads,North America,22417,22417,22417,6834.33,89173.86,Seniors,Travel,Desktop,2024,H1_2024,198,2,1,2,9,False,1.0,1.0,12.04793,13.04793,0.304873,304.872641,0.304873,3.977957,3.977957,82339.53,0.923359,1.0,1.0,5,New Year,1999.9999999999998,3977.9569077039746,1,2024-05-26 00:00:00,False
2024_0131,Campaign_2024_0131,2024-01-21,2024-12-27,Facebook Ads,South America,69801,69801,33688,24661.21,11666.86,Youth,Travel,Mobile,2024,H1_2024,341,1,1,1,12,False,1.0,0.482629,-0.526915,0.473085,0.353307,353.307402,0.732047,0.167145,0.346321,-12994.349999999999,-1.113783,0.482629,0.48262918869357174,7,New Year,1482.6291886935717,167.14459678228107,0,2024-07-09 12:00:00,False
2024_0132,Campaign_2024_0132,2024-01-15,2024-09-20,Google Ads,South America,72769,72769,9147,32501.46,29828.73,Adults,Clothing,Desktop,2024,H1_2024,249,1,1,1,9,False,1.0,0.125699,-0.082234,0.917766,0.446639,446.638816,3.553237,0.40991,3.26104,-2672.7299999999996,-0.089603,0.125699,0.1256991301240913,5,New Year,1125.6991301240912,409.90985172257416,0,2024-05-18 12:00:00,False
2024_0133,Campaign_2024_0133,2024-01-06,2024-07-16,Google Display Network,South America,94650,22078,14288,33316.34,87126.15,Seniors,Travel,Tablet,2024,H1_2024,192,1,1,1,7,False,0.233259,0.64716,1.615118,2.615118,1.509029,351.99514,2.331771,3.946288,6.097855,53809.81,0.617608,0.150956,0.6471600688468159,4,New Year,384.21553090332804,920.5087163232962,1,2024-04-11 00:00:00,False
2024_0134,Campaign_2024_0134,2024-06-29,2024-08-24,Google Display Network,Europe,1034,1034,1034,32804.99,3769.04,Adults,Travel,Desktop,2024,H1_2024,56,6,2,6,8,False,1.0,1.0,-0.885108,0.114892,31.726296,31726.295938,31.726296,3.645106,3.645106,-29035.949999999997,-7.703805,1.0,1.0,7,Summer,2000.0,3645.106382978723,0,2024-07-27 00:00:00,False
2024_0135,Campaign_2024_0135,2024-03-01,2024-07-13,Email,South America,12442,12442,11615,1987.84,21422.34,Youth,Electronics,Mobile,2024,H1_2024,134,3,1,3,7,False,1.0,0.933532,9.776692,10.776692,0.159769,159.768526,0.171144,1.721776,1.844368,19434.5,0.907207,0.933532,0.933531586561646,5,New Year,1933.531586561646,1721.7762417617746,1,2024-05-07 00:00:00,False
2024_0136,Campaign_2024_0136,2024-03-09,2024-12-16,TikTok Ads,Africa,80268,13926,13926,13069.69,125753.69,Seniors,Services,Desktop,2024,H1_2024,282,3,1,3,12,False,0.173494,1.0,8.621781,9.621781,0.93851,162.825659,0.93851,9.030137,9.030137,112684.0,0.896069,0.173494,1.0,7,New Year,346.9875915682464,1566.672771216425,1,2024-07-28 00:00:00,False
2024_0137,Campaign_2024_0137,2024-06-19,2024-07-12,TikTok Ads,Europe,15849,15849,15849,16342.01,35962.05,Youth,Home,Tablet,2024,H1_2024,23,6,2,6,7,False,1.0,1.0,1.200589,2.200589,1.031107,1031.106694,1.031107,2.269042,2.269042,19620.04,0.545576,1.0,1.0,6,Summer,2000.0,2269.042210865039,0,2024-06-30 12:00:00,False
2024_0138,Campaign_2024_0138,2024-04-25,2024-12-15,Email,Asia,1823,1823,1823,26172.28,104675.99,Youth,Travel,Tablet,2024,H1_2024,234,4,2,4,12,False,1.0,1.0,2.999498,3.999498,14.356709,14356.708722,14.356709,57.419632,57.419632,78503.71,0.749969,1.0,1.0,8,Summer,2000.0,57419.63247394405,1,2024-08-20 00:00:00,False
2024_0139,Campaign_2024_0139,2024-04-28,2024-09-13,TikTok Ads,Africa,77511,38355,18391,29397.78,120767.73,Adults,Clothing,Mobile,2024,H1_2024,138,4,2,4,9,False,0.494833,0.479494,3.108056,4.108056,0.766465,379.272361,1.598487,3.148683,6.566676,91369.95,0.756576,0.23727,0.47949419893103895,7,Summer,732.1025402846049,1558.072144598831,1,2024-07-06 00:00:00,False
2024_0140,Campaign_2024_0140,2024-02-28,2024-10-31,Google Ads,Africa,61118,14959,14959,19727.71,66860.69,Youth,Services,Mobile,2024,H1_2024,246,2,1,2,10,False,0.244756,1.0,2.389176,3.389176,1.318785,322.780687,1.318785,4.469596,4.469596,47132.98,0.704943,0.244756,1.0,6,New Year,489.5120913642462,1093.9606989757517,1,2024-06-30 00:00:00,False
2024_0141,Campaign_2024_0141,2024-01-05,2024-11-02,TikTok Ads,North America,20107,20107,11477,13381.28,58169.62,Seniors,Clothing,Mobile,2024,H1_2024,302,1,1,1,11,False,1.0,0.570796,3.347089,4.347089,0.665504,665.503556,1.165921,2.893003,5.068365,44788.340000000004,0.769961,0.570796,0.5707962401153827,6,New Year,1570.7962401153827,2893.0034316407223,1,2024-06-04 00:00:00,False
2024_0142,Campaign_2024_0142,2024-01-26,2024-08-20,Email,North America,24066,24066,24066,33050.91,1773.52,Adults,Clothing,Mobile,2024,H1_2024,207,1,1,1,8,False,1.0,1.0,-0.94634,0.05366,1.373345,1373.344552,1.373345,0.073694,0.073694,-31277.390000000003,-17.63577,1.0,1.0,5,New Year,2000.0,73.69400814426993,0,2024-05-08 12:00:00,False
2024_0143,Campaign_2024_0143,2024-05-26,2024-11-13,TikTok Ads,Europe,7856,2115,2115,14737.25,123731.68,Adults,Electronics,Mobile,2024,H1_2024,171,5,2,5,11,False,0.269221,1.0,7.395846,8.395846,6.967967,1875.922862,6.967967,58.501976,58.501976,108994.43,0.880893,0.269221,1.0,8,Summer,538.4419551934827,15749.959266802443,1,2024-08-19 12:00:00,False
2024_0144,Campaign_2024_0144,2024-04-28,2024-12-04,Google Display Network,Europe,28182,28182,28182,22855.51,90529.88,Youth,Clothing,Mobile,2024,H1_2024,220,4,2,4,12,False,1.0,1.0,2.960965,3.960965,0.810997,810.996736,0.810997,3.21233,3.21233,67674.37000000001,0.747536,1.0,1.0,8,Summer,2000.0,3212.3298559364134,1,2024-08-16 00:00:00,False
2024_0145,Campaign_2024_0145,2024-01-07,2024-11-02,TikTok Ads,North America,29601,29601,29601,20691.4,14137.71,Youth,Home,Mobile,2024,H1_2024,300,1,1,1,11,False,1.0,1.0,-0.316735,0.683265,0.69901,699.010169,0.69901,0.477609,0.477609,-6553.690000000002,-0.463561,1.0,1.0,6,New Year,2000.0,477.6092023918111,0,2024-06-05 00:00:00,False
2024_0146,Campaign_2024_0146,2024-03-28,2024-09-13,Email,South America,49895,49895,10716,22939.89,9886.91,Adults,Electronics,Desktop,2024,H1_2024,169,3,1,3,9,False,1.0,0.214771,-0.569008,0.430992,0.459763,459.763303,2.140714,0.198154,0.922631,-13052.98,-1.320228,0.214771,0.21477101914019442,6,New Year,1214.7710191401943,198.15432408056918,0,2024-06-20 12:00:00,False
2024_0147,Campaign_2024_0147,2024-01-14,2024-10-10,Google Ads,North America,47080,39762,39762,39923.48,115651.13,Adults,Travel,Desktop,2024,H1_2024,270,1,1,1,10,False,0.844562,1.0,1.89682,2.89682,1.004061,847.992353,1.004061,2.908584,2.908584,75727.65,0.654794,0.844562,1.0,5,New Year,1689.124893797791,2456.481096006797,1,2024-05-28 00:00:00,False
2024_0148,Campaign_2024_0148,2024-02-22,2024-07-03,Email,Asia,15145,15145,15145,20544.82,84973.49,Youth,Electronics,Desktop,2024,H1_2024,132,2,1,2,7,False,1.0,1.0,3.136006,4.136006,1.356541,1356.541433,1.356541,5.610663,5.610663,64428.670000000006,0.758221,1.0,1.0,4,New Year,2000.0,5610.662925057775,1,2024-04-28 00:00:00,False
2024_0149,Campaign_2024_0149,2024-06-04,2024-11-09,Facebook Ads,Europe,11254,11254,11254,22989.17,103809.73,Seniors,Travel,Mobile,2024,H1_2024,158,6,2,6,11,False,1.0,1.0,3.515593,4.515593,2.042755,2042.755465,2.042755,9.224252,9.224252,80820.56,0.778545,1.0,1.0,8,Summer,2000.0,9224.251821574551,1,2024-08-22 00:00:00,False
2024_0150,Campaign_2024_0150,2024-03-10,2024-08-26,Google Display Network,Africa,17540,17540,718,32400.27,23642.58,Seniors,Home,Mobile,2024,H1_2024,169,3,1,3,8,False,1.0,0.040935,-0.270297,0.729703,1.847222,1847.221779,45.125724,1.347924,32.928384,-8757.689999999999,-0.37042,0.040935,0.04093500570125427,6,New Year,1040.9350057012543,1347.9236031927026,0,2024-06-02 12:00:00,False
2024_0151,Campaign_2024_0151,2024-06-01,2024-09-06,Facebook Ads,South America,44556,13001,13001,4404.83,91832.88,Adults,Travel,Tablet,2024,H1_2024,97,6,2,6,9,False,0.29179,1.0,19.848223,20.848223,0.338807,98.860535,0.338807,7.063524,7.063524,87428.05,0.952034,0.29179,1.0,7,Summer,583.5802136637042,2061.066523027202,1,2024-07-19 12:00:00,False
2024_0152,Campaign_2024_0152,2024-04-06,2024-10-20,Google Ads,Europe,48365,48365,48365,24397.58,144122.78,Youth,Home,Desktop,2024,H1_2024,197,4,2,4,10,False,1.0,1.0,4.907257,5.907257,0.504447,504.447017,0.504447,2.979898,2.979898,119725.2,0.830717,1.0,1.0,7,Summer,2000.0,2979.8982735449185,1,2024-07-13 12:00:00,False
2024_0153,Campaign_2024_0153,2024-01-27,2024-11-22,TikTok Ads,South America,8913,8913,8913,39498.89,40660.68,Youth,Travel,Tablet,2024,H1_2024,300,1,1,1,11,False,1.0,1.0,0.029413,1.029413,4.431604,4431.604398,4.431604,4.561952,4.561952,1161.7900000000009,0.028573,1.0,1.0,6,New Year,2000.0,4561.952204644901,0,2024-06-25 00:00:00,False
2024_0154,Campaign_2024_0154,2024-03-18,2024-07-06,TikTok Ads,North America,51020,51020,6825,39924.82,79449.28,Adults,Electronics,Desktop,2024,H1_2024,110,3,1,3,7,False,1.0,0.133771,0.989972,1.989972,0.782533,782.532732,5.84979,1.557218,11.64092,39524.46,0.49748,0.133771,0.13377107016856135,5,New Year,1133.7710701685612,1557.2183457467659,0,2024-05-12 00:00:00,False
2024_0155,Campaign_2024_0155,2024-05-26,2024-08-30,Email,Asia,53055,43869,43869,49431.96,102409.66,Adults,Clothing,Desktop,2024,H1_2024,96,5,2,5,8,False,0.826859,1.0,1.07173,2.07173,1.126808,931.71162,1.126808,2.334443,2.334443,52977.700000000004,0.517312,0.826859,1.0,7,Summer,1653.717839977382,1930.2546414098579,0,2024-07-13 00:00:00,False
2024_0156,Campaign_2024_0156,2024-01-08,2024-12-04,TikTok Ads,Europe,32624,24163,24163,4051.33,81946.58,Youth,Clothing,Tablet,2024,H1_2024,331,1,1,1,12,False,0.740651,1.0,19.227081,20.227081,0.167667,124.182504,0.167667,3.391408,3.391408,77895.25,0.950561,0.740651,1.0,6,New Year,1481.3021088769003,2511.8495586071604,1,2024-06-21 12:00:00,False
2024_0157,Campaign_2024_0157,2024-06-04,2024-07-27,Email,Asia,78562,45270,33530,7340.96,112069.73,Youth,Home,Mobile,2024,H1_2024,53,6,2,6,7,False,0.576233,0.740667,14.266359,15.266359,0.162159,93.441613,0.218937,2.475585,3.342372,104728.76999999999,0.934496,0.426797,0.740667108460349,6,Summer,1003.0294544436242,1426.51319976579,1,2024-06-30 12:00:00,False
2024_0158,Campaign_2024_0158,2024-02-20,2024-10-28,Email,Asia,92313,27404,26550,30507.29,2913.44,Youth,Home,Desktop,2024,H1_2024,251,2,1,2,10,False,0.29686,0.968837,-0.9045,0.0955,1.113242,330.476639,1.14905,0.106314,0.109734,-27593.850000000002,-9.471226,0.287608,0.9688366661801197,6,New Year,584.4680597532308,31.56045194068008,0,2024-06-24 12:00:00,False
2024_0159,Campaign_2024_0159,2024-06-11,2024-10-15,Google Display Network,South America,41421,12068,12068,9621.44,54900.75,Adults,Clothing,Desktop,2024,H1_2024,126,6,2,6,10,False,0.29135,1.0,4.706085,5.706085,0.797269,232.284107,0.797269,4.549283,4.549283,45279.31,0.824748,0.29135,1.0,8,Summer,582.6995968228676,1325.4327515028608,1,2024-08-13 00:00:00,False
2024_0160,Campaign_2024_0160,2024-01-24,2024-12-21,Facebook Ads,Asia,11211,10151,10151,10170.17,21821.31,Youth,Home,Mobile,2024,H1_2024,332,1,1,1,12,False,0.90545,1.0,1.145619,2.145619,1.001888,907.159932,1.001888,2.149671,2.149671,11651.140000000001,0.533934,0.90545,1.0,7,New Year,1810.900008919811,1946.4195879047365,0,2024-07-08 00:00:00,False
2024_0161,Campaign_2024_0161,2024-04-06,2024-08-10,Email,South America,44194,44194,44194,24760.49,24090.06,Youth,Electronics,Mobile,2024,H1_2024,126,4,2,4,8,False,1.0,1.0,-0.027077,0.972923,0.560268,560.268136,0.560268,0.545098,0.545098,-670.4300000000003,-0.02783,1.0,1.0,6,Summer,1999.9999999999998,545.0979771009639,0,2024-06-08 00:00:00,False
2024_0162,Campaign_2024_0162,2024-02-10,2024-10-16,TikTok Ads,Europe,5353,5353,5353,38232.58,121952.18,Youth,Clothing,Mobile,2024,H1_2024,249,2,1,2,10,False,1.0,1.0,2.189745,3.189745,7.142272,7142.271623,7.142272,22.782025,22.782025,83719.59999999999,0.686495,1.0,1.0,6,New Year,2000.0,22782.02503269195,1,2024-06-13 12:00:00,False
2024_0163,Campaign_2024_0163,2024-06-06,2024-11-05,Email,Europe,69321,50268,50268,29500.15,45740.81,Youth,Travel,Desktop,2024,H1_2024,152,6,2,6,11,False,0.725148,1.0,0.550528,1.550528,0.586857,425.558633,0.586857,0.909939,0.909939,16240.659999999996,0.355058,0.725148,1.0,8,Summer,1450.2964469641236,659.8405966445954,0,2024-08-21 00:00:00,False
2024_0164,Campaign_2024_0164,2024-01-25,2024-09-07,TikTok Ads,Africa,36061,36061,36061,6385.39,106730.42,Seniors,Home,Desktop,2024,H1_2024,226,1,1,1,9,False,1.0,1.0,15.714785,16.714785,0.177072,177.071906,0.177072,2.959719,2.959719,100345.03,0.940173,1.0,1.0,5,New Year,2000.0,2959.718809794515,1,2024-05-17 00:00:00,False
2024_0165,Campaign_2024_0165,2024-01-11,2024-12-10,Google Ads,South America,51716,51716,25601,7794.19,113626.41,Adults,Clothing,Desktop,2024,H1_2024,334,1,1,1,12,False,1.0,0.495031,13.578347,14.578347,0.150711,150.711385,0.304449,2.197123,4.438358,105832.22,0.931405,0.495031,0.49503055147343183,6,New Year,1495.0305514734318,2197.122940676,1,2024-06-26 00:00:00,False
2024_0166,Campaign_2024_0166,2024-03-07,2024-08-04,Google Display Network,South America,72472,47272,23492,3126.27,118267.03,Youth,Travel,Tablet,2024,H1_2024,150,3,1,3,8,False,0.65228,0.496954,36.830075,37.830075,0.066134,43.137626,0.133078,2.501841,5.034353,115140.76,0.973566,0.324153,0.49695379928921984,5,New Year,976.4322772932995,1631.8996302020091,1,2024-05-21 00:00:00,False
2024_0167,Campaign_2024_0167,2024-02-19,2024-08-17,Email,Africa,84261,84261,27099,30772.06,47259.17,Adults,Services,Tablet,2024,H1_2024,180,2,1,2,8,False,1.0,0.321608,0.535782,1.535782,0.365199,365.199321,1.135542,0.560866,1.743945,16487.109999999997,0.348866,0.321608,0.3216078612881404,5,New Year,1321.6078612881404,560.8664744069024,0,2024-05-19 00:00:00,False
2024_0168,Campaign_2024_0168,2024-05-16,2024-08-09,Email,North America,35797,32947,32947,22316.22,142390.94,Seniors,Home,Tablet,2024,H1_2024,85,5,2,5,8,False,0.920384,1.0,5.380603,6.380603,0.677337,623.410342,0.677337,4.321818,4.321818,120074.72,0.843275,0.920384,1.0,6,Summer,1840.7687795066627,3977.7338883146635,1,2024-06-27 12:00:00,False
2024_0169,Campaign_2024_0169,2024-06-02,2024-07-23,TikTok Ads,Africa,60316,37658,25534,17544.22,61417.15,Seniors,Home,Mobile,2024,H1_2024,51,6,2,6,7,False,0.624345,0.67805,2.500706,3.500706,0.465883,290.871742,0.687093,1.630919,2.405309,43872.93,0.714343,0.423337,0.6780498167720006,6,Summer,1047.6822070429073,1018.2563498905763,1,2024-06-27 12:00:00,False
2024_0170,Campaign_2024_0170,2024-01-31,2024-07-15,TikTok Ads,Asia,90021,12811,12811,16078.5,56861.99,Adults,Clothing,Desktop,2024,H1_2024,166,1,1,1,7,False,0.142311,1.0,2.536523,3.536523,1.255054,178.608325,1.255054,4.438529,4.438529,40783.49,0.717236,0.142311,1.0,4,New Year,284.6224769775941,631.6525033047844,1,2024-04-23 00:00:00,False
2024_0171,Campaign_2024_0171,2024-06-11,2024-11-08,TikTok Ads,South America,68847,65651,3270,31439.76,55231.51,Seniors,Travel,Tablet,2024,H1_2024,150,6,2,6,11,False,0.953578,0.049809,0.756741,1.756741,0.478892,456.661292,9.614606,0.84129,16.89037,23791.750000000004,0.430764,0.047497,0.04980883764146776,8,Summer,1001.074847124784,802.2355367699392,0,2024-08-25 00:00:00,False
2024_0172,Campaign_2024_0172,2024-04-01,2024-10-19,Google Display Network,South America,16347,16347,12306,2690.97,69454.47,Adults,Services,Mobile,2024,H1_2024,201,4,2,4,10,False,1.0,0.752799,24.810199,25.810199,0.164616,164.615526,0.218671,4.248759,5.643952,66763.5,0.961256,0.752799,0.7527986786566342,7,Summer,1752.7986786566341,4248.759405395485,1,2024-07-10 12:00:00,False
2024_0173,Campaign_2024_0173,2024-02-29,2024-08-10,Facebook Ads,South America,6275,6275,6275,9891.82,113525.23,Youth,Clothing,Mobile,2024,H1_2024,163,2,1,2,8,False,1.0,1.0,10.476678,11.476678,1.576386,1576.385657,1.576386,18.09167,18.09167,103633.41,0.912867,1.0,1.0,5,New Year,2000.0,18091.67011952191,1,2024-05-20 12:00:00,False
2024_0174,Campaign_2024_0174,2024-01-04,2024-07-26,Facebook Ads,Africa,66660,19949,19949,8977.43,39251.59,Seniors,Clothing,Tablet,2024,H1_2024,204,1,1,1,7,False,0.299265,1.0,3.372252,4.372252,0.450019,134.674917,0.450019,1.967597,1.967597,30274.159999999996,0.771285,0.299265,1.0,4,New Year,598.5298529852986,588.8327332733273,1,2024-04-15 00:00:00,False
2024_0175,Campaign_2024_0175,2024-04-06,2024-10-31,Google Ads,South America,59026,55837,29663,30954.95,134634.47,Seniors,Travel,Desktop,2024,H1_2024,208,4,2,4,10,False,0.945973,0.531243,3.349368,4.349368,0.554381,524.429065,1.043554,2.411205,4.538802,103679.52,0.770082,0.502541,0.5312427243584004,7,Summer,1448.5142140751532,2280.9350116897635,1,2024-07-19 00:00:00,False
2024_0176,Campaign_2024_0176,2024-06-02,2024-12-17,Facebook Ads,Africa,1245,1245,1245,1254.23,6625.14,Seniors,Travel,Mobile,2024,H1_2024,198,6,2,6,12,False,1.0,1.0,4.282237,5.282237,1.007414,1007.413655,1.007414,5.321398,5.321398,5370.91,0.810686,1.0,1.0,9,Summer,1999.9999999999998,5321.3975903614455,1,2024-09-09 00:00:00,False
2024_0177,Campaign_2024_0177,2024-01-11,2024-12-27,Google Display Network,South America,78322,46245,17023,19086.78,114801.97,Youth,Clothing,Mobile,2024,H1_2024,351,1,1,1,12,False,0.590447,0.368105,5.014737,6.014737,0.412732,243.696279,1.121235,2.482473,6.743933,95715.19,0.833742,0.217346,0.36810465996323927,7,New Year,807.7934679911136,1465.7691325553485,1,2024-07-04 12:00:00,False
2024_0178,Campaign_2024_0178,2024-02-13,2024-10-03,Google Ads,South America,48577,48577,48577,45357.52,102521.6,Adults,Clothing,Tablet,2024,H1_2024,233,2,1,2,10,False,1.0,1.0,1.2603,2.2603,0.933724,933.72419,0.933724,2.110497,2.110497,57164.08000000001,0.557581,1.0,1.0,6,New Year,2000.0,2110.4967371389753,0,2024-06-08 12:00:00,False
2024_0179,Campaign_2024_0179,2024-04-15,2024-07-17,TikTok Ads,Asia,76900,113,113,41907.91,117303.6,Seniors,Electronics,Mobile,2024,H1_2024,93,4,2,4,7,False,0.001469,1.0,1.79908,2.79908,370.86646,544.96632,370.86646,1038.084956,1038.084956,75395.69,0.64274,0.001469,1.0,5,Summer,2.9388816644993496,1525.4044213263978,1,2024-05-31 12:00:00,False
2024_0180,Campaign_2024_0180,2024-02-29,2024-10-11,TikTok Ads,Europe,29957,29957,1981,20490.22,37587.12,Youth,Clothing,Mobile,2024,H1_2024,225,2,1,2,10,False,1.0,0.066128,0.834393,1.834393,0.683988,683.987716,10.343372,1.254702,18.973811,17096.9,0.454861,0.066128,0.06612811696765364,6,New Year,1066.1281169676536,1254.7024067830557,0,2024-06-20 12:00:00,False
2024_0181,Campaign_2024_0181,2024-04-11,2024-08-14,TikTok Ads,Europe,35891,35891,17280,22232.38,108983.33,Youth,Travel,Mobile,2024,H1_2024,125,4,2,4,8,False,1.0,0.481458,3.902009,4.902009,0.619442,619.441643,1.286596,3.036509,6.306906,86750.95,0.796002,0.481458,0.48145774706750993,6,Summer,1481.4577470675101,3036.5085954696165,1,2024-06-12 12:00:00,False
2024_0182,Campaign_2024_0182,2024-04-26,2024-10-01,Email,North America,51122,51122,44704,42688.08,37358.56,Youth,Travel,Desktop,2024,H1_2024,158,4,2,4,10,False,1.0,0.874457,-0.124848,0.875152,0.835024,835.023669,0.954905,0.730773,0.835687,-5329.520000000004,-0.142659,0.874457,0.8744571808614686,7,Summer,1874.4571808614687,730.772661476468,0,2024-07-14 00:00:00,False
2024_0183,Campaign_2024_0183,2024-03-24,2024-07-30,Facebook Ads,Africa,85915,5869,5869,31461.46,51707.62,Adults,Electronics,Desktop,2024,H1_2024,128,3,1,3,7,False,0.068312,1.0,0.643523,1.643523,5.360617,366.192865,5.360617,8.810295,8.810295,20246.160000000003,0.391551,0.068312,1.0,5,New Year,136.6234068556131,601.846243380085,0,2024-05-27 00:00:00,False
2024_0184,Campaign_2024_0184,2024-06-15,2024-08-22,Google Display Network,South America,73368,3219,3219,1956.42,2385.0,Adults,Clothing,Mobile,2024,H1_2024,68,6,2,6,8,False,0.043875,1.0,0.219063,1.219063,0.607773,26.665849,0.607773,0.740913,0.740913,428.5799999999999,0.179698,0.043875,1.0,7,Summer,87.74942754334316,32.507360157016684,0,2024-07-19 00:00:00,False
2024_0185,Campaign_2024_0185,2024-01-09,2024-12-25,Email,Asia,30824,9177,9177,41906.07,135525.68,Adults,Services,Tablet,2024,H1_2024,351,1,1,1,12,False,0.297723,1.0,2.234035,3.234035,4.566424,1359.527316,4.566424,14.767972,14.767972,93619.60999999999,0.690789,0.297723,1.0,7,New Year,595.4451077082792,4396.758370101219,1,2024-07-02 12:00:00,False
2024_0186,Campaign_2024_0186,2024-04-05,2024-07-20,Facebook Ads,South America,91009,37502,37502,10158.96,38297.09,Seniors,Electronics,Desktop,2024,H1_2024,106,4,2,4,7,False,0.412069,1.0,2.769785,3.769785,0.270891,111.625883,0.270891,1.021201,1.021201,28138.129999999997,0.734733,0.412069,1.0,5,Summer,824.1382720390291,420.8055247283235,1,2024-05-28 00:00:00,False
2024_0187,Campaign_2024_0187,2024-01-26,2024-08-18,Facebook Ads,Asia,8073,8073,8073,14667.59,74289.17,Youth,Home,Tablet,2024,H1_2024,205,1,1,1,8,False,1.0,1.0,4.064852,5.064852,1.81687,1816.869813,1.81687,9.202176,9.202176,59621.58,0.802561,1.0,1.0,5,New Year,2000.0,9202.17639043726,1,2024-05-07 12:00:00,False
2024_0188,Campaign_2024_0188,2024-05-15,2024-09-04,TikTok Ads,Europe,69281,61341,61341,22622.78,107433.43,Adults,Travel,Mobile,2024,H1_2024,112,5,2,5,9,False,0.885394,1.0,3.748905,4.748905,0.368804,326.536568,0.368804,1.751413,1.751413,84810.65,0.789425,0.885394,1.0,7,Summer,1770.7885278792164,1550.6910985695931,1,2024-07-10 00:00:00,False
2024_0189,Campaign_2024_0189,2024-05-23,2024-11-10,Google Display Network,North America,23206,4626,4626,6065.15,15652.46,Seniors,Electronics,Tablet,2024,H1_2024,171,5,2,5,11,False,0.199345,1.0,1.580721,2.580721,1.3111,261.361286,1.3111,3.383584,3.383584,9587.31,0.612511,0.199345,1.0,8,Summer,398.6899939670775,674.5005601999483,0,2024-08-16 12:00:00,False
2024_0190,Campaign_2024_0190,2024-04-15,2024-08-17,Google Ads,Europe,84428,55776,53365,34065.31,28315.72,Adults,Services,Tablet,2024,H1_2024,124,4,2,4,8,False,0.660634,0.956774,-0.168781,0.831219,0.610752,403.48356,0.638346,0.507669,0.530605,-5749.5899999999965,-0.203053,0.632077,0.9567735226620768,6,Summer,1292.710948974274,335.3830482778225,0,2024-06-16 00:00:00,False
2024_0191,Campaign_2024_0191,2024-02-07,2024-08-20,Google Ads,Africa,2389,789,789,43900.57,145929.84,Seniors,Clothing,Tablet,2024,H1_2024,195,2,1,2,8,False,0.330264,1.0,2.324099,3.324099,55.640773,18376.128087,55.640773,184.955437,184.955437,102029.26999999999,0.699167,0.330264,1.0,5,New Year,660.5274173294266,61084.06864796986,1,2024-05-14 12:00:00,False
2024_0192,Campaign_2024_0192,2024-05-28,2024-11-24,Google Display Network,Europe,91285,43468,39422,25415.7,42505.66,Seniors,Electronics,Desktop,2024,H1_2024,180,5,2,5,11,False,0.476179,0.90692,0.672417,1.672417,0.584699,278.421427,0.644709,0.977861,1.078222,17089.960000000003,0.402063,0.431856,0.9069200331278182,8,Summer,908.0352741414252,465.63685161855733,0,2024-08-26 00:00:00,False
2024_0193,Campaign_2024_0193,2024-01-08,2024-08-20,TikTok Ads,Africa,14646,14646,14646,45806.68,109586.81,Adults,Home,Desktop,2024,H1_2024,225,1,1,1,8,False,1.0,1.0,1.392376,2.392376,3.12759,3127.589786,3.12759,7.482371,7.482371,63780.13,0.582006,1.0,1.0,4,New Year,2000.0,7482.371295916973,0,2024-04-29 12:00:00,False
2024_0194,Campaign_2024_0194,2024-01-26,2024-11-15,Google Ads,Europe,31287,8485,8485,9663.14,82819.7,Adults,Home,Tablet,2024,H1_2024,294,1,1,1,11,False,0.271199,1.0,7.570682,8.570682,1.13885,308.854796,1.13885,9.760719,9.760719,73156.56,0.883323,0.271199,1.0,6,New Year,542.3978010036118,2647.0962380541437,1,2024-06-21 00:00:00,False
2024_0195,Campaign_2024_0195,2024-01-24,2024-08-13,TikTok Ads,South America,63858,29394,16118,26043.87,102095.57,Seniors,Electronics,Desktop,2024,H1_2024,202,1,1,1,8,False,0.460303,0.548343,2.920138,3.920138,0.886027,407.840365,1.615825,3.473347,6.334258,76051.70000000001,0.744907,0.252404,0.5483431992923726,5,New Year,712.706317141157,1598.7905978890665,1,2024-05-04 00:00:00,False
2024_0196,Campaign_2024_0196,2024-06-03,2024-08-24,Google Ads,Africa,70537,57768,13556,39908.67,48235.91,Adults,Clothing,Mobile,2024,H1_2024,82,6,2,6,8,False,0.818974,0.234663,0.208657,1.208657,0.690844,565.78349,2.943986,0.834994,3.55827,8327.240000000005,0.172636,0.192183,0.23466278908738403,7,Summer,1011.157264981499,683.8384110466847,0,2024-07-14 00:00:00,False
2024_0197,Campaign_2024_0197,2024-01-19,2024-07-28,Email,North America,7568,7568,7568,14338.1,102570.36,Adults,Travel,Mobile,2024,H1_2024,191,1,1,1,7,False,1.0,1.0,6.153693,7.153693,1.894569,1894.569239,1.894569,13.553166,13.553166,88232.26,0.860212,1.0,1.0,4,New Year,2000.0,13553.165961945033,1,2024-04-23 12:00:00,False
2024_0198,Campaign_2024_0198,2024-01-23,2024-10-01,TikTok Ads,Asia,18471,18471,17621,24469.16,4695.3,Adults,Services,Mobile,2024,H1_2024,252,1,1,1,10,False,1.0,0.953982,-0.808114,0.191886,1.324734,1324.733907,1.388636,0.254198,0.26646,-19773.86,-4.211416,0.953982,0.9539819176005631,5,New Year,1953.981917600563,254.19847328244276,0,2024-05-28 00:00:00,False
2024_0199,Campaign_2024_0199,2024-02-18,2024-07-31,Google Ads,South America,66269,53793,53793,7662.47,128905.25,Adults,Electronics,Mobile,2024,H1_2024,164,2,1,2,7,False,0.811737,1.0,15.822937,16.822937,0.142444,115.626764,0.142444,2.39632,2.39632,121242.78,0.940557,0.811737,1.0,5,New Year,1623.4740225444777,1945.1817591935896,1,2024-05-10 00:00:00,False
2024_0200,Campaign_2024_0200,2024-02-14,2024-12-12,Email,North America,16993,16993,16993,30732.43,138060.79,Seniors,Home,Mobile,2024,H1_2024,302,2,1,2,12,False,1.0,1.0,3.492349,4.492349,1.808535,1808.534691,1.808535,8.124568,8.124568,107328.36000000002,0.777399,1.0,1.0,7,New Year,2000.0000000000002,8124.56835167422,1,2024-07-14 00:00:00,False
2024_0201,Campaign_2024_0201,2024-04-03,2024-07-30,Google Ads,South America,65603,57656,57656,24534.05,77800.05,Seniors,Travel,Mobile,2024,H1_2024,118,4,2,4,7,False,0.878862,1.0,2.171105,3.171105,0.425525,373.977562,0.425525,1.349383,1.349383,53266.0,0.684653,0.878862,1.0,6,Summer,1757.724494306663,1185.9221377071171,1,2024-06-01 00:00:00,False
2024_0202,Campaign_2024_0202,2024-06-24,2024-10-28,Facebook Ads,South America,51243,25215,25215,30217.31,24841.11,Seniors,Clothing,Desktop,2024,H1_2024,126,6,2,6,10,False,0.492067,1.0,-0.177918,0.822082,1.198386,589.686591,1.198386,0.985172,0.985172,-5376.200000000001,-0.216424,0.492067,1.0,8,Summer,984.1344183595808,484.77079796264854,0,2024-08-26 00:00:00,False
2024_0203,Campaign_2024_0203,2024-05-27,2024-10-19,Email,South America,85012,34490,34490,4262.58,66617.31,Adults,Services,Tablet,2024,H1_2024,145,5,2,5,10,False,0.405707,1.0,14.628401,15.628401,0.123589,50.140921,0.123589,1.931496,1.931496,62354.729999999996,0.936014,0.405707,1.0,8,Summer,811.4148590787183,783.6224297746201,1,2024-08-07 12:00:00,False
2024_0204,Campaign_2024_0204,2024-04-29,2024-07-06,Email,South America,19473,4991,4991,49789.28,78863.79,Seniors,Services,Mobile,2024,H1_2024,68,4,2,4,7,False,0.256304,1.0,0.583951,1.583951,9.975812,2556.836646,9.975812,15.8012,15.8012,29074.509999999995,0.368667,0.256304,1.0,6,Summer,512.6071997124224,4049.904483130488,0,2024-06-02 00:00:00,False
2024_0205,Campaign_2024_0205,2024-03-19,2024-11-08,Google Ads,North America,65115,63248,31157,24088.86,75215.76,Seniors,Home,Desktop,2024,H1_2024,234,3,1,3,11,False,0.971328,0.492616,2.122429,3.122429,0.380864,369.943331,0.773144,1.18922,2.414089,51126.899999999994,0.679737,0.478492,0.49261636731596253,7,New Year,1449.8195500268757,1155.121861322276,1,2024-07-14 00:00:00,False
2024_0206,Campaign_2024_0206,2024-01-04,2024-11-14,Google Display Network,Asia,3605,305,305,2605.67,15754.45,Adults,Electronics,Desktop,2024,H1_2024,315,1,1,1,11,False,0.084605,1.0,5.046218,6.046218,8.54318,722.793343,8.54318,51.653934,51.653934,13148.78,0.834607,0.084605,1.0,6,New Year,169.20943134535366,4370.166435506241,1,2024-06-09 12:00:00,False
2024_0207,Campaign_2024_0207,2024-04-22,2024-11-14,TikTok Ads,North America,48835,37355,37355,36834.44,147765.9,Seniors,Electronics,Tablet,2024,H1_2024,206,4,2,4,11,False,0.764923,1.0,3.011623,4.011623,0.986065,754.263131,0.986065,3.955719,3.955719,110931.45999999999,0.750724,0.764923,1.0,8,Summer,1529.8453977679942,3025.8195966007984,1,2024-08-03 00:00:00,False
2024_0208,Campaign_2024_0208,2024-01-14,2024-08-06,Email,Asia,54487,5628,5628,26622.69,148220.68,Youth,Home,Mobile,2024,H1_2024,205,1,1,1,8,False,0.103291,1.0,4.567457,5.567457,4.7304,488.606273,4.7304,26.336297,26.336297,121597.98999999999,0.820385,0.103291,1.0,4,New Year,206.58138638574337,2720.2943821462,1,2024-04-25 12:00:00,False
2024_0209,Campaign_2024_0209,2024-06-14,2024-07-15,TikTok Ads,Asia,2120,2120,2120,1071.55,88689.84,Seniors,Services,Desktop,2024,H1_2024,31,6,2,6,7,False,1.0,1.0,81.767804,82.767804,0.505448,505.448113,0.505448,41.83483,41.83483,87618.29,0.987918,1.0,1.0,6,Summer,2000.0,41834.83018867924,1,2024-06-29 12:00:00,False
2024_0210,Campaign_2024_0210,2024-03-28,2024-12-13,Facebook Ads,Europe,20064,6809,6809,30681.67,44439.17,Adults,Home,Mobile,2024,H1_2024,260,3,1,3,12,False,0.339364,1.0,0.448395,1.448395,4.506046,1529.190092,4.506046,6.526534,6.526534,13757.5,0.30958,0.339364,1.0,8,New Year,678.7280701754386,2214.87091307815,0,2024-08-05 00:00:00,False
2024_0211,Campaign_2024_0211,2024-03-08,2024-10-26,Google Ads,Asia,55545,55545,28705,45595.44,47747.85,Adults,Travel,Desktop,2024,H1_2024,232,3,1,3,10,False,1.0,0.516788,0.047207,1.047207,0.820874,820.873886,1.588415,0.859625,1.663398,2152.409999999996,0.045079,0.516788,0.5167881897560537,7,New Year,1516.7881897560535,859.6246286794491,0,2024-07-02 00:00:00,False
2024_0212,Campaign_2024_0212,2024-04-15,2024-08-08,Google Ads,Africa,26657,24736,24736,30248.78,18614.08,Youth,Home,Mobile,2024,H1_2024,115,4,2,4,8,False,0.927936,1.0,-0.384634,0.615366,1.222865,1134.740593,1.222865,0.75251,0.75251,-11634.699999999997,-0.625048,0.927936,1.0,6,Summer,1855.872753873279,698.2811269085043,0,2024-06-11 12:00:00,False
2024_0213,Campaign_2024_0213,2024-03-25,2024-12-01,Email,Africa,61857,13272,13272,41729.66,74160.42,Adults,Home,Tablet,2024,H1_2024,251,3,1,3,12,False,0.214559,1.0,0.777163,1.777163,3.144188,674.614999,3.144188,5.587735,5.587735,32430.759999999995,0.437306,0.214559,1.0,7,New Year,429.11877394636014,1198.901013628207,0,2024-07-28 12:00:00,False
2024_0214,Campaign_2024_0214,2024-02-20,2024-08-02,Google Ads,Africa,77143,72140,72140,29172.82,121859.26,Seniors,Services,Desktop,2024,H1_2024,164,2,1,2,8,False,0.935146,1.0,3.177151,4.177151,0.404392,378.165485,0.404392,1.689205,1.689205,92686.44,0.760602,0.935146,1.0,5,New Year,1870.2928327910504,1579.6541487886134,1,2024-05-12 00:00:00,False
2024_0215,Campaign_2024_0215,2024-02-09,2024-10-06,TikTok Ads,South America,86455,22992,22992,18116.14,60106.95,Adults,Clothing,Mobile,2024,H1_2024,240,2,1,2,10,False,0.265942,1.0,2.317867,3.317867,0.787932,209.544156,0.787932,2.614255,2.614255,41990.81,0.698602,0.265942,1.0,6,New Year,531.8836388872824,695.2397200855936,1,2024-06-08 00:00:00,False
2024_0216,Campaign_2024_0216,2024-03-04,2024-09-07,Email,North America,27736,27736,27736,25598.77,143135.65,Adults,Clothing,Tablet,2024,H1_2024,187,3,1,3,9,False,1.0,1.0,4.591505,5.591505,0.922944,922.943828,0.922944,5.160645,5.160645,117536.87999999999,0.821157,1.0,1.0,6,New Year,2000.0,5160.645010095182,1,2024-06-05 12:00:00,False
2024_0217,Campaign_2024_0217,2024-06-24,2024-10-20,Facebook Ads,South America,86138,65226,23319,49908.45,112084.59,Adults,Electronics,Desktop,2024,H1_2024,118,6,2,6,10,False,0.757227,0.357511,1.245804,2.245804,0.765162,579.401077,2.140248,1.718404,4.806578,62176.14,0.554725,0.270717,0.35751080857326833,8,Summer,1027.9435324711508,1301.2211799670295,0,2024-08-22 00:00:00,False
2024_0218,Campaign_2024_0218,2024-01-13,2024-10-10,Facebook Ads,Europe,6278,6278,6278,8598.39,86058.75,Adults,Home,Tablet,2024,H1_2024,271,1,1,1,10,False,1.0,1.0,9.008705,10.008705,1.369607,1369.606563,1.369607,13.707988,13.707988,77460.36,0.900087,1.0,1.0,5,New Year,2000.0000000000002,13707.988212806627,1,2024-05-27 12:00:00,False
2024_0219,Campaign_2024_0219,2024-03-24,2024-07-25,Google Ads,Africa,39765,39765,39765,43539.34,12626.41,Youth,Home,Mobile,2024,H1_2024,123,3,1,3,7,False,1.0,1.0,-0.71,0.29,1.094916,1094.916132,1.094916,0.317526,0.317526,-30912.929999999997,-2.448275,1.0,1.0,5,New Year,2000.0,317.52571356720733,0,2024-05-24 12:00:00,False
2024_0220,Campaign_2024_0220,2024-05-09,2024-07-18,TikTok Ads,North America,34647,28192,28192,2942.5,80340.07,Adults,Home,Mobile,2024,H1_2024,70,5,2,5,7,False,0.813692,1.0,26.303337,27.303337,0.104374,84.927988,0.104374,2.849747,2.849747,77397.57,0.963374,0.813692,1.0,6,Summer,1627.3847663578376,2318.8175022368464,1,2024-06-13 00:00:00,False
2024_0221,Campaign_2024_0221,2024-01-26,2024-08-26,Google Ads,South America,62959,43750,18798,38676.55,83882.28,Youth,Electronics,Mobile,2024,H1_2024,213,1,1,1,8,False,0.694897,0.429669,1.168815,2.168815,0.884035,614.313283,2.057482,1.917309,4.462298,45205.729999999996,0.538919,0.298575,0.42966857142857146,5,New Year,993.4719420575294,1332.3318350037325,0,2024-05-11 12:00:00,False
2024_0222,Campaign_2024_0222,2024-04-10,2024-10-18,Facebook Ads,South America,97818,77059,28497,37731.09,80608.73,Adults,Clothing,Mobile,2024,H1_2024,191,4,2,4,10,False,0.787779,0.369808,1.136401,2.136401,0.489639,385.727473,1.324037,1.046065,2.828674,42877.64,0.531923,0.291327,0.36980755005904564,7,Summer,1079.1060949927416,824.0684741049704,0,2024-07-14 12:00:00,False
2024_0223,Campaign_2024_0223,2024-03-24,2024-10-03,Google Ads,Asia,5389,5389,5389,6683.98,65756.0,Youth,Home,Mobile,2024,H1_2024,193,3,1,3,10,False,1.0,1.0,8.837851,9.837851,1.240301,1240.300612,1.240301,12.201893,12.201893,59072.020000000004,0.898352,1.0,1.0,6,New Year,2000.0,12201.892744479495,1,2024-06-28 12:00:00,False
2024_0224,Campaign_2024_0224,2024-03-12,2024-08-29,Email,North America,36155,20919,20919,34335.19,34580.42,Adults,Clothing,Mobile,2024,H1_2024,170,3,1,3,8,False,0.578592,1.0,0.007142,1.007142,1.64134,949.666436,1.64134,1.653063,1.653063,245.22999999999593,0.007092,0.578592,1.0,6,New Year,1157.184345180473,956.4491771539206,0,2024-06-05 00:00:00,False
2024_0225,Campaign_2024_0225,2024-03-23,2024-08-07,Google Ads,North America,67808,22024,20419,17803.62,148414.81,Adults,Clothing,Mobile,2024,H1_2024,137,3,1,3,8,False,0.324799,0.927125,7.336215,8.336215,0.808374,262.559285,0.871914,6.738776,7.268466,130611.19,0.880041,0.30113,0.9271249545949873,5,New Year,625.9290939122227,2188.7507373761205,1,2024-05-30 12:00:00,False
2024_0226,Campaign_2024_0226,2024-05-24,2024-09-24,Email,South America,64702,42541,42541,32436.13,22900.08,Adults,Clothing,Tablet,2024,H1_2024,123,5,2,5,9,False,0.657491,1.0,-0.293995,0.706005,0.762468,501.315724,0.762468,0.538306,0.538306,-9536.05,-0.41642,0.657491,1.0,7,Summer,1314.9825353157553,353.9315631665173,0,2024-07-24 12:00:00,False
2024_0227,Campaign_2024_0227,2024-06-11,2024-08-26,TikTok Ads,Europe,57093,42755,42755,18260.22,52040.43,Youth,Services,Desktop,2024,H1_2024,76,6,2,6,8,False,0.748866,1.0,1.849934,2.849934,0.42709,319.832904,0.42709,1.217178,1.217178,33780.21,0.649115,0.748866,1.0,7,Summer,1497.7317709701713,911.5028112027744,1,2024-07-19 00:00:00,False
2024_0228,Campaign_2024_0228,2024-01-23,2024-09-18,Google Display Network,North America,17256,17256,11979,43366.63,130229.29,Seniors,Electronics,Tablet,2024,H1_2024,239,1,1,1,9,False,1.0,0.694193,2.002984,3.002984,2.513133,2513.133403,3.620221,7.546899,10.871466,86862.66,0.666998,0.694193,0.6941933240611962,5,New Year,1694.193324061196,7546.899049605934,1,2024-05-21 12:00:00,False
2024_0229,Campaign_2024_0229,2024-03-10,2024-07-10,Google Display Network,Europe,67308,47004,47004,36864.69,137172.29,Youth,Home,Desktop,2024,H1_2024,122,3,1,3,7,False,0.698342,1.0,2.720967,3.720967,0.784288,547.701462,0.784288,2.918311,2.918311,100307.6,0.731253,0.698342,1.0,5,New Year,1396.6839008735958,2037.978992096036,1,2024-05-10 00:00:00,False
2024_0230,Campaign_2024_0230,2024-01-19,2024-10-24,Google Display Network,South America,96123,41953,41296,5493.34,111502.87,Adults,Services,Mobile,2024,H1_2024,279,1,1,1,10,False,0.436451,0.98434,19.297828,20.297828,0.13094,57.149069,0.133024,2.657804,2.700089,106009.53,0.950734,0.429616,0.9843396181441136,6,New Year,866.067434432966,1160.001976634104,1,2024-06-06 12:00:00,False
2024_0231,Campaign_2024_0231,2024-04-24,2024-11-24,Email,South America,84793,19567,19567,17740.93,2166.54,Youth,Electronics,Tablet,2024,H1_2024,214,4,2,4,11,False,0.230762,1.0,-0.877879,0.122121,0.906676,209.226351,0.906676,0.110724,0.110724,-15574.39,-7.1886,0.230762,1.0,8,Summer,461.5239465521918,25.550929911667236,0,2024-08-09 00:00:00,False
2024_0232,Campaign_2024_0232,2024-03-14,2024-11-25,Google Display Network,Europe,44295,33936,33936,4814.72,37599.16,Seniors,Home,Mobile,2024,H1_2024,256,3,1,3,11,False,0.766136,1.0,6.80921,7.80921,0.141876,108.696693,0.141876,1.107943,1.107943,32784.44,0.871946,0.766136,1.0,7,New Year,1532.2722654927193,848.8353087255898,1,2024-07-20 00:00:00,False
2024_0233,Campaign_2024_0233,2024-03-14,2024-08-26,Facebook Ads,Africa,48085,16251,13106,6933.38,79019.82,Youth,Electronics,Desktop,2024,H1_2024,165,3,1,3,8,False,0.337964,0.806473,10.397013,11.397013,0.426643,144.19008,0.529023,4.862459,6.029286,72086.44,0.912258,0.272559,0.8064734477878285,6,New Year,610.523032130602,1643.3361755225123,1,2024-06-04 12:00:00,False
2024_0234,Campaign_2024_0234,2024-04-16,2024-12-17,Google Ads,Africa,16010,16010,16010,44307.71,124067.64,Adults,Clothing,Tablet,2024,H1_2024,245,4,2,4,12,False,1.0,1.0,1.800137,2.800137,2.767502,2767.502186,2.767502,7.749384,7.749384,79759.93,0.642875,1.0,1.0,8,Summer,1999.9999999999998,7749.384134915677,1,2024-08-16 12:00:00,False
2024_0235,Campaign_2024_0235,2024-06-25,2024-08-05,Google Display Network,North America,70946,41049,14225,31079.92,116602.55,Youth,Services,Desktop,2024,H1_2024,41,6,2,6,8,False,0.578595,0.346537,2.7517,3.7517,0.757142,438.078539,2.18488,2.84057,8.197016,85522.63,0.733454,0.200505,0.34653706545835467,7,Summer,779.0995968764977,1643.5394525413697,1,2024-07-15 12:00:00,False
2024_0236,Campaign_2024_0236,2024-04-03,2024-07-30,Google Ads,South America,50939,11717,11717,36996.21,118308.61,Youth,Travel,Desktop,2024,H1_2024,118,4,2,4,7,False,0.23002,1.0,2.197858,3.197858,3.157481,726.284576,3.157481,10.097176,10.097176,81312.4,0.687291,0.23002,1.0,6,Summer,460.0404405269047,2322.554624158307,1,2024-06-01 00:00:00,False
2024_0237,Campaign_2024_0237,2024-03-02,2024-09-01,Google Ads,Africa,43788,43788,18577,13658.78,77299.28,Adults,Electronics,Tablet,2024,H1_2024,183,3,1,3,9,False,1.0,0.424249,4.659311,5.659311,0.31193,311.929752,0.735252,1.765307,4.161021,63640.5,0.8233,0.424249,0.42424865259888556,6,New Year,1424.2486525988857,1765.3073901525534,1,2024-06-01 12:00:00,False
2024_0238,Campaign_2024_0238,2024-03-25,2024-08-04,Email,Africa,92872,61831,30153,15725.18,41804.72,Youth,Clothing,Desktop,2024,H1_2024,132,3,1,3,8,False,0.665766,0.487668,1.658457,2.658457,0.254325,169.321001,0.521513,0.676113,1.38642,26079.54,0.623842,0.324673,0.48766799825330337,5,New Year,990.4384529244552,450.13265569816525,1,2024-05-30 00:00:00,False
2024_0239,Campaign_2024_0239,2024-06-15,2024-11-27,Google Ads,Asia,49224,49224,46483,2823.04,83181.21,Adults,Travel,Tablet,2024,H1_2024,165,6,2,6,11,False,1.0,0.944316,28.465119,29.465119,0.057351,57.350886,0.060733,1.689851,1.789497,80358.17000000001,0.966062,0.944316,0.9443157809198764,9,Summer,1944.3157809198767,1689.8506825938568,1,2024-09-05 12:00:00,False
2024_0240,Campaign_2024_0240,2024-06-25,2024-12-09,Email,Asia,72168,36840,36840,8076.73,76437.09,Adults,Clothing,Mobile,2024,H1_2024,167,6,2,6,12,False,0.510476,1.0,8.463866,9.463866,0.219238,111.915669,0.219238,2.07484,2.07484,68360.36,0.894335,0.510476,1.0,9,Summer,1020.9511140671765,1059.1548885932823,1,2024-09-16 12:00:00,False
2024_0241,Campaign_2024_0241,2024-01-20,2024-08-28,Google Ads,Africa,95997,75303,4666,14037.03,29361.98,Adults,Services,Desktop,2024,H1_2024,221,1,1,1,8,False,0.784431,0.061963,1.091752,2.091752,0.186407,146.223632,3.008365,0.389918,6.292752,15324.949999999999,0.521932,0.048606,0.0619630028020132,5,New Year,833.0364490556997,305.8635165682261,0,2024-05-09 12:00:00,False
2024_0242,Campaign_2024_0242,2024-06-12,2024-12-23,Google Ads,Europe,56594,24139,21656,41655.37,8140.39,Youth,Home,Desktop,2024,H1_2024,194,6,2,6,12,False,0.426529,0.897137,-0.804578,0.195422,1.725646,736.038626,1.923502,0.33723,0.375895,-33514.98,-4.117122,0.382655,0.8971374124860185,9,Summer,809.1847192281867,143.83839276248366,0,2024-09-17 00:00:00,False
2024_0243,Campaign_2024_0243,2024-01-08,2024-10-13,Email,South America,7770,7770,7770,22453.19,140274.64,Youth,Clothing,Tablet,2024,H1_2024,279,1,1,1,10,False,1.0,1.0,5.247426,6.247426,2.889728,2889.728443,2.889728,18.053364,18.053364,117821.45000000001,0.839934,1.0,1.0,5,New Year,2000.0,18053.364221364223,1,2024-05-26 12:00:00,False
2024_0244,Campaign_2024_0244,2024-03-13,2024-08-25,TikTok Ads,Europe,59540,59540,16050,26357.0,129159.68,Adults,Home,Tablet,2024,H1_2024,165,3,1,3,8,False,1.0,0.269567,3.900394,4.900394,0.442677,442.677192,1.642181,2.169293,8.047332,102802.68,0.795935,0.269567,0.2695666778636211,6,New Year,1269.5666778636212,2169.2925764192137,1,2024-06-03 12:00:00,False
2024_0245,Campaign_2024_0245,2024-04-11,2024-08-24,TikTok Ads,South America,73365,58820,58820,2145.48,140668.78,Seniors,Home,Desktop,2024,H1_2024,135,4,2,4,8,False,0.801745,1.0,64.565179,65.565179,0.036475,29.243917,0.036475,2.391513,2.391513,138523.3,0.984748,0.801745,1.0,6,Summer,1603.4894023035508,1917.382675662782,1,2024-06-17 12:00:00,False
2024_0246,Campaign_2024_0246,2024-01-18,2024-11-25,TikTok Ads,Asia,97586,79084,79084,3418.2,135947.88,Adults,Home,Desktop,2024,H1_2024,312,1,1,1,11,False,0.810403,1.0,38.771775,39.771775,0.043222,35.027565,0.043222,1.719031,1.719031,132529.68,0.974857,0.810403,1.0,6,New Year,1620.8062631934908,1393.1084376857336,1,2024-06-22 00:00:00,False
2024_0247,Campaign_2024_0247,2024-02-11,2024-11-26,Google Display Network,South America,97974,24151,9074,4533.79,27357.22,Youth,Electronics,Mobile,2024,H1_2024,289,2,1,2,11,False,0.246504,0.375719,5.034073,6.034073,0.187727,46.27544,0.499646,1.132757,3.014902,22823.43,0.834274,0.092616,0.37571943190758145,7,New Year,339.12058301181946,279.2293873884908,1,2024-07-04 12:00:00,False
2024_0248,Campaign_2024_0248,2024-06-30,2024-11-03,Facebook Ads,Africa,84540,13356,916,48439.71,120586.9,Adults,Services,Tablet,2024,H1_2024,126,6,2,6,11,False,0.157984,0.068583,1.489422,2.489422,3.626813,572.979773,52.881779,9.028669,131.645087,72147.19,0.5983,0.010835,0.06858340820604972,9,Summer,168.8194937307783,1426.3886917435532,0,2024-09-01 00:00:00,False
2024_0249,Campaign_2024_0249,2024-03-25,2024-08-26,Google Ads,Europe,67059,28326,28326,31759.73,96237.48,Adults,Services,Mobile,2024,H1_2024,154,3,1,3,8,False,0.422404,1.0,2.030173,3.030173,1.121222,473.608762,1.121222,3.397496,3.397496,64477.75,0.669986,0.422404,1.0,6,New Year,844.8083031360444,1435.1165391670022,1,2024-06-10 00:00:00,False
2024_0250,Campaign_2024_0250,2024-06-22,2024-12-18,Google Ads,Africa,36653,8244,8244,38193.11,91284.79,Seniors,Services,Tablet,2024,H1_2024,179,6,2,6,12,False,0.22492,1.0,1.390085,2.390085,4.632837,1042.018662,4.632837,11.072876,11.072876,53091.67999999999,0.581605,0.22492,1.0,9,Summer,449.8403950563392,2490.5134641093496,0,2024-09-19 12:00:00,False
2024_0251,Campaign_2024_0251,2024-05-07,2024-09-04,Google Ads,North America,33484,33484,33484,40090.9,83903.44,Adults,Home,Mobile,2024,H1_2024,120,5,2,5,9,False,1.0,1.0,1.09283,2.09283,1.197315,1197.315136,1.197315,2.505777,2.505777,43812.54,0.522178,1.0,1.0,7,Summer,2000.0,2505.7770875642095,0,2024-07-06 00:00:00,False
2024_0252,Campaign_2024_0252,2024-02-23,2024-11-08,TikTok Ads,North America,91037,31527,31527,48618.39,69805.35,Seniors,Travel,Tablet,2024,H1_2024,259,2,1,2,11,False,0.34631,1.0,0.435781,1.435781,1.542119,534.05088,1.542119,2.214145,2.214145,21186.960000000006,0.303515,0.34631,1.0,7,New Year,692.6194843854696,766.7799905532916,0,2024-07-01 12:00:00,False
2024_0253,Campaign_2024_0253,2024-04-12,2024-10-11,TikTok Ads,South America,9723,9723,9723,49283.87,61022.24,Seniors,Home,Desktop,2024,H1_2024,182,4,2,4,10,False,1.0,1.0,0.238179,1.238179,5.068793,5068.792554,5.068793,6.276071,6.276071,11738.369999999995,0.192362,1.0,1.0,7,Summer,1999.9999999999998,6276.071171449141,0,2024-07-12 00:00:00,False
2024_0254,Campaign_2024_0254,2024-04-01,2024-11-12,Facebook Ads,South America,19071,6583,6583,27869.49,31589.04,Seniors,Clothing,Mobile,2024,H1_2024,225,4,2,4,11,False,0.345184,1.0,0.133463,1.133463,4.233555,1461.354412,4.233555,4.798578,4.798578,3719.5499999999993,0.117748,0.345184,1.0,7,Summer,690.3675738031566,1656.3913795815636,0,2024-07-22 12:00:00,False
2024_0255,Campaign_2024_0255,2024-06-09,2024-12-29,Google Display Network,North America,41544,41544,12042,39546.15,101270.01,Seniors,Home,Mobile,2024,H1_2024,203,6,2,6,12,False,1.0,0.289861,1.560806,2.560806,0.95191,951.910023,3.284018,2.437657,8.409733,61723.85999999999,0.609498,0.289861,0.28986135181975736,9,Summer,1289.8613518197574,2437.6567013287117,0,2024-09-18 12:00:00,False
2024_0256,Campaign_2024_0256,2024-04-26,2024-10-31,Google Display Network,North America,34846,34846,3149,21307.57,12256.91,Adults,Electronics,Tablet,2024,H1_2024,188,4,2,4,10,False,1.0,0.090369,-0.424763,0.575237,0.611478,611.478218,6.766456,0.351745,3.892318,-9050.66,-0.738413,0.090369,0.09036905240199736,7,Summer,1090.3690524019976,351.7451070424152,0,2024-07-29 00:00:00,False
2024_0257,Campaign_2024_0257,2024-04-27,2024-11-01,Facebook Ads,Europe,57828,43099,43099,46816.95,93847.84,Seniors,Home,Desktop,2024,H1_2024,188,4,2,4,11,False,0.745296,1.0,1.00457,2.00457,1.086265,809.589645,1.086265,2.177495,2.177495,47030.89,0.50114,0.745296,1.0,7,Summer,1490.5927924188973,1622.8788822023932,0,2024-07-30 00:00:00,False
2024_0258,Campaign_2024_0258,2024-06-26,2024-09-07,Email,South America,43750,23696,23696,31583.38,79700.72,Youth,Home,Tablet,2024,H1_2024,73,6,2,6,9,False,0.541623,1.0,1.523502,2.523502,1.332857,721.905829,1.332857,3.363467,3.363467,48117.34,0.603725,0.541623,1.0,8,Summer,1083.2457142857143,1821.7307428571428,0,2024-08-01 12:00:00,False
2024_0259,Campaign_2024_0259,2024-04-17,2024-12-18,Facebook Ads,Africa,92343,41158,1115,9588.8,102835.89,Adults,Travel,Mobile,2024,H1_2024,245,4,2,4,12,False,0.445708,0.027091,9.724584,10.724584,0.232975,103.838948,8.599821,2.498564,92.229498,93247.09,0.906756,0.012075,0.027090723553136693,8,Summer,457.782398232676,1113.6295117117702,1,2024-08-17 12:00:00,False
2024_0260,Campaign_2024_0260,2024-01-30,2024-12-15,TikTok Ads,Africa,67629,3878,3878,39547.27,138130.88,Youth,Clothing,Tablet,2024,H1_2024,320,1,1,1,12,False,0.057342,1.0,2.492804,3.492804,10.197852,584.767925,10.197852,35.619103,35.619103,98583.61000000002,0.713697,0.057342,1.0,7,New Year,114.68452882639103,2042.4800011829243,1,2024-07-08 00:00:00,False
2024_0261,Campaign_2024_0261,2024-04-28,2024-07-06,Facebook Ads,Europe,99915,21565,21565,43428.22,73472.67,Seniors,Services,Mobile,2024,H1_2024,69,4,2,4,7,False,0.215833,1.0,0.691819,1.691819,2.013829,434.651654,2.013829,3.407033,3.407033,30044.449999999997,0.40892,0.215833,1.0,6,Summer,431.6669168793474,735.3517489866385,0,2024-06-01 12:00:00,False
2024_0262,Campaign_2024_0262,2024-02-27,2024-08-03,Email,Africa,40080,15981,15981,12006.86,13191.02,Seniors,Services,Mobile,2024,H1_2024,158,2,1,2,8,False,0.398728,1.0,0.098624,1.098624,0.751321,299.572355,0.751321,0.825419,0.825419,1184.1599999999999,0.08977,0.398728,1.0,5,New Year,797.4550898203593,329.1172654690619,0,2024-05-16 00:00:00,False
2024_0263,Campaign_2024_0263,2024-05-04,2024-09-11,Google Ads,South America,78928,54818,54818,11128.8,8385.77,Seniors,Home,Tablet,2024,H1_2024,130,5,2,5,9,False,0.694532,1.0,-0.24648,0.75352,0.203014,140.999392,0.203014,0.152975,0.152975,-2743.029999999999,-0.327105,0.694532,1.0,7,Summer,1389.0634502331238,106.24581897425503,0,2024-07-08 00:00:00,False
2024_0264,Campaign_2024_0264,2024-02-01,2024-07-15,Google Ads,South America,42305,42305,42305,3212.66,117322.54,Seniors,Services,Tablet,2024,H1_2024,165,2,1,2,7,False,1.0,1.0,35.518816,36.518816,0.07594,75.940433,0.07594,2.773255,2.773255,114109.87999999999,0.972617,1.0,1.0,4,New Year,2000.0,2773.2546980262377,1,2024-04-23 12:00:00,False
2024_0265,Campaign_2024_0265,2024-06-21,2024-11-24,Email,North America,33397,33397,33397,28553.36,116560.88,Youth,Travel,Tablet,2024,H1_2024,156,6,2,6,11,False,1.0,1.0,3.082212,4.082212,0.854968,854.967811,0.854968,3.49016,3.49016,88007.52,0.755035,1.0,1.0,9,Summer,2000.0,3490.160194029404,1,2024-09-07 00:00:00,False
2024_0266,Campaign_2024_0266,2024-04-10,2024-12-07,Google Ads,South America,36915,36915,36915,29158.67,45880.62,Seniors,Services,Desktop,2024,H1_2024,241,4,2,4,12,False,1.0,1.0,0.573481,1.573481,0.789887,789.886767,0.789887,1.242872,1.242872,16721.950000000004,0.364467,1.0,1.0,8,Summer,2000.0,1242.8720032507113,0,2024-08-08 12:00:00,False
2024_0267,Campaign_2024_0267,2024-06-14,2024-10-26,Facebook Ads,Africa,51216,14655,14655,36007.39,36725.15,Seniors,Services,Desktop,2024,H1_2024,134,6,2,6,10,False,0.286141,1.0,0.019934,1.019934,2.457004,703.049633,2.457004,2.505981,2.505981,717.760000000002,0.019544,0.286141,1.0,8,Summer,572.282099343955,717.0640034364261,0,2024-08-20 00:00:00,False
2024_0268,Campaign_2024_0268,2024-05-30,2024-12-06,Email,North America,83194,14643,14643,15555.34,117672.92,Adults,Electronics,Tablet,2024,H1_2024,190,5,2,5,12,False,0.17601,1.0,6.564793,7.564793,1.062306,186.976705,1.062306,8.036121,8.036121,102117.58,0.867809,0.17601,1.0,9,Summer,352.02057840709665,1414.4399836526673,1,2024-09-02 00:00:00,False
2024_0269,Campaign_2024_0269,2024-04-17,2024-10-17,TikTok Ads,Europe,73141,22433,22433,10621.98,63054.53,Adults,Home,Tablet,2024,H1_2024,183,4,2,4,10,False,0.306709,1.0,4.936231,5.936231,0.473498,145.22607,0.473498,2.810793,2.810793,52432.55,0.831543,0.306709,1.0,7,Summer,613.4179188143448,862.095541488358,1,2024-07-17 12:00:00,False
2024_0270,Campaign_2024_0270,2024-01-08,2024-11-14,Facebook Ads,Asia,67983,20077,20077,22847.12,8676.83,Seniors,Travel,Tablet,2024,H1_2024,311,1,1,1,11,False,0.295324,1.0,-0.620222,0.379778,1.137975,336.071077,1.137975,0.432178,0.432178,-14170.289999999999,-1.633118,0.295324,1.0,6,New Year,590.6476619154788,127.63234926378652,0,2024-06-11 12:00:00,False
2024_0271,Campaign_2024_0271,2024-01-13,2024-07-02,Google Display Network,Europe,93394,11717,11717,8878.6,113896.57,Seniors,Electronics,Mobile,2024,H1_2024,171,1,1,1,7,False,0.125458,1.0,11.828213,12.828213,0.757754,95.066064,0.757754,9.720626,9.720626,105017.97,0.922047,0.125458,1.0,4,New Year,250.91547636893162,1219.5276998522388,1,2024-04-07 12:00:00,False
2024_0272,Campaign_2024_0272,2024-02-13,2024-07-31,TikTok Ads,North America,43191,17283,17283,30361.92,110578.62,Youth,Services,Tablet,2024,H1_2024,169,2,1,2,7,False,0.400153,1.0,2.642017,3.642017,1.756751,702.968674,1.756751,6.398115,6.398115,80216.7,0.725427,0.400153,1.0,5,New Year,800.3056192262277,2560.2236577064664,1,2024-05-07 12:00:00,False
2024_0273,Campaign_2024_0273,2024-05-20,2024-12-29,TikTok Ads,Africa,71307,37352,37352,32847.06,147337.28,Seniors,Services,Desktop,2024,H1_2024,223,5,2,5,12,False,0.52382,1.0,3.485555,4.485555,0.879392,460.642854,0.879392,3.944562,3.944562,114490.22,0.777062,0.52382,1.0,9,Summer,1047.6390817170825,2066.23865819625,1,2024-09-08 12:00:00,False
2024_0274,Campaign_2024_0274,2024-03-30,2024-10-16,TikTok Ads,Europe,21539,21539,21539,18057.34,51980.87,Youth,Travel,Mobile,2024,H1_2024,200,3,1,3,10,False,1.0,1.0,1.878656,2.878656,0.838356,838.355541,0.838356,2.413337,2.413337,33923.53,0.652616,1.0,1.0,7,New Year,1999.9999999999998,2413.3372022842286,1,2024-07-08 00:00:00,False
2024_0275,Campaign_2024_0275,2024-06-16,2024-10-23,TikTok Ads,Asia,26075,26075,7292,4628.42,122582.01,Youth,Home,Tablet,2024,H1_2024,129,6,2,6,10,False,1.0,0.279655,25.484634,26.484634,0.177504,177.504123,0.634726,4.701132,16.810479,117953.59,0.962242,0.279655,0.2796548418024928,8,Summer,1279.654841802493,4701.131735378715,1,2024-08-19 12:00:00,False
2024_0276,Campaign_2024_0276,2024-06-14,2024-10-22,Facebook Ads,North America,10800,10800,10800,11517.22,13568.91,Adults,Clothing,Desktop,2024,H1_2024,130,6,2,6,10,False,1.0,1.0,0.178141,1.178141,1.066409,1066.409259,1.066409,1.256381,1.256381,2051.6900000000005,0.151205,1.0,1.0,8,Summer,1999.9999999999998,1256.3805555555555,0,2024-08-18 00:00:00,False
2024_0277,Campaign_2024_0277,2024-01-31,2024-09-06,TikTok Ads,Asia,35423,32701,32701,44786.82,45031.06,Youth,Electronics,Tablet,2024,H1_2024,219,1,1,1,9,False,0.923157,1.0,0.005453,1.005453,1.369586,1264.342941,1.369586,1.377055,1.377055,244.23999999999796,0.005424,0.923157,1.0,5,New Year,1846.3145413996556,1271.2378962820765,0,2024-05-19 12:00:00,False
2024_0278,Campaign_2024_0278,2024-01-08,2024-08-13,Google Ads,Africa,91372,17594,17594,21378.44,88049.14,Adults,Travel,Mobile,2024,H1_2024,218,1,1,1,8,False,0.192554,1.0,3.118595,4.118595,1.215098,233.971457,1.215098,5.004498,5.004498,66670.7,0.757199,0.192554,1.0,4,New Year,385.10703497789257,963.6337171124634,1,2024-04-26 00:00:00,False
2024_0279,Campaign_2024_0279,2024-01-29,2024-08-28,Facebook Ads,South America,70066,37685,37685,15421.08,123208.13,Youth,Travel,Tablet,2024,H1_2024,212,1,1,1,8,False,0.53785,1.0,6.989592,7.989592,0.40921,220.093626,0.40921,3.269421,3.269421,107787.05,0.874837,0.53785,1.0,5,New Year,1075.7000542345788,1758.4581680130163,1,2024-05-14 00:00:00,False
2024_0280,Campaign_2024_0280,2024-06-22,2024-11-03,Google Display Network,Europe,18808,18808,18808,18459.97,127943.31,Seniors,Clothing,Mobile,2024,H1_2024,134,6,2,6,11,False,1.0,1.0,5.930851,6.930851,0.981496,981.49564,0.981496,6.8026,6.8026,109483.34,0.855718,1.0,1.0,8,Summer,2000.0,6802.600489153551,1,2024-08-28 00:00:00,False
2024_0281,Campaign_2024_0281,2024-04-28,2024-12-16,Facebook Ads,South America,3045,3045,3045,32601.58,108403.67,Seniors,Clothing,Tablet,2024,H1_2024,232,4,2,4,12,False,1.0,1.0,2.325105,3.325105,10.706594,10706.594417,10.706594,35.600548,35.600548,75802.09,0.699258,1.0,1.0,8,Summer,2000.0,35600.54844006568,1,2024-08-22 00:00:00,False
2024_0282,Campaign_2024_0282,2024-01-12,2024-10-20,Google Ads,Europe,84512,42536,20787,11262.04,115983.33,Adults,Travel,Desktop,2024,H1_2024,282,1,1,1,10,False,0.503313,0.488692,9.298608,10.298608,0.264765,133.259655,0.541783,2.72671,5.579609,104721.29000000001,0.902899,0.245965,0.4886919315403423,6,New Year,749.278209011738,1372.3888915183643,1,2024-06-01 00:00:00,False
2024_0283,Campaign_2024_0283,2024-05-18,2024-09-01,Email,Europe,8471,8471,8471,27754.97,21640.36,Seniors,Travel,Desktop,2024,H1_2024,106,5,2,5,9,False,1.0,1.0,-0.220307,0.779693,3.276469,3276.46913,3.276469,2.554641,2.554641,-6114.610000000001,-0.282556,1.0,1.0,7,Summer,2000.0,2554.6405383071656,0,2024-07-10 00:00:00,False
2024_0284,Campaign_2024_0284,2024-06-28,2024-12-03,TikTok Ads,Europe,6213,1918,1918,18256.07,51089.03,Adults,Home,Mobile,2024,H1_2024,158,6,2,6,12,False,0.308708,1.0,1.798468,2.798468,9.518285,2938.366329,9.518285,26.636616,26.636616,32832.96,0.642662,0.308708,1.0,9,Summer,617.4150973764687,8222.924513117656,1,2024-09-15 00:00:00,False
2024_0285,Campaign_2024_0285,2024-02-02,2024-08-17,TikTok Ads,Europe,87672,19869,19869,48073.6,72912.91,Adults,Home,Desktop,2024,H1_2024,197,2,1,2,8,False,0.226629,1.0,0.516693,1.516693,2.419528,548.334702,2.419528,3.669682,3.669682,24839.310000000005,0.340671,0.226629,1.0,5,New Year,453.25759649603066,831.6556027009765,0,2024-05-10 12:00:00,False
2024_0286,Campaign_2024_0286,2024-05-10,2024-08-05,Email,Europe,97260,25496,25496,16791.51,26763.03,Youth,Electronics,Mobile,2024,H1_2024,87,5,2,5,8,False,0.262143,1.0,0.593843,1.593843,0.658594,172.645589,0.658594,1.049695,1.049695,9971.52,0.372586,0.262143,1.0,6,Summer,524.2854205223113,275.16995681677975,0,2024-06-22 12:00:00,False
2024_0287,Campaign_2024_0287,2024-06-07,2024-10-06,Google Display Network,South America,38341,38341,7192,40740.03,38264.43,Youth,Clothing,Mobile,2024,H1_2024,121,6,2,6,10,False,1.0,0.18758,-0.060766,0.939234,1.062571,1062.570877,5.664632,0.998003,5.320416,-2475.5999999999985,-0.064697,0.18758,0.18757987532928197,8,Summer,1187.579875329282,998.0029211548995,0,2024-08-06 12:00:00,False
2024_0288,Campaign_2024_0288,2024-03-17,2024-09-09,TikTok Ads,North America,46597,39270,32240,29300.12,134682.19,Youth,Travel,Desktop,2024,H1_2024,176,3,1,3,9,False,0.842758,0.820983,3.596643,4.596643,0.74612,628.79842,0.908813,3.429646,4.177487,105382.07,0.78245,0.69189,0.8209829386299975,6,New Year,1534.6481533145911,2890.3618258686183,1,2024-06-13 00:00:00,False
2024_0289,Campaign_2024_0289,2024-02-09,2024-08-08,Facebook Ads,North America,64503,28732,28732,34356.94,35779.76,Seniors,Electronics,Desktop,2024,H1_2024,181,2,1,2,8,False,0.445437,1.0,0.041413,1.041413,1.195773,532.640962,1.195773,1.245293,1.245293,1422.8199999999997,0.039766,0.445437,1.0,5,New Year,890.8732927150675,554.6991612793204,0,2024-05-09 12:00:00,False
2024_0290,Campaign_2024_0290,2024-05-25,2024-12-06,Email,Africa,9682,9682,9332,26273.69,73752.92,Youth,Home,Mobile,2024,H1_2024,195,5,2,5,12,False,1.0,0.96385,1.807102,2.807102,2.713663,2713.663499,2.81544,7.617529,7.903228,47479.229999999996,0.643761,0.96385,0.963850444123115,8,Summer,1963.850444123115,7617.529436066928,1,2024-08-30 12:00:00,False
2024_0291,Campaign_2024_0291,2024-01-15,2024-08-29,Facebook Ads,North America,67997,19414,19414,37161.68,101772.61,Seniors,Clothing,Tablet,2024,H1_2024,227,1,1,1,8,False,0.285513,1.0,1.738644,2.738644,1.914169,546.519405,1.914169,5.242228,5.242228,64610.93,0.634856,0.285513,1.0,5,New Year,571.025192287895,1496.722061267409,1,2024-05-07 12:00:00,False
2024_0292,Campaign_2024_0292,2024-03-01,2024-07-11,Google Display Network,North America,62150,13255,13255,3491.51,3707.37,Seniors,Travel,Mobile,2024,H1_2024,132,3,1,3,7,False,0.213274,1.0,0.061824,1.061824,0.263411,56.178761,0.263411,0.279696,0.279696,215.85999999999967,0.058225,0.213274,1.0,5,New Year,426.5486725663717,59.65197103781175,0,2024-05-06 00:00:00,False
2024_0293,Campaign_2024_0293,2024-05-17,2024-08-02,Google Ads,Africa,44340,44340,28089,34158.87,47352.17,Seniors,Clothing,Mobile,2024,H1_2024,77,5,2,5,8,False,1.0,0.633491,0.386234,1.386234,0.770385,770.38498,1.216094,1.067933,1.685791,13193.299999999996,0.278621,0.633491,0.6334912043301759,6,Summer,1633.4912043301758,1067.9334686513305,0,2024-06-24 12:00:00,False
2024_0294,Campaign_2024_0294,2024-01-01,2024-07-10,Email,South America,88055,33316,33316,26372.93,64961.53,Youth,Travel,Mobile,2024,H1_2024,191,1,1,1,7,False,0.378354,1.0,1.46319,2.46319,0.7916,299.505196,0.7916,1.94986,1.94986,38588.6,0.594022,0.378354,1.0,4,New Year,756.7088751348589,737.738118221566,0,2024-04-05 12:00:00,False
2024_0295,Campaign_2024_0295,2024-01-27,2024-10-01,TikTok Ads,Asia,4829,4829,4829,16102.29,98361.8,Seniors,Electronics,Mobile,2024,H1_2024,248,1,1,1,10,False,1.0,1.0,5.10856,6.10856,3.334498,3334.497826,3.334498,20.368979,20.368979,82259.51000000001,0.836295,1.0,1.0,5,New Year,2000.0,20368.979084696628,1,2024-05-30 00:00:00,False
2024_0296,Campaign_2024_0296,2024-05-08,2024-07-30,Facebook Ads,South America,44018,44018,44018,23074.33,128089.32,Youth,Home,Mobile,2024,H1_2024,83,5,2,5,7,False,1.0,1.0,4.551161,5.551161,0.524202,524.202145,0.524202,2.90993,2.90993,105014.99,0.819858,1.0,1.0,6,Summer,2000.0,2909.930482984234,1,2024-06-18 12:00:00,False
2024_0297,Campaign_2024_0297,2024-04-14,2024-08-05,TikTok Ads,Europe,58841,46112,19820,6464.8,98617.97,Adults,Electronics,Desktop,2024,H1_2024,113,4,2,4,8,False,0.783671,0.429823,14.254605,15.254605,0.140198,109.868969,0.326176,2.138662,4.97568,92153.17,0.934446,0.33684,0.429823039555864,6,Summer,1120.5112081711732,1676.0077157084345,1,2024-06-09 12:00:00,False
2024_0298,Campaign_2024_0298,2024-03-22,2024-08-03,Google Ads,Europe,59039,59039,59039,22653.06,43315.83,Adults,Home,Tablet,2024,H1_2024,134,3,1,3,8,False,1.0,1.0,0.91214,1.91214,0.383697,383.69654,0.383697,0.733682,0.733682,20662.77,0.477026,1.0,1.0,5,New Year,2000.0,733.6816341740206,0,2024-05-28 00:00:00,False
2024_0299,Campaign_2024_0299,2024-06-09,2024-07-20,TikTok Ads,South America,52685,48894,48894,21611.41,50883.28,Adults,Home,Mobile,2024,H1_2024,41,6,2,6,7,False,0.928044,1.0,1.354464,2.354464,0.442005,410.200437,0.442005,1.040686,1.040686,29271.87,0.575275,0.928044,1.0,6,Summer,1856.0880706083324,965.8020309385972,0,2024-06-29 12:00:00,False
2024_0300,Campaign_2024_0300,2024-02-17,2024-09-18,Facebook Ads,Africa,41392,41392,41392,17472.49,39730.4,Youth,Home,Mobile,2024,H1_2024,214,2,1,2,9,False,1.0,1.0,1.273883,2.273883,0.422122,422.122391,0.422122,0.959857,0.959857,22257.91,0.560224,1.0,1.0,6,New Year,1999.9999999999998,959.8569771936606,0,2024-06-03 00:00:00,False
2024_0301,Campaign_2024_0301,2024-05-12,2024-09-23,Email,North America,17760,9251,9251,44271.59,149430.26,Adults,Home,Desktop,2024,H1_2024,134,5,2,5,9,False,0.52089,1.0,2.375308,3.375308,4.7856,2492.769707,4.7856,16.152876,16.152876,105158.67000000001,0.703731,0.52089,1.0,7,Summer,1041.779279279279,8413.865990990991,1,2024-07-18 00:00:00,False
2024_0302,Campaign_2024_0302,2024-03-25,2024-10-20,Facebook Ads,South America,12532,12532,12532,31132.11,72408.4,Adults,Home,Desktop,2024,H1_2024,209,3,1,3,10,False,1.0,1.0,1.325843,2.325843,2.484209,2484.209224,2.484209,5.777881,5.777881,41276.28999999999,0.570048,1.0,1.0,7,New Year,2000.0,5777.880625598467,0,2024-07-07 12:00:00,False
2024_0303,Campaign_2024_0303,2024-04-24,2024-08-18,Google Display Network,Africa,42621,20147,20147,7552.4,77365.85,Seniors,Electronics,Tablet,2024,H1_2024,116,4,2,4,8,False,0.472701,1.0,9.243876,10.243876,0.374865,177.199033,0.374865,3.840068,3.840068,69813.45000000001,0.902381,0.472701,1.0,6,Summer,945.402501114474,1815.2049459186787,1,2024-06-21 00:00:00,False
2024_0304,Campaign_2024_0304,2024-06-02,2024-10-16,TikTok Ads,South America,96428,56369,56369,45564.91,53495.9,Seniors,Travel,Mobile,2024,H1_2024,136,6,2,6,10,False,0.584571,1.0,0.174059,1.174059,0.808333,472.527793,0.808333,0.94903,0.94903,7930.989999999998,0.148254,0.584571,1.0,8,Summer,1169.1417430621811,554.7755838553118,0,2024-08-09 00:00:00,False
2024_0305,Campaign_2024_0305,2024-01-07,2024-09-17,Email,Africa,41558,41558,6213,19010.32,48836.32,Adults,Travel,Tablet,2024,H1_2024,254,1,1,1,9,False,1.0,0.149502,1.568937,2.568937,0.457441,457.440685,3.059765,1.175136,7.860344,29826.0,0.610734,0.149502,0.14950190095769766,5,New Year,1149.5019009576977,1175.1364358246306,0,2024-05-13 00:00:00,False
2024_0306,Campaign_2024_0306,2024-04-19,2024-09-23,Email,Europe,36507,36507,27897,38068.34,90649.8,Youth,Home,Mobile,2024,H1_2024,157,4,2,4,9,False,1.0,0.764155,1.381239,2.381239,1.042768,1042.768236,1.364603,2.48308,3.249446,52581.46000000001,0.58005,0.764155,0.7641548196236339,7,Summer,1764.154819623634,2483.079957268469,0,2024-07-06 12:00:00,False
2024_0307,Campaign_2024_0307,2024-01-17,2024-11-08,Email,Africa,72236,20841,10942,31988.67,35163.12,Adults,Clothing,Mobile,2024,H1_2024,296,1,1,1,11,False,0.288513,0.525023,0.099237,1.099237,1.534891,442.835567,2.923476,1.687209,3.213592,3174.4500000000044,0.090278,0.151476,0.5250227916126865,6,New Year,439.9883714491389,486.78110637355337,0,2024-06-13 00:00:00,False
2024_0308,Campaign_2024_0308,2024-01-21,2024-12-25,Email,Asia,67637,67637,17482,43006.39,68194.65,Adults,Electronics,Tablet,2024,H1_2024,339,1,1,1,12,False,1.0,0.258468,0.585686,1.585686,0.635841,635.841182,2.460038,1.008245,3.900849,25188.259999999995,0.369358,0.258468,0.25846799828496236,7,New Year,1258.4679982849623,1008.2447476972662,0,2024-07-08 12:00:00,False
2024_0309,Campaign_2024_0309,2024-04-07,2024-07-11,Google Ads,Europe,91834,62526,62526,27171.9,143682.5,Youth,Travel,Mobile,2024,H1_2024,95,4,2,4,7,False,0.680859,1.0,4.287908,5.287908,0.43457,295.880611,0.43457,2.297964,2.297964,116510.6,0.810889,0.680859,1.0,5,Summer,1361.7178822658275,1564.5893677722847,1,2024-05-24 12:00:00,False
2024_0310,Campaign_2024_0310,2024-06-14,2024-09-21,Facebook Ads,Europe,7005,7005,7005,17182.73,36546.56,Youth,Electronics,Tablet,2024,H1_2024,99,6,2,6,9,False,1.0,1.0,1.126936,2.126936,2.452924,2452.923626,2.452924,5.217211,5.217211,19363.829999999998,0.52984,1.0,1.0,8,Summer,2000.0,5217.210563882941,0,2024-08-02 12:00:00,False
2024_0311,Campaign_2024_0311,2024-02-24,2024-08-09,Google Display Network,South America,74816,65596,31025,49601.1,94511.45,Adults,Home,Tablet,2024,H1_2024,167,2,1,2,8,False,0.876764,0.472971,0.905431,1.905431,0.75616,662.974497,1.598746,1.440811,3.0463,44910.35,0.475184,0.414684,0.47297091286054027,5,New Year,1291.4483532934132,1263.2518445252351,0,2024-05-17 12:00:00,False
2024_0312,Campaign_2024_0312,2024-06-01,2024-07-23,Email,South America,46394,46394,13678,4325.34,50680.62,Seniors,Home,Tablet,2024,H1_2024,52,6,2,6,7,False,1.0,0.294823,10.717141,11.717141,0.093231,93.23059,0.316226,1.092396,3.705265,46355.28,0.914655,0.294823,0.2948226063715136,6,Summer,1294.8226063715135,1092.3959994826919,1,2024-06-27 00:00:00,False
2024_0313,Campaign_2024_0313,2024-05-30,2024-12-04,Google Display Network,Africa,31595,31595,31595,5694.08,58628.52,Adults,Services,Desktop,2024,H1_2024,188,5,2,5,12,False,1.0,1.0,9.296399,10.296399,0.180221,180.220921,0.180221,1.855627,1.855627,52934.439999999995,0.902879,1.0,1.0,9,Summer,2000.0,1855.626523184048,1,2024-09-01 00:00:00,False
2024_0314,Campaign_2024_0314,2024-05-15,2024-12-30,Google Display Network,Europe,96409,75476,39523,38709.42,44214.85,Youth,Services,Mobile,2024,H1_2024,229,5,2,5,12,False,0.782873,0.52365,0.142225,1.142225,0.512871,401.512514,0.979415,0.585813,1.118712,5505.43,0.124515,0.409951,0.5236499019555886,9,Summer,1192.8243213807839,458.6174527274424,0,2024-09-06 12:00:00,False
2024_0315,Campaign_2024_0315,2024-05-05,2024-10-18,Email,South America,58175,53523,53523,32295.93,5303.3,Seniors,Services,Tablet,2024,H1_2024,166,5,2,5,10,False,0.920034,1.0,-0.83579,0.16421,0.603403,555.151354,0.603403,0.099085,0.099085,-26992.63,-5.08978,0.920034,1.0,7,Summer,1840.068758057585,91.16115169746456,0,2024-07-27 00:00:00,False
2024_0316,Campaign_2024_0316,2024-01-05,2024-12-18,Google Ads,Africa,19394,16693,16693,2669.61,13755.25,Youth,Travel,Mobile,2024,H1_2024,348,1,1,1,12,False,0.86073,1.0,4.152532,5.152532,0.159924,137.651335,0.159924,0.824013,0.824013,11085.64,0.805921,0.86073,1.0,6,New Year,1721.4602454367332,709.2528617098072,1,2024-06-27 00:00:00,False
2024_0317,Campaign_2024_0317,2024-04-07,2024-10-14,Google Display Network,South America,35383,35383,35383,36992.95,36504.07,Seniors,Home,Desktop,2024,H1_2024,190,4,2,4,10,False,1.0,1.0,-0.013215,0.986785,1.045501,1045.500664,1.045501,1.031684,1.031684,-488.8799999999974,-0.013392,1.0,1.0,7,Summer,1999.9999999999998,1031.6838594805415,0,2024-07-11 00:00:00,False
2024_0318,Campaign_2024_0318,2024-04-25,2024-07-12,Email,Europe,44061,86,86,48320.92,4805.82,Seniors,Services,Desktop,2024,H1_2024,78,4,2,4,7,False,0.001952,1.0,-0.900544,0.099456,561.871163,1096.682327,561.871163,55.881628,55.881628,-43515.1,-9.054667,0.001952,1.0,6,Summer,3.9036789904904565,109.07196840743514,0,2024-06-03 00:00:00,False
2024_0319,Campaign_2024_0319,2024-03-31,2024-12-03,Google Display Network,South America,56771,16488,16488,26834.18,59834.21,Seniors,Clothing,Desktop,2024,H1_2024,247,3,1,3,12,False,0.29043,1.0,1.229776,2.229776,1.627498,472.674077,1.627498,3.628955,3.628955,33000.03,0.551524,0.29043,1.0,8,New Year,580.8599460992408,1053.9573021437002,0,2024-08-01 12:00:00,False
2024_0320,Campaign_2024_0320,2024-04-01,2024-07-21,Email,Africa,72966,67922,27070,26744.05,116525.46,Youth,Services,Desktop,2024,H1_2024,111,4,2,4,7,False,0.930872,0.398545,3.357061,4.357061,0.393747,366.527561,0.987959,1.715578,4.304598,89781.41,0.770487,0.370995,0.39854539030063896,5,Summer,1301.8666228106242,1596.9829783734892,1,2024-05-26 12:00:00,False
2024_0321,Campaign_2024_0321,2024-06-06,2024-10-27,TikTok Ads,Europe,71079,51015,51015,17044.86,52962.7,Youth,Clothing,Tablet,2024,H1_2024,143,6,2,6,10,False,0.717723,1.0,2.107253,3.107253,0.334115,239.801629,0.334115,1.038179,1.038179,35917.84,0.678172,0.717723,1.0,8,Summer,1435.4450681635929,745.124439004488,1,2024-08-16 12:00:00,False
2024_0322,Campaign_2024_0322,2024-01-20,2024-08-21,Google Ads,Asia,80202,13777,13777,23524.85,23753.58,Seniors,Home,Tablet,2024,H1_2024,214,1,1,1,8,False,0.171779,1.0,0.009723,1.009723,1.707545,293.319992,1.707545,1.724147,1.724147,228.7300000000032,0.009629,0.171779,1.0,5,New Year,343.55751726889605,296.1719159123214,0,2024-05-06 00:00:00,False
2024_0323,Campaign_2024_0323,2024-02-20,2024-12-27,Facebook Ads,Europe,50726,50726,20320,6988.75,15328.33,Seniors,Home,Tablet,2024,H1_2024,311,2,1,2,12,False,1.0,0.400584,1.193286,2.193286,0.137775,137.774514,0.343935,0.302179,0.754347,8339.58,0.544063,0.400584,0.4005835271852699,7,New Year,1400.58352718527,302.17896147932026,0,2024-07-24 12:00:00,False
2024_0324,Campaign_2024_0324,2024-02-07,2024-08-13,Google Display Network,Europe,34070,34070,9544,24799.32,40436.73,Adults,Services,Mobile,2024,H1_2024,188,2,1,2,8,False,1.0,0.280129,0.630558,1.630558,0.727893,727.893161,2.59842,1.186872,4.236874,15637.410000000003,0.386713,0.280129,0.28012914587613735,5,New Year,1280.1291458761373,1186.8720281772821,0,2024-05-11 00:00:00,False
2024_0325,Campaign_2024_0325,2024-01-21,2024-08-14,Google Display Network,Europe,68467,6834,6834,25917.91,3020.45,Youth,Travel,Mobile,2024,H1_2024,206,1,1,1,8,False,0.099815,1.0,-0.883461,0.116539,3.792495,378.546015,3.792495,0.441974,0.441974,-22897.46,-7.580811,0.099815,1.0,5,New Year,199.62901835920954,44.11541326478449,0,2024-05-03 00:00:00,False
2024_0326,Campaign_2024_0326,2024-05-15,2024-12-21,TikTok Ads,Africa,36730,36730,36730,49635.71,64739.28,Adults,Clothing,Mobile,2024,H1_2024,220,5,2,5,12,False,1.0,1.0,0.304288,1.304288,1.351367,1351.367002,1.351367,1.762572,1.762572,15103.57,0.233298,1.0,1.0,9,Summer,2000.0000000000002,1762.572284236319,0,2024-09-02 00:00:00,False
2024_0327,Campaign_2024_0327,2024-03-18,2024-10-21,TikTok Ads,North America,28076,28076,6243,33749.33,120175.88,Adults,Travel,Mobile,2024,H1_2024,217,3,1,3,10,False,1.0,0.222361,2.560838,3.560838,1.20207,1202.070452,5.405947,4.280378,19.2497,86426.55,0.719167,0.222361,0.2223607351474569,7,New Year,1222.3607351474568,4280.377546659069,1,2024-07-04 12:00:00,False
2024_0328,Campaign_2024_0328,2024-03-08,2024-07-24,Google Display Network,South America,62813,40836,21738,49539.73,69693.72,Adults,Clothing,Mobile,2024,H1_2024,138,3,1,3,7,False,0.65012,0.532324,0.406825,1.406825,1.213139,788.685941,2.278946,1.706674,3.206078,20153.989999999998,0.289179,0.346075,0.5323244196297384,5,New Year,996.19505516374,1109.5429290115103,0,2024-05-16 00:00:00,False
2024_0329,Campaign_2024_0329,2024-02-04,2024-12-01,Facebook Ads,Africa,67817,41003,41003,24093.04,124024.16,Seniors,Clothing,Mobile,2024,H1_2024,301,2,1,2,12,False,0.604612,1.0,4.147717,5.147717,0.587592,355.265494,0.587592,3.024758,3.024758,99931.12,0.805739,0.604612,1.0,7,New Year,1209.224825633691,1828.806346491293,1,2024-07-03 12:00:00,False
2024_0330,Campaign_2024_0330,2024-05-09,2024-07-26,Email,Africa,12645,12645,12631,46412.29,44296.85,Adults,Services,Mobile,2024,H1_2024,78,5,2,5,7,False,1.0,0.998893,-0.045579,0.954421,3.670406,3670.406485,3.674475,3.503112,3.506995,-2115.4400000000023,-0.047756,0.998893,0.9988928430209569,6,Summer,1998.892843020957,3503.1119019375246,0,2024-06-17 00:00:00,False
2024_0331,Campaign_2024_0331,2024-04-16,2024-07-17,Google Display Network,Asia,44057,44057,37331,40712.32,116551.61,Adults,Travel,Desktop,2024,H1_2024,92,4,2,4,7,False,1.0,0.847334,1.862809,2.862809,0.924083,924.082893,1.090577,2.645473,3.122113,75839.29000000001,0.650693,0.847334,0.847334135324693,6,Summer,1847.3341353246929,2645.473137072429,1,2024-06-01 00:00:00,False
2024_0332,Campaign_2024_0332,2024-04-07,2024-08-28,TikTok Ads,Europe,12003,12003,12003,31318.69,97915.92,Adults,Clothing,Tablet,2024,H1_2024,143,4,2,4,8,False,1.0,1.0,2.126437,3.126437,2.609239,2609.238524,2.609239,8.157621,8.157621,66597.23,0.680147,1.0,1.0,6,Summer,2000.0,8157.620594851287,1,2024-06-17 12:00:00,False
2024_0333,Campaign_2024_0333,2024-03-02,2024-10-16,Facebook Ads,Asia,43520,43520,7142,12842.07,105753.74,Youth,Electronics,Tablet,2024,H1_2024,228,3,1,3,10,False,1.0,0.164108,7.234945,8.234945,0.295084,295.084329,1.798106,2.430003,14.8073,92911.67000000001,0.878566,0.164108,0.16410845588235295,6,New Year,1164.108455882353,2430.003216911765,1,2024-06-24 00:00:00,False
2024_0334,Campaign_2024_0334,2024-06-07,2024-09-09,Google Ads,Europe,21371,21371,21371,3419.35,64283.64,Seniors,Travel,Tablet,2024,H1_2024,94,6,2,6,9,False,1.0,1.0,17.799959,18.799959,0.16,159.999532,0.16,3.007985,3.007985,60864.29,0.946808,1.0,1.0,7,Summer,2000.0000000000002,3007.9846520986384,1,2024-07-24 00:00:00,False
2024_0335,Campaign_2024_0335,2024-04-21,2024-10-18,TikTok Ads,Africa,83394,30023,30023,43209.38,92899.18,Youth,Electronics,Desktop,2024,H1_2024,180,4,2,4,10,False,0.360014,1.0,1.149977,2.149977,1.439209,518.135357,1.439209,3.094267,3.094267,49689.799999999996,0.534879,0.360014,1.0,7,Summer,720.0278197472239,1113.9791831546634,0,2024-07-20 00:00:00,False
2024_0336,Campaign_2024_0336,2024-03-31,2024-07-30,Google Display Network,North America,25468,8302,8302,21004.68,132730.44,Youth,Home,Tablet,2024,H1_2024,121,3,1,3,7,False,0.325978,1.0,5.319089,6.319089,2.530075,824.747919,2.530075,15.987767,15.987767,111725.76000000001,0.841749,0.325978,1.0,5,New Year,651.955395005497,5211.655410711481,1,2024-05-30 12:00:00,False
2024_0337,Campaign_2024_0337,2024-05-25,2024-11-26,Facebook Ads,Asia,23868,15824,15824,30527.34,36576.09,Seniors,Clothing,Tablet,2024,H1_2024,185,5,2,5,11,False,0.66298,1.0,0.198142,1.198142,1.92918,1279.007039,1.92918,2.311431,2.311431,6048.749999999996,0.165374,0.66298,1.0,8,Summer,1325.9594436065024,1532.4321266968325,0,2024-08-25 12:00:00,False
2024_0338,Campaign_2024_0338,2024-06-10,2024-12-21,Facebook Ads,South America,30384,30384,30384,35622.14,132146.48,Youth,Clothing,Desktop,2024,H1_2024,194,6,2,6,12,False,1.0,1.0,2.709673,3.709673,1.172398,1172.397973,1.172398,4.349213,4.349213,96524.34000000001,0.730434,1.0,1.0,9,Summer,2000.0,4349.212743549237,1,2024-09-15 00:00:00,False
2024_0339,Campaign_2024_0339,2024-03-21,2024-09-18,Email,North America,16758,16758,16758,47071.83,115226.32,Youth,Electronics,Mobile,2024,H1_2024,181,3,1,3,9,False,1.0,1.0,1.447883,2.447883,2.808917,2808.916935,2.808917,6.875899,6.875899,68154.49,0.591484,1.0,1.0,6,New Year,2000.0,6875.899271989499,0,2024-06-19 12:00:00,False
2024_0340,Campaign_2024_0340,2024-03-12,2024-07-09,Google Display Network,Africa,62575,58644,58644,31787.01,80396.63,Seniors,Home,Desktop,2024,H1_2024,119,3,1,3,7,False,0.937179,1.0,1.529229,2.529229,0.542033,507.982581,0.542033,1.370927,1.370927,48609.62000000001,0.604623,0.937179,1.0,5,New Year,1874.358769476628,1284.8043148222134,0,2024-05-10 12:00:00,False
2024_0341,Campaign_2024_0341,2024-02-28,2024-10-01,Google Ads,South America,41091,41091,41091,40720.0,146546.41,Seniors,Clothing,Tablet,2024,H1_2024,216,2,1,2,10,False,1.0,1.0,2.59888,3.59888,0.990971,990.971259,0.990971,3.566387,3.566387,105826.41,0.722136,1.0,1.0,6,New Year,2000.0,3566.3870433914967,1,2024-06-15 00:00:00,False
2024_0342,Campaign_2024_0342,2024-01-22,2024-10-03,Email,South America,19534,19534,19534,16110.72,95727.44,Adults,Services,Desktop,2024,H1_2024,255,1,1,1,10,False,1.0,1.0,4.941847,5.941847,0.824753,824.752739,0.824753,4.900555,4.900555,79616.72,0.831702,1.0,1.0,5,New Year,2000.0,4900.554929865875,1,2024-05-28 12:00:00,False
2024_0343,Campaign_2024_0343,2024-05-13,2024-11-20,Facebook Ads,North America,54136,54136,44378,10707.92,28275.45,Seniors,Home,Mobile,2024,H1_2024,191,5,2,5,11,False,1.0,0.81975,1.640611,2.640611,0.197797,197.79666,0.241289,0.522304,0.63715,17567.53,0.6213,0.81975,0.8197502586079504,8,Summer,1819.7502586079502,522.3040121176297,1,2024-08-16 12:00:00,False
2024_0344,Campaign_2024_0344,2024-05-05,2024-09-06,Email,Africa,65951,8467,8200,6176.51,138811.13,Adults,Home,Desktop,2024,H1_2024,124,5,2,5,9,False,0.128383,0.968466,21.47404,22.47404,0.72948,93.653015,0.753233,16.39437,16.928187,132634.62,0.955504,0.124335,0.9684658084327389,7,Summer,252.7179269457628,2104.761565404619,1,2024-07-06 00:00:00,False
2024_0345,Campaign_2024_0345,2024-05-23,2024-12-11,Facebook Ads,Asia,85077,29461,29461,3851.66,48657.32,Youth,Travel,Desktop,2024,H1_2024,202,5,2,5,12,False,0.346286,1.0,11.632818,12.632818,0.130738,45.272635,0.130738,1.651584,1.651584,44805.66,0.920841,0.346286,1.0,9,Summer,692.5726106938421,571.9209657134126,1,2024-09-01 00:00:00,False
2024_0346,Campaign_2024_0346,2024-01-16,2024-10-24,TikTok Ads,Europe,86919,63374,3185,34259.21,139799.73,Seniors,Services,Desktop,2024,H1_2024,282,1,1,1,10,False,0.729116,0.050257,3.080647,4.080647,0.540588,394.150991,10.756424,2.205948,43.893165,105540.52000000002,0.754941,0.036643,0.0502572032694796,6,New Year,765.7589249761272,1608.3909156801162,1,2024-06-05 00:00:00,False
2024_0347,Campaign_2024_0347,2024-01-08,2024-08-12,Facebook Ads,North America,15792,15792,15792,41801.89,62465.15,Adults,Clothing,Tablet,2024,H1_2024,217,1,1,1,8,False,1.0,1.0,0.494314,1.494314,2.64703,2647.029509,2.64703,3.955493,3.955493,20663.260000000002,0.330797,1.0,1.0,4,New Year,2000.0,3955.493287740628,0,2024-04-25 12:00:00,False
2024_0348,Campaign_2024_0348,2024-06-03,2024-09-02,Google Ads,South America,94639,16891,16611,23154.95,116385.0,Adults,Home,Desktop,2024,H1_2024,91,6,2,6,9,False,0.178478,0.983423,4.026355,5.026355,1.370845,244.666047,1.393953,6.890356,7.006502,93230.05,0.801049,0.17552,0.9834231247409864,7,Summer,353.99782330751594,1229.7784211582964,1,2024-07-18 12:00:00,False
2024_0349,Campaign_2024_0349,2024-05-24,2024-09-04,Google Ads,South America,54163,54163,20244,21293.61,73375.13,Youth,Travel,Desktop,2024,H1_2024,103,5,2,5,9,False,1.0,0.373761,2.445876,3.445876,0.393139,393.139413,1.051848,1.354709,3.624537,52081.520000000004,0.709798,0.373761,0.3737606853386998,7,Summer,1373.7606853387,1354.709488026882,1,2024-07-14 12:00:00,False
2024_0350,Campaign_2024_0350,2024-04-14,2024-07-10,Email,Africa,70815,69217,55450,17437.67,29030.35,Youth,Electronics,Desktop,2024,H1_2024,87,4,2,4,7,False,0.977434,0.801104,0.664807,1.664807,0.251928,246.242604,0.314476,0.419411,0.523541,11592.68,0.39933,0.783026,0.8011037750841556,5,Summer,1760.4603544446798,409.94633905246064,0,2024-05-27 12:00:00,False
2024_0351,Campaign_2024_0351,2024-03-02,2024-09-28,Google Ads,South America,99745,46882,46882,40808.4,134531.56,Seniors,Clothing,Mobile,2024,H1_2024,210,3,1,3,9,False,0.470019,1.0,2.296663,3.296663,0.870449,409.127275,0.870449,2.869578,2.869578,93723.16,0.696663,0.470019,1.0,6,New Year,940.0370945912075,1348.7549250589002,1,2024-06-15 00:00:00,False
2024_0352,Campaign_2024_0352,2024-04-20,2024-07-30,Email,Africa,61231,41732,4319,13051.82,71761.56,Seniors,Home,Desktop,2024,H1_2024,101,4,2,4,7,False,0.68155,0.103494,4.498203,5.498203,0.312753,213.157061,3.021954,1.719581,16.615318,58709.74,0.818122,0.070536,0.10349372184414837,6,Summer,752.0863614835622,1171.9808593686205,1,2024-06-09 12:00:00,False
2024_0353,Campaign_2024_0353,2024-06-09,2024-09-22,Facebook Ads,Asia,68707,68707,68707,11582.75,10090.47,Youth,Travel,Mobile,2024,H1_2024,105,6,2,6,9,False,1.0,1.0,-0.128836,0.871164,0.168582,168.581804,0.168582,0.146862,0.146862,-1492.2800000000007,-0.14789,1.0,1.0,7,Summer,2000.0000000000002,146.8623284381504,0,2024-07-31 12:00:00,False
2024_0354,Campaign_2024_0354,2024-06-09,2024-10-04,Google Display Network,North America,25642,25642,25642,22360.78,116381.36,Adults,Electronics,Desktop,2024,H1_2024,117,6,2,6,10,False,1.0,1.0,4.204709,5.204709,0.872037,872.037283,0.872037,4.538701,4.538701,94020.58,0.807866,1.0,1.0,8,Summer,2000.0,4538.700569378364,1,2024-08-06 12:00:00,False
2024_0355,Campaign_2024_0355,2024-04-26,2024-07-03,Email,Europe,21796,21796,21796,3352.75,145066.64,Youth,Clothing,Tablet,2024,H1_2024,68,4,2,4,7,False,1.0,1.0,42.267956,43.267956,0.153824,153.824096,0.153824,6.655654,6.655654,141713.89,0.976888,1.0,1.0,5,Summer,2000.0,6655.654248485962,1,2024-05-30 00:00:00,False
2024_0356,Campaign_2024_0356,2024-06-04,2024-11-12,TikTok Ads,Asia,50227,7330,7330,14088.51,2202.46,Youth,Home,Tablet,2024,H1_2024,161,6,2,6,11,False,0.145937,1.0,-0.84367,0.15633,1.922034,280.496745,1.922034,0.300472,0.300472,-11886.05,-5.396715,0.145937,1.0,8,Summer,291.8748880084417,43.850120453142736,0,2024-08-23 12:00:00,False
2024_0357,Campaign_2024_0357,2024-01-12,2024-08-03,Google Display Network,North America,74555,74555,57829,36025.42,38504.14,Seniors,Home,Tablet,2024,H1_2024,204,1,1,1,8,False,1.0,0.775656,0.068805,1.068805,0.483206,483.205955,0.622965,0.516453,0.665828,2478.720000000001,0.064375,0.775656,0.7756555563007176,4,New Year,1775.6555563007175,516.4528200657232,0,2024-04-23 00:00:00,False
2024_0358,Campaign_2024_0358,2024-05-03,2024-12-31,Google Display Network,Africa,94189,47448,9327,30729.93,115571.93,Seniors,Electronics,Mobile,2024,H1_2024,242,5,2,5,12,False,0.503753,0.196573,2.760891,3.760891,0.647655,326.258162,3.294728,2.43576,12.391115,84842.0,0.734106,0.099024,0.19657309054122407,9,Summer,602.7773943878798,1227.0215205597258,1,2024-09-01 00:00:00,False
2024_0359,Campaign_2024_0359,2024-05-12,2024-12-12,TikTok Ads,North America,53155,53155,16328,44418.13,90721.37,Youth,Electronics,Mobile,2024,H1_2024,214,5,2,5,12,False,1.0,0.307177,1.04244,2.04244,0.835634,835.634089,2.720366,1.706733,5.556184,46303.24,0.51039,0.307177,0.3071771235067256,8,Summer,1307.1771235067256,1706.7325745461385,0,2024-08-27 00:00:00,False
2024_0360,Campaign_2024_0360,2024-02-15,2024-11-11,TikTok Ads,Africa,44112,44112,44112,2961.93,134990.09,Seniors,Services,Tablet,2024,H1_2024,270,2,1,2,11,False,1.0,1.0,44.575044,45.575044,0.067146,67.145675,0.067146,3.060167,3.060167,132028.16,0.978058,1.0,1.0,6,New Year,2000.0,3060.1670747188973,1,2024-06-29 00:00:00,False
2024_0361,Campaign_2024_0361,2024-01-07,2024-07-10,TikTok Ads,Europe,91665,62627,62627,38545.03,60812.73,Seniors,Home,Tablet,2024,H1_2024,185,1,1,1,7,False,0.683216,1.0,0.577706,1.577706,0.61547,420.498882,0.61547,0.971031,0.971031,22267.700000000004,0.366168,0.683216,1.0,4,New Year,1366.4321169475809,663.4236622484045,0,2024-04-08 12:00:00,False
2024_0362,Campaign_2024_0362,2024-02-18,2024-09-14,Google Display Network,Europe,3058,3058,3058,10637.72,12549.71,Adults,Home,Desktop,2024,H1_2024,209,2,1,2,9,False,1.0,1.0,0.179737,1.179737,3.478653,3478.652714,3.478653,4.103895,4.103895,1911.9899999999998,0.152353,1.0,1.0,6,New Year,2000.0,4103.894702419882,0,2024-06-01 12:00:00,False
2024_0363,Campaign_2024_0363,2024-01-16,2024-10-13,Email,North America,34252,29744,29744,47569.72,27087.98,Adults,Travel,Tablet,2024,H1_2024,271,1,1,1,10,False,0.868387,1.0,-0.430563,0.569437,1.599305,1388.815836,1.599305,0.910704,0.910704,-20481.74,-0.756119,0.868387,1.0,5,New Year,1736.7744949200046,790.843746350578,0,2024-05-30 12:00:00,False
2024_0364,Campaign_2024_0364,2024-06-13,2024-11-02,Google Ads,Africa,34554,34554,34554,14577.56,53016.38,Seniors,Travel,Tablet,2024,H1_2024,142,6,2,6,11,False,1.0,1.0,2.636849,3.636849,0.421878,421.877641,0.421878,1.534305,1.534305,38438.82,0.725037,1.0,1.0,8,Summer,1999.9999999999998,1534.3051455692537,1,2024-08-23 00:00:00,False
2024_0365,Campaign_2024_0365,2024-05-06,2024-12-01,Email,Asia,14540,12919,12919,28641.1,5297.8,Youth,Services,Mobile,2024,H1_2024,209,5,2,5,12,False,0.888514,1.0,-0.815028,0.184972,2.216975,1969.814305,2.216975,0.410078,0.410078,-23343.3,-4.406225,0.888514,1.0,8,Summer,1777.0288858321871,364.3603851444292,0,2024-08-18 12:00:00,False
2024_0366,Campaign_2024_0366,2024-02-24,2024-08-10,Facebook Ads,South America,28546,5425,5425,3857.4,69347.96,Adults,Services,Mobile,2024,H1_2024,168,2,1,2,8,False,0.190044,1.0,16.977902,17.977902,0.711041,135.129265,0.711041,12.783034,12.783034,65490.560000000005,0.944376,0.190044,1.0,5,New Year,380.08827856792544,2429.3407132347793,1,2024-05-18 00:00:00,False
2024_0367,Campaign_2024_0367,2024-04-27,2024-10-21,Google Display Network,Africa,98342,65105,20234,24540.93,97407.88,Youth,Home,Desktop,2024,H1_2024,177,4,2,4,10,False,0.662026,0.31079,2.969201,3.969201,0.376944,249.546786,1.212856,1.496166,4.814069,72866.95000000001,0.74806,0.205751,0.31079026188464787,7,Summer,867.7777551808994,990.501311748795,1,2024-07-24 12:00:00,False
2024_0368,Campaign_2024_0368,2024-04-04,2024-07-16,TikTok Ads,Africa,35329,21301,21301,26435.2,133761.28,Youth,Services,Mobile,2024,H1_2024,103,4,2,4,7,False,0.602932,1.0,4.059969,5.059969,1.241031,748.257805,1.241031,6.279577,6.279577,107326.08,0.80237,0.602932,1.0,5,Summer,1205.8648702199325,3786.1609442667495,1,2024-05-25 12:00:00,False
2024_0369,Campaign_2024_0369,2024-03-17,2024-10-24,Email,South America,80313,69459,11451,5906.72,60362.41,Seniors,Clothing,Mobile,2024,H1_2024,221,3,1,3,10,False,0.864854,0.16486,9.219277,10.219277,0.085039,73.54625,0.515826,0.869037,5.271366,54455.69,0.902146,0.14258,0.1648598453764091,7,New Year,1007.4334167569384,751.5895309601185,1,2024-07-05 12:00:00,False
2024_0370,Campaign_2024_0370,2024-05-12,2024-11-27,Facebook Ads,North America,40684,3455,3455,3468.44,22007.36,Youth,Travel,Mobile,2024,H1_2024,199,5,2,5,11,False,0.084923,1.0,5.345031,6.345031,1.00389,85.253171,1.00389,6.369713,6.369713,18538.920000000002,0.842396,0.084923,1.0,8,Summer,169.84563956346477,540.9340281191623,1,2024-08-19 12:00:00,False
2024_0371,Campaign_2024_0371,2024-05-18,2024-09-16,Google Display Network,South America,36187,17672,8641,25326.05,113442.08,Adults,Electronics,Mobile,2024,H1_2024,121,5,2,5,9,False,0.488352,0.488966,3.479265,4.479265,1.433117,699.865974,2.930917,6.419312,13.128351,88116.03,0.776749,0.238787,0.4889655952919873,7,Summer,727.1395805123387,3134.884903418355,1,2024-07-17 12:00:00,False
2024_0372,Campaign_2024_0372,2024-06-04,2024-11-13,TikTok Ads,North America,96120,29090,29090,2490.88,85842.11,Adults,Services,Mobile,2024,H1_2024,162,6,2,6,11,False,0.302643,1.0,33.462563,34.462563,0.085627,25.914274,0.085627,2.950915,2.950915,83351.23,0.970983,0.302643,1.0,8,Summer,605.2850603412401,893.0723054515189,1,2024-08-24 00:00:00,False
2024_0373,Campaign_2024_0373,2024-05-02,2024-10-29,TikTok Ads,North America,49701,49701,17160,8733.02,148623.0,Adults,Electronics,Mobile,2024,H1_2024,180,5,2,5,10,False,1.0,0.345265,16.018511,17.018511,0.175711,175.711153,0.508917,2.990342,8.661014,139889.98,0.94124,0.345265,0.3452646828031629,7,Summer,1345.264682803163,2990.3422466348766,1,2024-07-31 00:00:00,False
2024_0374,Campaign_2024_0374,2024-03-01,2024-08-31,Facebook Ads,Africa,91552,22995,22995,11166.26,149599.72,Youth,Travel,Tablet,2024,H1_2024,183,3,1,3,8,False,0.251169,1.0,12.397478,13.397478,0.485595,121.966314,0.485595,6.50575,6.50575,138433.46,0.925359,0.251169,1.0,5,New Year,502.337469416288,1634.040982174065,1,2024-05-31 12:00:00,False
2024_0375,Campaign_2024_0375,2024-04-10,2024-10-02,Email,South America,4599,4599,4599,10605.03,123435.17,Youth,Home,Desktop,2024,H1_2024,175,4,2,4,10,False,1.0,1.0,10.639304,11.639304,2.305943,2305.942596,2.305943,26.839567,26.839567,112830.14,0.914084,1.0,1.0,7,Summer,2000.0,26839.56729723853,1,2024-07-06 12:00:00,False
2024_0376,Campaign_2024_0376,2024-03-12,2024-07-31,TikTok Ads,North America,3095,3095,3095,33199.4,96371.63,Youth,Services,Desktop,2024,H1_2024,141,3,1,3,7,False,1.0,1.0,1.902812,2.902812,10.726785,10726.785137,10.726785,31.137845,31.137845,63172.23,0.655507,1.0,1.0,5,New Year,1999.9999999999998,31137.84491114701,1,2024-05-21 12:00:00,False
2024_0377,Campaign_2024_0377,2024-06-21,2024-12-23,Facebook Ads,Asia,28334,28334,28334,39478.87,59937.56,Youth,Home,Mobile,2024,H1_2024,185,6,2,6,12,False,1.0,1.0,0.518219,1.518219,1.393339,1393.339098,1.393339,2.115394,2.115394,20458.689999999995,0.341333,1.0,1.0,9,Summer,2000.0,2115.393520152467,0,2024-09-21 12:00:00,False
2024_0378,Campaign_2024_0378,2024-01-26,2024-07-15,Facebook Ads,North America,20114,20114,20114,32526.09,11466.09,Adults,Travel,Mobile,2024,H1_2024,171,1,1,1,7,False,1.0,1.0,-0.64748,0.35252,1.617087,1617.087104,1.617087,0.570055,0.570055,-21060.0,-1.83672,1.0,1.0,4,New Year,2000.0,570.055185442975,0,2024-04-20 12:00:00,False
2024_0379,Campaign_2024_0379,2024-04-08,2024-11-24,Google Ads,Europe,99120,45578,3719,23920.92,62500.22,Adults,Clothing,Desktop,2024,H1_2024,230,4,2,4,11,False,0.459826,0.081596,1.612785,2.612785,0.524835,241.33293,6.432084,1.37128,16.805652,38579.3,0.617267,0.03752,0.08159638422045724,8,Summer,497.3466505246166,630.5510492332526,1,2024-08-01 00:00:00,False
2024_0380,Campaign_2024_0380,2024-04-08,2024-12-03,Google Ads,Asia,54413,54413,49729,43356.73,91239.96,Adults,Home,Mobile,2024,H1_2024,239,4,2,4,12,False,1.0,0.913918,1.104401,2.104401,0.796808,796.808299,0.87186,1.676804,1.834744,47883.23,0.524805,0.913918,0.9139176299781302,8,Summer,1913.9176299781304,1676.8044401154139,0,2024-08-05 12:00:00,False
2024_0381,Campaign_2024_0381,2024-01-16,2024-11-14,Google Ads,Europe,35018,35018,35018,34955.36,37429.05,Seniors,Electronics,Desktop,2024,H1_2024,303,1,1,1,11,False,1.0,1.0,0.070767,1.070767,0.998211,998.211206,0.998211,1.068852,1.068852,2473.6900000000023,0.06609,1.0,1.0,6,New Year,2000.0,1068.8517333942546,0,2024-06-15 12:00:00,False
2024_0382,Campaign_2024_0382,2024-02-10,2024-10-31,Facebook Ads,North America,12060,5535,5535,1638.19,81208.88,Youth,Home,Desktop,2024,H1_2024,264,2,1,2,10,False,0.458955,1.0,48.572321,49.572321,0.295969,135.83665,0.295969,14.671884,14.671884,79570.69,0.979827,0.458955,1.0,6,New Year,917.910447761194,6733.737976782753,1,2024-06-21 00:00:00,False
2024_0383,Campaign_2024_0383,2024-05-23,2024-10-28,Email,North America,66594,66594,43933,3847.11,4946.88,Adults,Electronics,Mobile,2024,H1_2024,158,5,2,5,10,False,1.0,0.659714,0.285869,1.285869,0.05777,57.769619,0.087568,0.074284,0.112601,1099.77,0.222316,0.659714,0.6597140883563084,8,Summer,1659.7140883563086,74.28416974502208,0,2024-08-10 00:00:00,False
2024_0384,Campaign_2024_0384,2024-02-03,2024-10-13,Google Display Network,Africa,40979,40979,39349,2223.98,15623.34,Youth,Services,Tablet,2024,H1_2024,253,2,1,2,10,False,1.0,0.960224,6.024946,7.024946,0.054271,54.271212,0.056519,0.381252,0.397045,13399.36,0.85765,0.960224,0.9602235291246736,6,New Year,1960.2235291246736,381.2523487640011,1,2024-06-08 12:00:00,False
2024_0385,Campaign_2024_0385,2024-05-04,2024-12-30,Facebook Ads,Europe,79285,67831,20647,25043.5,142868.74,Youth,Home,Mobile,2024,H1_2024,240,5,2,5,12,False,0.855534,0.304389,4.704823,5.704823,0.369204,315.86681,1.212937,2.106246,6.919588,117825.23999999999,0.82471,0.260415,0.30438884875646827,9,Summer,1115.9487923314625,1801.9643059847385,1,2024-09-01 00:00:00,False
2024_0386,Campaign_2024_0386,2024-06-01,2024-09-02,Email,Africa,3325,3325,3325,27070.05,130525.09,Youth,Home,Desktop,2024,H1_2024,93,6,2,6,9,False,1.0,1.0,3.821753,4.821753,8.141368,8141.368421,8.141368,39.255666,39.255666,103455.04,0.792607,1.0,1.0,7,Summer,2000.0,39255.66616541353,1,2024-07-17 12:00:00,False
2024_0387,Campaign_2024_0387,2024-05-15,2024-08-07,Email,North America,11878,11878,11878,18255.15,23570.23,Seniors,Home,Mobile,2024,H1_2024,84,5,2,5,8,False,1.0,1.0,0.291155,1.291155,1.536888,1536.887523,1.536888,1.98436,1.98436,5315.079999999998,0.2255,1.0,1.0,6,Summer,2000.0,1984.3601616433743,0,2024-06-26 00:00:00,False
2024_0388,Campaign_2024_0388,2024-04-07,2024-10-07,Google Display Network,Africa,52227,52227,52227,17630.7,125418.67,Adults,Services,Desktop,2024,H1_2024,183,4,2,4,10,False,1.0,1.0,6.113652,7.113652,0.337578,337.578264,0.337578,2.401414,2.401414,107787.97,0.859425,1.0,1.0,7,Summer,2000.0000000000002,2401.414402512111,1,2024-07-07 12:00:00,False
2024_0389,Campaign_2024_0389,2024-03-09,2024-12-13,Email,North America,35919,28640,28640,44220.5,45264.78,Youth,Clothing,Tablet,2024,H1_2024,279,3,1,3,12,False,0.79735,1.0,0.023615,1.023615,1.544012,1231.117236,1.544012,1.580474,1.580474,1044.2799999999988,0.02307,0.79735,1.0,7,New Year,1594.6991842757316,1260.190428464044,0,2024-07-26 12:00:00,False
2024_0390,Campaign_2024_0390,2024-05-16,2024-09-25,Google Display Network,Africa,41869,41869,37684,14320.37,104528.51,Adults,Services,Tablet,2024,H1_2024,132,5,2,5,9,False,1.0,0.900045,6.299288,7.299288,0.342028,342.027992,0.380012,2.496561,2.773817,90208.14,0.863,0.900045,0.9000453796364852,7,Summer,1900.0453796364852,2496.560940074996,1,2024-07-21 00:00:00,False
2024_0391,Campaign_2024_0391,2024-06-09,2024-12-06,Facebook Ads,South America,81286,10091,3517,32387.11,86491.55,Adults,Services,Tablet,2024,H1_2024,180,6,2,6,12,False,0.124142,0.348528,1.670555,2.670555,3.209505,398.434048,9.208732,8.571157,24.592423,54104.44,0.625546,0.043267,0.3485283916361114,9,Summer,167.40890190192653,1064.0399330758064,1,2024-09-07 00:00:00,False
2024_0392,Campaign_2024_0392,2024-03-23,2024-11-09,Facebook Ads,Asia,60775,56663,43964,14480.97,69736.22,Youth,Travel,Desktop,2024,H1_2024,231,3,1,3,11,False,0.932341,0.775885,3.815715,4.815715,0.255563,238.271822,0.329382,1.230719,1.586212,55255.25,0.792347,0.72339,0.7758854984734306,7,New Year,1655.7301522007406,1147.4491155902922,1,2024-07-16 12:00:00,False
2024_0393,Campaign_2024_0393,2024-02-01,2024-12-26,Google Ads,South America,87694,51646,39264,34351.71,94992.73,Seniors,Electronics,Desktop,2024,H1_2024,329,2,1,2,12,False,0.588934,0.760252,1.765298,2.765298,0.665138,391.722467,0.874891,1.839305,2.419334,60641.02,0.638375,0.447739,0.760252488092011,7,New Year,1036.6729764864187,1083.2295253951238,1,2024-07-14 12:00:00,False
2024_0394,Campaign_2024_0394,2024-01-19,2024-12-31,Google Display Network,South America,99657,20367,20367,32573.79,147472.78,Seniors,Clothing,Mobile,2024,H1_2024,347,1,1,1,12,False,0.204371,1.0,3.527345,4.527345,1.599342,326.859026,1.599342,7.240771,7.240771,114898.98999999999,0.77912,0.204371,1.0,7,New Year,408.74198500857943,1479.8035260945042,1,2024-07-10 12:00:00,False
2024_0395,Campaign_2024_0395,2024-05-11,2024-09-19,Email,South America,21017,21017,21017,23252.38,81372.23,Youth,Electronics,Tablet,2024,H1_2024,131,5,2,5,9,False,1.0,1.0,2.499523,3.499523,1.106361,1106.360565,1.106361,3.871734,3.871734,58119.84999999999,0.714247,1.0,1.0,7,Summer,2000.0,3871.7338345149165,1,2024-07-15 12:00:00,False
2024_0396,Campaign_2024_0396,2024-06-08,2024-08-06,TikTok Ads,South America,70315,67348,67348,4842.34,144105.13,Seniors,Services,Desktop,2024,H1_2024,59,6,2,6,8,False,0.957804,1.0,28.759399,29.759399,0.0719,68.866387,0.0719,2.139709,2.139709,139262.79,0.966397,0.957804,1.0,7,Summer,1915.6083339259048,2049.4223138732846,1,2024-07-07 12:00:00,False
2024_0397,Campaign_2024_0397,2024-03-08,2024-10-26,TikTok Ads,Asia,59968,59968,9324,31020.32,43195.87,Adults,Clothing,Desktop,2024,H1_2024,232,3,1,3,10,False,1.0,0.155483,0.392502,1.392502,0.517281,517.281217,3.326933,0.720315,4.632762,12175.550000000003,0.281868,0.155483,0.155482924226254,7,New Year,1155.482924226254,720.3153348452508,0,2024-07-02 00:00:00,False
2024_0398,Campaign_2024_0398,2024-01-01,2024-09-13,Facebook Ads,Europe,36571,18599,13539,46279.12,108386.33,Adults,Electronics,Tablet,2024,H1_2024,256,1,1,1,9,False,0.508572,0.727942,1.342014,2.342014,2.488259,1265.459517,3.418208,5.827535,8.00549,62107.21,0.573017,0.370211,0.7279423624926071,5,New Year,878.7837357469033,2963.723442071587,0,2024-05-08 00:00:00,False
2024_0399,Campaign_2024_0399,2024-02-03,2024-08-23,Google Ads,South America,90869,80702,69084,46354.31,99108.77,Adults,Electronics,Mobile,2024,H1_2024,202,2,1,2,8,False,0.888114,0.856038,1.13807,2.13807,0.574389,510.122374,0.670985,1.228083,1.434613,52754.46000000001,0.532289,0.760259,0.8560382642313697,5,New Year,1648.3729324632163,1090.677458759313,0,2024-05-14 00:00:00,False
2024_0400,Campaign_2024_0400,2024-05-23,2024-11-09,Google Display Network,North America,34696,34696,34696,33836.82,29480.75,Adults,Electronics,Desktop,2024,H1_2024,170,5,2,5,11,False,1.0,1.0,-0.128738,0.871262,0.975237,975.236915,0.975237,0.849687,0.849687,-4356.07,-0.14776,1.0,1.0,8,Summer,2000.0000000000002,849.6872838367535,0,2024-08-16 00:00:00,False
2024_0401,Campaign_2024_0401,2024-05-30,2024-08-01,Google Display Network,Asia,66986,9176,9176,43530.41,1148.92,Seniors,Home,Mobile,2024,H1_2024,63,5,2,5,8,False,0.136984,1.0,-0.973606,0.026394,4.743942,649.8434,4.743942,0.125209,0.125209,-42381.490000000005,-36.888112,0.136984,1.0,6,Summer,273.9676947421849,17.151643627026544,0,2024-06-30 12:00:00,False
2024_0402,Campaign_2024_0402,2024-02-12,2024-12-04,TikTok Ads,Europe,5977,5977,5977,14009.95,38653.54,Adults,Travel,Tablet,2024,H1_2024,296,2,1,2,12,False,1.0,1.0,1.759006,2.759006,2.343977,2343.976911,2.343977,6.467047,6.467047,24643.59,0.637551,1.0,1.0,7,New Year,2000.0,6467.047013551949,1,2024-07-09 00:00:00,False
2024_0403,Campaign_2024_0403,2024-04-28,2024-08-10,Email,Africa,35395,35395,35395,48168.41,62194.36,Seniors,Electronics,Desktop,2024,H1_2024,104,4,2,4,8,False,1.0,1.0,0.291186,1.291186,1.360882,1360.881763,1.360882,1.757151,1.757151,14025.949999999997,0.225518,1.0,1.0,6,Summer,1999.9999999999998,1757.151010029665,0,2024-06-19 00:00:00,False
2024_0404,Campaign_2024_0404,2024-03-25,2024-09-03,Facebook Ads,South America,73545,3052,3052,42094.31,10647.63,Seniors,Services,Tablet,2024,H1_2024,162,3,1,3,9,False,0.041498,1.0,-0.747053,0.252947,13.792369,572.361275,13.792369,3.488739,3.488739,-31446.68,-2.953397,0.041498,1.0,6,New Year,82.99680467740839,144.77707526004485,0,2024-06-14 00:00:00,False
2024_0405,Campaign_2024_0405,2024-06-08,2024-12-20,Facebook Ads,North America,75148,65356,65356,35360.4,60517.4,Seniors,Clothing,Mobile,2024,H1_2024,195,6,2,6,12,False,0.869697,1.0,0.711446,1.711446,0.541043,470.543461,0.541043,0.925965,0.925965,25157.0,0.415699,0.869697,1.0,9,Summer,1739.3942619896739,805.3095225421835,0,2024-09-13 12:00:00,False
2024_0406,Campaign_2024_0406,2024-03-29,2024-12-17,Email,Europe,44162,44162,44162,3442.83,33697.35,Seniors,Clothing,Mobile,2024,H1_2024,263,3,1,3,12,False,1.0,1.0,8.787689,9.787689,0.077959,77.959105,0.077959,0.763039,0.763039,30254.519999999997,0.897831,1.0,1.0,8,New Year,2000.0,763.0394909650831,1,2024-08-07 12:00:00,False
2024_0407,Campaign_2024_0407,2024-05-05,2024-08-31,Facebook Ads,Africa,86351,78056,71880,24266.41,133716.27,Seniors,Travel,Tablet,2024,H1_2024,118,5,2,5,8,False,0.903939,0.920877,4.510344,5.510344,0.310885,281.020602,0.337596,1.713081,1.860271,109449.85999999999,0.818523,0.832417,0.9208773188480066,7,Summer,1736.3551088001298,1548.520225590902,1,2024-07-03 00:00:00,False
2024_0408,Campaign_2024_0408,2024-02-04,2024-10-31,Google Ads,South America,94957,78531,32799,11867.24,29027.73,Adults,Home,Tablet,2024,H1_2024,270,2,1,2,10,False,0.827016,0.417657,1.446039,2.446039,0.151115,124.974883,0.361817,0.369634,0.885019,17160.489999999998,0.591176,0.345409,0.4176567215494518,6,New Year,1172.4254136082648,305.69341912655204,0,2024-06-18 00:00:00,False
2024_0409,Campaign_2024_0409,2024-03-30,2024-08-08,TikTok Ads,North America,33752,33752,33752,20581.85,32013.79,Seniors,Travel,Mobile,2024,H1_2024,131,3,1,3,8,False,1.0,1.0,0.555438,1.555438,0.609796,609.796457,0.609796,0.948501,0.948501,11431.940000000002,0.357094,1.0,1.0,6,New Year,1999.9999999999998,948.5005333017302,0,2024-06-03 12:00:00,False
2024_0410,Campaign_2024_0410,2024-01-30,2024-09-14,TikTok Ads,South America,79935,59557,44401,17963.9,104737.46,Adults,Travel,Tablet,2024,H1_2024,228,1,1,1,9,False,0.745068,0.745521,4.830441,5.830441,0.301625,224.731344,0.404583,1.758609,2.358899,86773.56,0.828486,0.555464,0.7455210974360696,5,New Year,1300.5316819916181,1310.282854819541,1,2024-05-23 00:00:00,False
2024_0411,Campaign_2024_0411,2024-03-02,2024-07-16,Facebook Ads,Africa,68920,68920,64400,26095.9,74751.62,Youth,Electronics,Tablet,2024,H1_2024,136,3,1,3,7,False,1.0,0.934417,1.864497,2.864497,0.37864,378.640453,0.405216,1.084614,1.160739,48655.719999999994,0.650899,0.934417,0.934416715031921,5,New Year,1934.416715031921,1084.6143354614044,1,2024-05-09 00:00:00,False
2024_0412,Campaign_2024_0412,2024-06-26,2024-11-27,Email,South America,81614,29487,29487,18702.01,126205.07,Youth,Clothing,Tablet,2024,H1_2024,154,6,2,6,11,False,0.361298,1.0,5.748209,6.748209,0.634246,229.151984,0.634246,4.280024,4.280024,107503.06000000001,0.851813,0.361298,1.0,9,Summer,722.596613326145,1546.3654520057833,1,2024-09-11 00:00:00,False
2024_0413,Campaign_2024_0413,2024-06-03,2024-10-29,Google Display Network,South America,26355,5106,5106,47124.86,110574.65,Youth,Clothing,Tablet,2024,H1_2024,148,6,2,6,10,False,0.193739,1.0,1.346419,2.346419,9.229311,1788.08044,9.229311,21.655826,21.655826,63449.78999999999,0.573819,0.193739,1.0,8,Summer,387.47865680136596,4195.585277935876,0,2024-08-16 00:00:00,False
2024_0414,Campaign_2024_0414,2024-02-05,2024-10-18,Google Display Network,South America,30890,12164,12164,33819.27,9728.64,Adults,Travel,Mobile,2024,H1_2024,256,2,1,2,10,False,0.393784,1.0,-0.712334,0.287666,2.780275,1094.829071,2.780275,0.79979,0.79979,-24090.629999999997,-2.476259,0.393784,1.0,6,New Year,787.5687924894788,314.9446422790547,0,2024-06-12 00:00:00,False
2024_0415,Campaign_2024_0415,2024-04-23,2024-10-12,Facebook Ads,Africa,71232,46636,9477,29681.08,136621.34,Seniors,Services,Tablet,2024,H1_2024,172,4,2,4,10,False,0.654706,0.203212,3.602977,4.602977,0.636441,416.681828,3.131907,2.929525,14.416096,106940.26,0.782749,0.133044,0.2032121108156789,7,Summer,787.7498876909254,1917.9770327942497,1,2024-07-18 00:00:00,False
2024_0416,Campaign_2024_0416,2024-04-13,2024-10-23,Facebook Ads,Europe,7891,7891,7891,46127.28,104544.69,Adults,Services,Mobile,2024,H1_2024,193,4,2,4,10,False,1.0,1.0,1.26644,2.26644,5.845556,5845.555696,5.845556,13.248598,13.248598,58417.41,0.558779,1.0,1.0,7,Summer,2000.0,13248.598403244203,0,2024-07-18 12:00:00,False
2024_0417,Campaign_2024_0417,2024-06-24,2024-11-22,TikTok Ads,North America,5507,5507,5507,7907.48,127375.28,Seniors,Travel,Tablet,2024,H1_2024,151,6,2,6,11,False,1.0,1.0,15.108201,16.108201,1.435896,1435.896132,1.435896,23.129704,23.129704,119467.8,0.93792,1.0,1.0,9,Summer,2000.0000000000002,23129.70401307427,1,2024-09-07 12:00:00,False
2024_0418,Campaign_2024_0418,2024-05-04,2024-10-03,TikTok Ads,Asia,20667,20667,16673,47203.95,39469.89,Youth,Travel,Desktop,2024,H1_2024,152,5,2,5,10,False,1.0,0.806745,-0.163843,0.836157,2.284025,2284.025258,2.831161,1.909803,2.367294,-7734.059999999998,-0.195948,0.806745,0.8067450524991533,7,Summer,1806.7450524991532,1909.8025838292929,0,2024-07-19 00:00:00,False
2024_0419,Campaign_2024_0419,2024-01-21,2024-10-16,TikTok Ads,South America,46813,37816,37816,36582.09,23106.94,Youth,Electronics,Tablet,2024,H1_2024,269,1,1,1,10,False,0.80781,1.0,-0.368354,0.631646,0.967371,781.45152,0.967371,0.611036,0.611036,-13475.149999999998,-0.583165,0.80781,1.0,6,New Year,1615.6195928481404,493.60092282058395,0,2024-06-03 12:00:00,False
2024_0420,Campaign_2024_0420,2024-03-07,2024-10-15,Google Ads,Africa,90851,77201,50526,20040.74,129701.18,Adults,Home,Desktop,2024,H1_2024,222,3,1,3,10,False,0.849754,0.654473,5.471876,6.471876,0.259592,220.589096,0.396642,1.680045,2.567019,109660.43999999999,0.845485,0.556141,0.6544733876504191,6,New Year,1405.8953671396023,1427.6252325235826,1,2024-06-26 00:00:00,False
2024_0421,Campaign_2024_0421,2024-06-25,2024-10-03,Email,Europe,28254,17875,17875,18760.5,147891.1,Seniors,Travel,Tablet,2024,H1_2024,100,6,2,6,10,False,0.632654,1.0,6.883111,7.883111,1.049538,663.994479,1.049538,8.273628,8.273628,129130.6,0.873147,0.632654,1.0,8,Summer,1265.3075670701494,5234.342040065124,1,2024-08-14 00:00:00,False
2024_0422,Campaign_2024_0422,2024-06-11,2024-08-04,Google Ads,North America,2404,2404,2404,33909.65,27126.43,Adults,Clothing,Desktop,2024,H1_2024,54,6,2,6,8,False,1.0,1.0,-0.200038,0.799962,14.105512,14105.511647,14.105512,11.283873,11.283873,-6783.220000000001,-0.250059,1.0,1.0,7,Summer,2000.0,11283.872712146424,0,2024-07-08 00:00:00,False
2024_0423,Campaign_2024_0423,2024-05-11,2024-07-31,Email,North America,49884,26505,26505,25870.52,138849.96,Adults,Clothing,Desktop,2024,H1_2024,81,5,2,5,7,False,0.531333,1.0,4.367111,5.367111,0.976062,518.613584,0.976062,5.238633,5.238633,112979.43999999999,0.81368,0.531333,1.0,6,Summer,1062.6653836901612,2783.4568198219868,1,2024-06-20 12:00:00,False
2024_0424,Campaign_2024_0424,2024-04-22,2024-12-21,TikTok Ads,Asia,76281,37367,9833,47064.98,81801.33,Adults,Home,Mobile,2024,H1_2024,243,4,2,4,12,False,0.48986,0.263147,0.738051,1.738051,1.259533,616.994796,4.786431,2.189133,8.319061,34736.35,0.424643,0.128905,0.2631466267027056,8,Summer,618.764830036313,1072.3683486058126,0,2024-08-21 12:00:00,False
2024_0425,Campaign_2024_0425,2024-02-01,2024-10-06,Google Ads,Asia,72309,72309,48666,27379.62,50377.11,Seniors,Travel,Mobile,2024,H1_2024,248,2,1,2,10,False,1.0,0.673028,0.839949,1.839949,0.378647,378.647471,0.562603,0.696692,1.03516,22997.49,0.456507,0.673028,0.6730282537443472,6,New Year,1673.0282537443472,696.6921130149774,0,2024-06-04 00:00:00,False
2024_0426,Campaign_2024_0426,2024-03-15,2024-09-27,Email,Africa,23924,23924,23924,35555.56,83193.82,Adults,Home,Desktop,2024,H1_2024,196,3,1,3,9,False,1.0,1.0,1.339826,2.339826,1.486188,1486.187928,1.486188,3.477421,3.477421,47638.26000000001,0.572618,1.0,1.0,6,New Year,2000.0,3477.4209998328042,0,2024-06-21 00:00:00,False
2024_0427,Campaign_2024_0427,2024-06-01,2024-10-29,Email,South America,29839,19010,19010,22280.68,9105.28,Youth,Clothing,Mobile,2024,H1_2024,150,6,2,6,10,False,0.637086,1.0,-0.591337,0.408663,1.17205,746.696605,1.17205,0.478973,0.478973,-13175.4,-1.447007,0.637086,1.0,8,Summer,1274.1713864405644,305.14695532692116,0,2024-08-15 00:00:00,False
2024_0428,Campaign_2024_0428,2024-05-11,2024-09-09,Google Ads,South America,54760,30981,30981,43807.27,67926.35,Seniors,Travel,Mobile,2024,H1_2024,121,5,2,5,9,False,0.56576,1.0,0.550573,1.550573,1.414004,799.986669,1.414004,2.192516,2.192516,24119.08000000001,0.355077,0.56576,1.0,7,Summer,1131.5193571950329,1240.4373630387145,0,2024-07-10 12:00:00,False
2024_0429,Campaign_2024_0429,2024-01-19,2024-07-20,Google Ads,Africa,67150,21653,21653,41730.74,60876.52,Adults,Electronics,Tablet,2024,H1_2024,183,1,1,1,7,False,0.322457,1.0,0.458793,1.458793,1.92725,621.455547,1.92725,2.811459,2.811459,19145.78,0.314502,0.322457,1.0,4,New Year,644.9143708116158,906.5751303052865,0,2024-04-19 12:00:00,False
2024_0430,Campaign_2024_0430,2024-04-26,2024-12-12,Facebook Ads,Europe,73816,73217,57606,40023.8,30124.53,Seniors,Services,Tablet,2024,H1_2024,230,4,2,4,12,False,0.991885,0.786784,-0.247335,0.752665,0.546646,542.210361,0.694785,0.411442,0.522941,-9899.270000000004,-0.328612,0.7804,0.7867844899408607,8,Summer,1772.2851414327517,408.102985802536,0,2024-08-19 00:00:00,False
2024_0431,Campaign_2024_0431,2024-04-19,2024-10-28,TikTok Ads,Europe,78135,73378,36977,29042.13,123551.68,Adults,Services,Desktop,2024,H1_2024,192,4,2,4,10,False,0.939118,0.503925,3.254222,4.254222,0.395788,371.691687,0.785411,1.68377,3.341312,94509.54999999999,0.764939,0.473245,0.5039248821172558,7,Summer,1412.3632175081589,1581.259102834837,1,2024-07-24 00:00:00,False
2024_0432,Campaign_2024_0432,2024-03-08,2024-11-11,Facebook Ads,North America,48228,25070,25070,3168.77,38586.89,Seniors,Travel,Tablet,2024,H1_2024,248,3,1,3,11,False,0.519823,1.0,11.177245,12.177245,0.126397,65.703948,0.126397,1.539166,1.539166,35418.12,0.91788,0.519823,1.0,7,New Year,1039.6450194907522,800.0930994443062,1,2024-07-10 00:00:00,False
2024_0433,Campaign_2024_0433,2024-01-12,2024-07-25,Google Ads,South America,85596,24149,24149,15644.12,8612.85,Youth,Travel,Mobile,2024,H1_2024,195,1,1,1,7,False,0.282128,1.0,-0.449451,0.550549,0.647816,182.766952,0.647816,0.356655,0.356655,-7031.27,-0.81637,0.282128,1.0,4,New Year,564.2553390345342,100.62210850974344,0,2024-04-18 12:00:00,False
2024_0434,Campaign_2024_0434,2024-04-08,2024-08-12,TikTok Ads,North America,6493,6493,6493,15465.26,11566.74,Adults,Services,Mobile,2024,H1_2024,126,4,2,4,8,False,1.0,1.0,-0.252082,0.747918,2.381836,2381.835823,2.381836,1.781417,1.781417,-3898.5200000000004,-0.337046,1.0,1.0,6,Summer,2000.0,1781.4169105190203,0,2024-06-10 00:00:00,False
2024_0435,Campaign_2024_0435,2024-04-28,2024-12-28,TikTok Ads,North America,47740,47740,47740,16424.6,2048.54,Youth,Services,Tablet,2024,H1_2024,244,4,2,4,12,False,1.0,1.0,-0.875276,0.124724,0.344043,344.042731,0.344043,0.04291,0.04291,-14376.059999999998,-7.01771,1.0,1.0,8,Summer,2000.0,42.91034771679933,0,2024-08-28 00:00:00,False
2024_0436,Campaign_2024_0436,2024-05-14,2024-09-03,Google Display Network,Asia,42978,35277,18229,41298.64,44135.31,Adults,Services,Tablet,2024,H1_2024,112,5,2,5,9,False,0.820815,0.516739,0.068687,1.068687,1.170696,960.925124,2.265546,1.251107,2.421159,2836.6699999999983,0.064272,0.424147,0.5167389517249199,7,Summer,1244.9625389734283,1026.927963143934,0,2024-07-09 00:00:00,False
2024_0437,Campaign_2024_0437,2024-04-21,2024-09-02,TikTok Ads,Africa,88583,11798,11798,24078.48,29365.97,Youth,Travel,Mobile,2024,H1_2024,134,4,2,4,9,False,0.133186,1.0,0.219594,1.219594,2.040895,271.818295,2.040895,2.489063,2.489063,5287.490000000002,0.180055,0.133186,1.0,6,Summer,266.37165144553694,331.50796428208577,0,2024-06-27 00:00:00,False
2024_0438,Campaign_2024_0438,2024-01-12,2024-07-12,Google Ads,North America,65893,15629,12519,35332.76,65737.35,Seniors,Travel,Tablet,2024,H1_2024,182,1,1,1,7,False,0.237188,0.801011,0.860521,1.860521,2.260718,536.214165,2.822331,4.206114,5.251006,30404.590000000004,0.462516,0.18999,0.801010941199053,4,New Year,427.1773936533471,997.6378370995402,0,2024-04-12 00:00:00,False
2024_0439,Campaign_2024_0439,2024-04-07,2024-09-11,Facebook Ads,Europe,10896,10896,10896,47394.8,7403.76,Adults,Services,Tablet,2024,H1_2024,157,4,2,4,9,False,1.0,1.0,-0.843785,0.156215,4.349743,4349.743025,4.349743,0.679493,0.679493,-39991.04,-5.40145,1.0,1.0,6,Summer,1999.9999999999998,679.4933920704846,0,2024-06-24 12:00:00,False
2024_0440,Campaign_2024_0440,2024-03-07,2024-10-11,TikTok Ads,North America,30966,30966,30966,33299.52,89713.63,Youth,Home,Desktop,2024,H1_2024,218,3,1,3,10,False,1.0,1.0,1.694142,2.694142,1.075357,1075.357489,1.075357,2.897166,2.897166,56414.11000000001,0.628824,1.0,1.0,6,New Year,2000.0,2897.165600981722,1,2024-06-24 00:00:00,False
2024_0441,Campaign_2024_0441,2024-03-17,2024-09-12,Facebook Ads,South America,19976,19976,19976,45435.3,141643.05,Seniors,Travel,Desktop,2024,H1_2024,179,3,1,3,9,False,1.0,1.0,2.117467,3.117467,2.274494,2274.494393,2.274494,7.090661,7.090661,96207.74999999999,0.679227,1.0,1.0,6,New Year,2000.0,7090.661293552263,1,2024-06-14 12:00:00,False
2024_0442,Campaign_2024_0442,2024-06-06,2024-11-16,Google Ads,Africa,95230,63602,39725,37275.74,32662.29,Youth,Travel,Desktop,2024,H1_2024,163,6,2,6,11,False,0.667878,0.624587,-0.123765,0.876235,0.586078,391.428541,0.938345,0.513542,0.82221,-4613.449999999997,-0.141247,0.417148,0.62458727712965,8,Summer,1085.0257271868109,342.98319857187863,0,2024-08-26 12:00:00,False
2024_0443,Campaign_2024_0443,2024-02-17,2024-09-21,Google Ads,Asia,11386,11386,11386,43197.11,121866.24,Adults,Home,Desktop,2024,H1_2024,217,2,1,2,9,False,1.0,1.0,1.821167,2.821167,3.793879,3793.879325,3.793879,10.703165,10.703165,78669.13,0.645537,1.0,1.0,6,New Year,2000.0000000000002,10703.165290707888,1,2024-06-04 12:00:00,False
2024_0444,Campaign_2024_0444,2024-02-26,2024-11-21,Facebook Ads,Europe,72315,20649,20649,23313.05,15026.22,Adults,Travel,Tablet,2024,H1_2024,269,2,1,2,11,False,0.285542,1.0,-0.355459,0.644541,1.129016,322.38194,1.129016,0.727697,0.727697,-8286.83,-0.551491,0.285542,1.0,7,New Year,571.0848371707115,207.78842563783448,0,2024-07-09 12:00:00,False
2024_0445,Campaign_2024_0445,2024-04-04,2024-11-06,Email,Asia,78247,32706,32706,43545.64,108090.07,Adults,Services,Mobile,2024,H1_2024,216,4,2,4,11,False,0.417984,1.0,1.482225,2.482225,1.331427,556.515138,1.331427,3.3049,3.3049,64544.43000000001,0.597136,0.417984,1.0,7,Summer,835.9681521336281,1381.3957084616663,0,2024-07-21 00:00:00,False
2024_0446,Campaign_2024_0446,2024-06-07,2024-09-29,Google Display Network,Asia,90165,21019,21019,25182.42,136630.79,Youth,Travel,Mobile,2024,H1_2024,114,6,2,6,9,False,0.233117,1.0,4.425642,5.425642,1.198079,279.29263,1.198079,6.500347,6.500347,111448.37000000001,0.81569,0.233117,1.0,8,Summer,466.2341263239616,1515.341762324627,1,2024-08-03 00:00:00,False
2024_0447,Campaign_2024_0447,2024-05-08,2024-09-12,TikTok Ads,Europe,98876,24875,24875,4984.94,53617.71,Seniors,Travel,Desktop,2024,H1_2024,127,5,2,5,9,False,0.251578,1.0,9.755939,10.755939,0.2004,50.416077,0.2004,2.155486,2.155486,48632.77,0.907028,0.251578,1.0,7,Summer,503.15546745418504,542.2722399773453,1,2024-07-10 12:00:00,False
2024_0448,Campaign_2024_0448,2024-06-22,2024-10-14,Google Display Network,Asia,94824,22105,22105,28253.77,86604.53,Seniors,Home,Tablet,2024,H1_2024,114,6,2,6,10,False,0.233116,1.0,2.065238,3.065238,1.278162,297.960116,1.278162,3.917871,3.917871,58350.759999999995,0.673761,0.233116,1.0,8,Summer,466.23217750780395,913.3186745971484,1,2024-08-18 00:00:00,False
2024_0449,Campaign_2024_0449,2024-06-22,2024-07-22,Google Display Network,Europe,35793,35793,19236,48804.7,4795.35,Adults,Home,Mobile,2024,H1_2024,30,6,2,6,7,False,1.0,0.537424,-0.901744,0.098256,1.363526,1363.526388,2.537154,0.133975,0.24929,-44009.35,-9.177505,0.537424,0.5374235185650825,7,Summer,1537.4235185650825,133.97452015757273,0,2024-07-07 00:00:00,False
2024_0450,Campaign_2024_0450,2024-06-13,2024-07-05,Google Ads,North America,35101,35101,35101,31319.59,90163.55,Adults,Home,Mobile,2024,H1_2024,22,6,2,6,7,False,1.0,1.0,1.878823,2.878823,0.892271,892.270591,0.892271,2.568689,2.568689,58843.96000000001,0.652636,1.0,1.0,6,Summer,2000.0,2568.688926241418,1,2024-06-24 00:00:00,False
2024_0451,Campaign_2024_0451,2024-03-28,2024-11-30,TikTok Ads,Asia,68084,56113,33274,14298.77,49868.18,Youth,Clothing,Mobile,2024,H1_2024,247,3,1,3,11,False,0.824173,0.592982,2.487585,3.487585,0.254821,210.016597,0.429728,0.88871,1.498713,35569.41,0.713269,0.48872,0.5929820184271024,7,New Year,1312.8928970095762,732.4507960754362,1,2024-07-29 12:00:00,False
2024_0452,Campaign_2024_0452,2024-01-21,2024-07-24,Google Ads,North America,63203,30819,30819,37626.78,125482.03,Youth,Clothing,Mobile,2024,H1_2024,185,1,1,1,7,False,0.487619,1.0,2.334913,3.334913,1.220896,595.332184,1.220896,4.07158,4.07158,87855.25,0.700142,0.487619,1.0,4,New Year,975.2385171589956,1985.3809154628734,1,2024-04-22 12:00:00,False
2024_0453,Campaign_2024_0453,2024-01-12,2024-08-08,Google Display Network,North America,28453,28453,28453,18649.31,79631.11,Seniors,Electronics,Mobile,2024,H1_2024,209,1,1,1,8,False,1.0,1.0,3.269923,4.269923,0.655443,655.44266,0.655443,2.798689,2.798689,60981.8,0.765804,1.0,1.0,4,New Year,2000.0,2798.6894176361016,1,2024-04-25 12:00:00,False
2024_0454,Campaign_2024_0454,2024-03-16,2024-07-07,Facebook Ads,North America,93276,58103,58103,39385.96,121569.65,Seniors,Travel,Desktop,2024,H1_2024,113,3,1,3,7,False,0.622915,1.0,2.086624,3.086624,0.677864,422.251812,0.677864,2.092313,2.092313,82183.69,0.676021,0.622915,1.0,5,New Year,1245.829581028346,1303.332582872336,1,2024-05-11 12:00:00,False
2024_0455,Campaign_2024_0455,2024-01-17,2024-09-08,Email,South America,69714,69714,31648,10663.65,142336.5,Seniors,Clothing,Desktop,2024,H1_2024,235,1,1,1,9,False,1.0,0.453969,12.347822,13.347822,0.152963,152.96282,0.336945,2.04172,4.497488,131672.85,0.925081,0.453969,0.45396907364374445,5,New Year,1453.9690736437444,2041.720457870729,1,2024-05-13 12:00:00,False
2024_0456,Campaign_2024_0456,2024-01-24,2024-08-13,Google Ads,North America,85984,56387,19046,24280.93,56148.83,Seniors,Clothing,Tablet,2024,H1_2024,202,1,1,1,8,False,0.655785,0.337773,1.312466,2.312466,0.430612,282.388933,1.274857,0.995776,2.948064,31867.9,0.567561,0.221506,0.3377728909145725,5,New Year,877.2911239300336,653.0148632303685,0,2024-05-04 00:00:00,False
2024_0457,Campaign_2024_0457,2024-02-09,2024-08-14,Google Display Network,Africa,8904,8904,8904,28026.88,99691.45,Seniors,Clothing,Tablet,2024,H1_2024,187,2,1,2,8,False,1.0,1.0,2.556994,3.556994,3.147673,3147.672956,3.147673,11.196254,11.196254,71664.56999999999,0.718864,1.0,1.0,5,New Year,2000.0,11196.254492362983,1,2024-05-12 12:00:00,False
2024_0458,Campaign_2024_0458,2024-02-27,2024-08-13,TikTok Ads,Africa,35495,35495,35495,3429.1,35698.86,Youth,Travel,Mobile,2024,H1_2024,168,2,1,2,8,False,1.0,1.0,9.410563,10.410563,0.096608,96.607973,0.096608,1.005743,1.005743,32269.760000000002,0.903944,1.0,1.0,5,New Year,2000.0000000000002,1005.7433441329765,1,2024-05-21 00:00:00,False
2024_0459,Campaign_2024_0459,2024-01-17,2024-12-25,TikTok Ads,North America,80458,11684,8441,35268.42,134466.98,Youth,Services,Mobile,2024,H1_2024,343,1,1,1,12,False,0.145219,0.722441,2.812674,3.812674,3.018523,438.345721,4.178228,11.508643,15.930219,99198.56000000001,0.737717,0.104912,0.7224409448818898,7,New Year,250.13050287106316,1671.269233637426,1,2024-07-06 12:00:00,False
2024_0460,Campaign_2024_0460,2024-06-12,2024-08-27,Google Ads,Europe,46293,26121,26121,35571.53,105998.89,Adults,Electronics,Tablet,2024,H1_2024,76,6,2,6,8,False,0.564254,1.0,1.97988,2.97988,1.361798,768.399758,1.361798,4.057995,4.057995,70427.36,0.664416,0.564254,1.0,7,Summer,1128.5075497375412,2289.739053420604,1,2024-07-20 00:00:00,False
2024_0461,Campaign_2024_0461,2024-03-14,2024-10-07,Google Display Network,North America,23116,23116,2318,38564.98,115687.28,Youth,Clothing,Mobile,2024,H1_2024,207,3,1,3,10,False,1.0,0.100277,1.999801,2.999801,1.668324,1668.324105,16.637179,5.004641,49.908231,77122.29999999999,0.666645,0.100277,0.1002768645094307,6,New Year,1100.2768645094307,5004.640941339332,1,2024-06-25 12:00:00,False
2024_0462,Campaign_2024_0462,2024-06-28,2024-09-18,TikTok Ads,North America,47586,14066,14066,49423.03,45798.85,Seniors,Electronics,Desktop,2024,H1_2024,82,6,2,6,9,False,0.295591,1.0,-0.07333,0.92667,3.513652,1038.604421,3.513652,3.255997,3.255997,-3624.1800000000003,-0.079133,0.295591,1.0,8,Summer,591.1822805026688,962.4437859874753,0,2024-08-08 00:00:00,False
2024_0463,Campaign_2024_0463,2024-05-03,2024-08-24,Email,North America,58367,49961,19325,15705.01,98971.76,Seniors,Home,Tablet,2024,H1_2024,113,5,2,5,8,False,0.85598,0.386802,5.301923,6.301923,0.314345,269.073449,0.812678,1.98098,5.121436,83266.75,0.841318,0.331095,0.3868017053301575,6,Summer,1187.0748882073774,1695.6800932033511,1,2024-06-28 12:00:00,False
2024_0464,Campaign_2024_0464,2024-03-21,2024-10-29,Google Display Network,South America,71356,71356,4892,3106.89,38539.4,Youth,Clothing,Tablet,2024,H1_2024,222,3,1,3,10,False,1.0,0.068558,11.404495,12.404495,0.043541,43.540697,0.635096,0.5401,7.878046,35432.51,0.919384,0.068558,0.06855765457705028,7,New Year,1068.5576545770505,540.1003419474187,1,2024-07-10 00:00:00,False
2024_0465,Campaign_2024_0465,2024-03-25,2024-09-17,TikTok Ads,South America,35084,35084,35084,8617.5,99253.31,Seniors,Travel,Mobile,2024,H1_2024,176,3,1,3,9,False,1.0,1.0,10.517645,11.517645,0.245625,245.624786,0.245625,2.829019,2.829019,90635.81,0.913177,1.0,1.0,6,New Year,1999.9999999999998,2829.0192110363696,1,2024-06-21 00:00:00,False
2024_0466,Campaign_2024_0466,2024-06-08,2024-07-03,TikTok Ads,Europe,63789,63789,35213,47734.84,139897.2,Youth,Services,Mobile,2024,H1_2024,25,6,2,6,7,False,1.0,0.552023,1.930715,2.930715,0.748324,748.324006,1.355603,2.193124,3.972885,92162.36000000002,0.658786,0.552023,0.5520230760789477,6,Summer,1552.0230760789477,2193.124206367869,1,2024-06-20 12:00:00,False
2024_0467,Campaign_2024_0467,2024-06-29,2024-09-22,Email,Africa,26112,22145,22145,11065.8,112171.94,Youth,Home,Mobile,2024,H1_2024,85,6,2,6,9,False,0.848078,1.0,9.136813,10.136813,0.499697,423.782169,0.499697,5.065339,5.065339,101106.14,0.90135,0.848078,1.0,8,Summer,1696.155024509804,4295.800398284314,1,2024-08-10 12:00:00,False
2024_0468,Campaign_2024_0468,2024-03-31,2024-10-02,TikTok Ads,Europe,89444,70050,5056,32174.39,90998.52,Youth,Services,Mobile,2024,H1_2024,185,3,1,3,10,False,0.783172,0.072177,1.82829,2.82829,0.459306,359.715464,6.363606,1.299051,17.998125,58824.130000000005,0.64643,0.056527,0.07217701641684511,7,New Year,839.6985823532042,1017.3798130673941,1,2024-07-01 12:00:00,False
2024_0469,Campaign_2024_0469,2024-02-04,2024-09-15,Email,Europe,25742,25742,25742,32249.3,106944.91,Youth,Electronics,Desktop,2024,H1_2024,224,2,1,2,9,False,1.0,1.0,2.316193,3.316193,1.252789,1252.789216,1.252789,4.154491,4.154491,74695.61,0.698449,1.0,1.0,5,New Year,2000.0,4154.49110403232,1,2024-05-26 00:00:00,False
2024_0470,Campaign_2024_0470,2024-05-17,2024-10-30,Facebook Ads,Africa,56863,56863,56863,28654.54,18974.27,Seniors,Travel,Mobile,2024,H1_2024,166,5,2,5,10,False,1.0,1.0,-0.337827,0.662173,0.503922,503.92241,0.503922,0.333684,0.333684,-9680.27,-0.510179,1.0,1.0,8,Summer,2000.0,333.6839421064664,0,2024-08-08 00:00:00,False
2024_0471,Campaign_2024_0471,2024-01-01,2024-07-28,TikTok Ads,Europe,62918,62918,8869,35890.48,108759.22,Seniors,Electronics,Mobile,2024,H1_2024,209,1,1,1,7,False,1.0,0.140961,2.030308,3.030308,0.570433,570.432627,4.046734,1.728587,12.26285,72868.73999999999,0.670001,0.140961,0.14096125115229347,4,New Year,1140.9612511522935,1728.5867319368067,1,2024-04-14 12:00:00,False
2024_0472,Campaign_2024_0472,2024-05-19,2024-09-24,Google Display Network,Europe,59175,13487,13487,45529.76,105730.06,Youth,Travel,Tablet,2024,H1_2024,128,5,2,5,9,False,0.227917,1.0,1.322219,2.322219,3.375826,769.408703,3.375826,7.839405,7.839405,60200.299999999996,0.569377,0.227917,1.0,7,Summer,455.83438952260246,1786.7352767215887,0,2024-07-22 00:00:00,False
2024_0473,Campaign_2024_0473,2024-01-10,2024-07-27,Google Ads,North America,20729,20729,20729,35018.16,15923.31,Seniors,Home,Mobile,2024,H1_2024,199,1,1,1,7,False,1.0,1.0,-0.545284,0.454716,1.689332,1689.331854,1.689332,0.768166,0.768166,-19094.850000000006,-1.199176,1.0,1.0,4,New Year,2000.0,768.1658545998359,0,2024-04-18 12:00:00,False
2024_0474,Campaign_2024_0474,2024-02-24,2024-08-22,Google Ads,South America,58423,46882,46882,43248.48,46699.3,Adults,Travel,Mobile,2024,H1_2024,180,2,1,2,8,False,0.802458,1.0,0.079791,1.079791,0.922496,740.264622,0.922496,0.996103,0.996103,3450.8199999999997,0.073894,0.802458,1.0,5,New Year,1604.9158721736303,799.3307430292864,0,2024-05-24 00:00:00,False
2024_0475,Campaign_2024_0475,2024-01-15,2024-07-29,TikTok Ads,Europe,14071,14071,14071,13989.59,68069.22,Youth,Electronics,Mobile,2024,H1_2024,196,1,1,1,7,False,1.0,1.0,3.865705,4.865705,0.994214,994.214342,0.994214,4.837554,4.837554,54079.630000000005,0.79448,1.0,1.0,4,New Year,2000.0,4837.5538341269275,1,2024-04-22 00:00:00,False
2024_0476,Campaign_2024_0476,2024-05-17,2024-10-18,Google Ads,North America,2460,2460,2460,32057.12,60993.64,Youth,Electronics,Tablet,2024,H1_2024,154,5,2,5,10,False,1.0,1.0,0.902655,1.902655,13.03135,13031.349593,13.03135,24.794163,24.794163,28936.52,0.474419,1.0,1.0,8,Summer,2000.0,24794.162601626016,0,2024-08-02 00:00:00,False
2024_0477,Campaign_2024_0477,2024-04-05,2024-10-28,TikTok Ads,Europe,15601,15601,15601,33379.09,126955.98,Seniors,Clothing,Tablet,2024,H1_2024,206,4,2,4,10,False,1.0,1.0,2.803458,3.803458,2.139548,2139.548106,2.139548,8.137682,8.137682,93576.89,0.737081,1.0,1.0,7,Summer,2000.0,8137.682199858983,1,2024-07-17 00:00:00,False
2024_0478,Campaign_2024_0478,2024-04-14,2024-08-28,Facebook Ads,Europe,21682,6392,6392,30041.25,100731.41,Youth,Services,Tablet,2024,H1_2024,136,4,2,4,8,False,0.294807,1.0,2.353103,3.353103,4.69982,1385.538696,4.69982,15.758982,15.758982,70690.16,0.701769,0.294807,1.0,6,Summer,589.6135042892722,4645.85416474495,1,2024-06-21 00:00:00,False
2024_0479,Campaign_2024_0479,2024-03-03,2024-10-28,Facebook Ads,Africa,96863,67290,29357,14440.96,41735.42,Adults,Electronics,Desktop,2024,H1_2024,239,3,1,3,10,False,0.694693,0.436276,1.890072,2.890072,0.214608,149.086442,0.491909,0.620232,1.421651,27294.46,0.653988,0.303078,0.43627582107296775,6,New Year,997.770046354129,430.8706110692421,1,2024-06-30 12:00:00,False
2024_0480,Campaign_2024_0480,2024-01-10,2024-09-15,Facebook Ads,Asia,26962,491,491,15739.4,132026.2,Adults,Travel,Tablet,2024,H1_2024,249,1,1,1,9,False,0.018211,1.0,7.388261,8.388261,32.055804,583.762332,32.055804,268.892464,268.892464,116286.80000000002,0.880786,0.018211,1.0,5,New Year,36.42163044284548,4896.7509828647735,1,2024-05-13 12:00:00,False
2024_0481,Campaign_2024_0481,2024-06-07,2024-12-07,Email,North America,7924,7924,7924,17322.12,91565.0,Adults,Home,Mobile,2024,H1_2024,183,6,2,6,12,False,1.0,1.0,4.286016,5.286016,2.186032,2186.032307,2.186032,11.555401,11.555401,74242.88,0.810822,1.0,1.0,9,Summer,2000.0,11555.40131246845,1,2024-09-06 12:00:00,False
2024_0482,Campaign_2024_0482,2024-03-16,2024-09-05,Email,South America,42696,42696,42696,46127.28,68612.97,Seniors,Home,Tablet,2024,H1_2024,173,3,1,3,9,False,1.0,1.0,0.487471,1.487471,1.080365,1080.365374,1.080365,1.607012,1.607012,22485.690000000002,0.327718,1.0,1.0,6,New Year,2000.0,1607.011663856099,0,2024-06-10 12:00:00,False
2024_0483,Campaign_2024_0483,2024-02-09,2024-09-22,Facebook Ads,North America,81442,22292,22292,21896.06,51053.44,Seniors,Home,Mobile,2024,H1_2024,226,2,1,2,9,False,0.273716,1.0,1.331627,2.331627,0.982238,268.854645,0.982238,2.290214,2.290214,29157.38,0.571115,0.273716,1.0,6,New Year,547.4325286707104,626.8686918297685,0,2024-06-01 00:00:00,False
2024_0484,Campaign_2024_0484,2024-02-05,2024-08-24,Email,Europe,79112,18229,18229,17732.9,106928.24,Adults,Travel,Mobile,2024,H1_2024,201,2,1,2,8,False,0.23042,1.0,5.029935,6.029935,0.972785,224.149307,0.972785,5.865831,5.865831,89195.34,0.834161,0.23042,1.0,5,New Year,460.84032763676817,1351.6058246536556,1,2024-05-15 12:00:00,False
2024_0485,Campaign_2024_0485,2024-05-17,2024-08-14,Facebook Ads,Asia,79195,63814,31691,24584.29,84586.21,Seniors,Travel,Tablet,2024,H1_2024,89,5,2,5,8,False,0.805783,0.496615,2.440661,3.440661,0.385249,310.4273,0.77575,1.325512,2.669092,60001.920000000006,0.709358,0.400164,0.49661516281693674,6,Summer,1205.9473451606793,1068.0751310057456,1,2024-06-30 12:00:00,False
2024_0486,Campaign_2024_0486,2024-03-26,2024-09-15,TikTok Ads,Asia,54111,54111,5737,4729.84,56230.92,Adults,Services,Mobile,2024,H1_2024,173,3,1,3,9,False,1.0,0.106023,10.888546,11.888546,0.08741,87.409954,0.824445,1.039177,9.80145,51501.08,0.915885,0.106023,0.10602280497495888,6,New Year,1106.022804974959,1039.1772467705273,1,2024-06-20 12:00:00,False
2024_0487,Campaign_2024_0487,2024-04-05,2024-12-24,Google Display Network,Asia,44052,42406,42406,42358.29,118130.59,Seniors,Clothing,Mobile,2024,H1_2024,263,4,2,4,12,False,0.962635,1.0,1.788842,2.788842,0.998875,961.552029,0.998875,2.785705,2.785705,75772.29999999999,0.641428,0.962635,1.0,8,Summer,1925.2701352946517,2681.6169526922727,1,2024-08-14 12:00:00,False
2024_0488,Campaign_2024_0488,2024-01-19,2024-08-12,Google Display Network,Asia,28632,28632,28632,1147.47,20127.13,Youth,Home,Desktop,2024,H1_2024,206,1,1,1,8,False,1.0,1.0,16.540441,17.540441,0.040076,40.076488,0.040076,0.702959,0.702959,18979.66,0.942989,1.0,1.0,5,New Year,2000.0,702.9592763341716,1,2024-05-01 00:00:00,False
2024_0489,Campaign_2024_0489,2024-03-06,2024-08-23,TikTok Ads,North America,1852,1852,1852,47422.39,18769.34,Youth,Travel,Mobile,2024,H1_2024,170,3,1,3,8,False,1.0,1.0,-0.604209,0.395791,25.606042,25606.042117,25.606042,10.134633,10.134633,-28653.05,-1.526588,1.0,1.0,5,New Year,2000.0,10134.63282937365,0,2024-05-30 00:00:00,False
2024_0490,Campaign_2024_0490,2024-06-05,2024-09-23,Facebook Ads,South America,21827,16289,16289,23849.66,93790.58,Seniors,Clothing,Mobile,2024,H1_2024,110,6,2,6,9,False,0.746278,1.0,2.932575,3.932575,1.464157,1092.667797,1.464157,5.757909,5.757909,69940.92,0.745714,0.746278,1.0,7,Summer,1492.555092316855,4296.998213222156,1,2024-07-30 00:00:00,False
2024_0491,Campaign_2024_0491,2024-01-10,2024-11-29,Email,South America,40326,26065,26065,8122.04,59167.87,Youth,Services,Desktop,2024,H1_2024,324,1,1,1,11,False,0.646357,1.0,6.284853,7.284853,0.311607,201.409512,0.311607,2.270012,2.270012,51045.83,0.862729,0.646357,1.0,6,New Year,1292.7143778207608,1467.2387541536477,1,2024-06-20 00:00:00,False
2024_0492,Campaign_2024_0492,2024-06-09,2024-08-15,Email,South America,12722,12722,12722,37101.63,136220.2,Youth,Clothing,Tablet,2024,H1_2024,67,6,2,6,8,False,1.0,1.0,2.671542,3.671542,2.916336,2916.336268,2.916336,10.707452,10.707452,99118.57,0.727635,1.0,1.0,7,Summer,2000.0,10707.451658544256,1,2024-07-12 12:00:00,False
2024_0493,Campaign_2024_0493,2024-05-22,2024-07-18,Email,Asia,3590,3590,3590,37016.82,121107.27,Seniors,Electronics,Tablet,2024,H1_2024,57,5,2,5,7,False,1.0,1.0,2.271682,3.271682,10.311092,10311.091922,10.311092,33.734616,33.734616,84090.45000000001,0.694347,1.0,1.0,6,Summer,2000.0,33734.61559888579,1,2024-06-19 12:00:00,False
2024_0494,Campaign_2024_0494,2024-05-07,2024-12-13,Google Display Network,Europe,35214,35214,35214,39235.87,43453.28,Youth,Home,Tablet,2024,H1_2024,220,5,2,5,12,False,1.0,1.0,0.107489,1.107489,1.114212,1114.212245,1.114212,1.233977,1.233977,4217.409999999996,0.097056,1.0,1.0,8,Summer,2000.0,1233.9773953541205,0,2024-08-25 00:00:00,False
2024_0495,Campaign_2024_0495,2024-02-20,2024-07-06,TikTok Ads,Europe,90711,11393,11393,31098.83,21915.02,Seniors,Home,Mobile,2024,H1_2024,137,2,1,2,7,False,0.125597,1.0,-0.29531,0.70469,2.729644,342.834166,2.729644,1.923551,1.923551,-9183.810000000001,-0.419065,0.125597,1.0,4,New Year,251.1933503103262,241.59164820143093,0,2024-04-28 12:00:00,False
2024_0496,Campaign_2024_0496,2024-05-01,2024-08-28,TikTok Ads,Asia,87499,39992,23830,27953.15,148046.83,Seniors,Travel,Desktop,2024,H1_2024,119,5,2,5,8,False,0.457057,0.595869,4.296249,5.296249,0.698969,319.468222,1.173023,3.701911,6.212624,120093.68,0.811187,0.272346,0.595869173834767,6,Summer,729.4026217442486,1691.9831083783813,1,2024-06-29 12:00:00,False
2024_0497,Campaign_2024_0497,2024-04-18,2024-11-25,Email,South America,73716,33091,33091,30243.81,62698.23,Adults,Home,Mobile,2024,H1_2024,221,4,2,4,11,False,0.448898,1.0,1.073093,2.073093,0.913959,410.274703,0.913959,1.894722,1.894722,32454.420000000002,0.517629,0.448898,1.0,8,Summer,897.7969504585166,850.5376037766565,0,2024-08-06 12:00:00,False
2024_0498,Campaign_2024_0498,2024-02-20,2024-10-01,Google Display Network,Europe,14446,14446,14446,2274.0,126139.27,Youth,Clothing,Desktop,2024,H1_2024,224,2,1,2,10,False,1.0,1.0,54.470215,55.470215,0.157414,157.413817,0.157414,8.731778,8.731778,123865.27,0.981972,1.0,1.0,6,New Year,2000.0,8731.778346947252,1,2024-06-11 00:00:00,False
2024_0499,Campaign_2024_0499,2024-02-15,2024-09-25,TikTok Ads,Africa,18805,18805,18272,35779.91,11580.95,Youth,Clothing,Mobile,2024,H1_2024,223,2,1,2,9,False,1.0,0.971656,-0.676328,0.323672,1.902681,1902.68067,1.958182,0.615844,0.633809,-24198.960000000003,-2.089549,0.971656,0.9716564743419304,6,New Year,1971.6564743419303,615.8441903749003,0,2024-06-05 12:00:00,False
2024_0500,Campaign_2024_0500,2024-04-13,2024-11-05,Email,North America,44278,3427,3427,35432.96,41582.22,Youth,Services,Tablet,2024,H1_2024,206,4,2,4,11,False,0.077397,1.0,0.173546,1.173546,10.339352,800.238493,10.339352,12.133709,12.133709,6149.260000000002,0.147882,0.077397,1.0,7,Summer,154.79470617462397,939.1169429513528,0,2024-07-25 00:00:00,False
2025_0001,Campaign_2025_0001,2025-03-04,2025-07-20,Google Display Network,North America,7696,3587,3587,11046.09,117455.53,Seniors,Services,Desktop,2025,H1_2025,138,3,1,3,7,False,0.466086,1.0,9.633222,10.633222,3.079479,1435.302755,3.079479,32.744781,32.744781,106409.44,0.905955,0.466086,1.0,5,New Year,932.1725571725572,15261.893191268191,1,2025-05-12 00:00:00,False
2025_0002,Campaign_2025_0002,2025-04-05,2025-07-25,TikTok Ads,Asia,79664,30373,30373,16419.25,92144.07,Youth,Home,Tablet,2025,H1_2025,111,4,2,4,7,False,0.381264,1.0,4.611954,5.611954,0.540587,206.106271,0.540587,3.033749,3.033749,75724.82,0.821809,0.381264,1.0,5,Summer,762.527615987146,1156.6588421369754,1,2025-05-30 12:00:00,False
2025_0003,Campaign_2025_0003,2025-03-18,2025-12-06,TikTok Ads,North America,33324,33324,33324,33333.21,24070.68,Youth,Clothing,Desktop,2025,H1_2025,263,3,1,3,12,False,1.0,1.0,-0.277877,0.722123,1.000276,1000.276377,1.000276,0.722323,0.722323,-9262.529999999999,-0.384805,1.0,1.0,7,New Year,2000.0000000000002,722.3226503420958,0,2025-07-27 12:00:00,False
2025_0004,Campaign_2025_0004,2025-03-09,2025-11-02,Google Ads,Asia,32528,32528,4948,14340.82,13570.48,Adults,Travel,Mobile,2025,H1_2025,238,3,1,3,11,False,1.0,0.152115,-0.053717,0.946283,0.440876,440.876168,2.898306,0.417194,2.742619,-770.3400000000001,-0.056766,0.152115,0.15211510083620267,7,New Year,1152.1151008362026,417.193802262666,0,2025-07-06 00:00:00,False
2025_0005,Campaign_2025_0005,2025-05-21,2025-09-28,Email,Africa,80785,35905,35905,37133.14,122995.42,Seniors,Services,Tablet,2025,H1_2025,130,5,2,5,9,False,0.444451,1.0,2.312282,3.312282,1.034205,459.653896,1.034205,3.425579,3.425579,85862.28,0.698093,0.444451,1.0,7,Summer,888.9026428173547,1522.503187472922,1,2025-07-25 00:00:00,False
2025_0006,Campaign_2025_0006,2025-06-10,2025-07-10,Google Display Network,Europe,36772,17471,17471,43666.36,105757.18,Youth,Electronics,Tablet,2025,H1_2025,30,6,2,6,7,False,0.475117,1.0,1.421937,2.421937,2.499362,1187.489394,2.499362,6.053299,6.053299,62090.81999999999,0.587107,0.475117,1.0,6,Summer,950.2338735994779,2876.024692700968,0,2025-06-25 00:00:00,False
2025_0007,Campaign_2025_0007,2025-01-23,2025-08-26,TikTok Ads,North America,24472,24472,22748,13124.56,50148.15,Adults,Travel,Tablet,2025,H1_2025,215,1,1,1,8,False,1.0,0.929552,2.82094,3.82094,0.536309,536.309251,0.576954,2.049205,2.204508,37023.590000000004,0.738284,0.929552,0.9295521412226218,5,New Year,1929.5521412226217,2049.205214122262,1,2025-05-10 12:00:00,False
2025_0008,Campaign_2025_0008,2025-01-11,2025-09-02,Facebook Ads,North America,69052,40676,40676,47580.56,94374.81,Youth,Home,Mobile,2025,H1_2025,234,1,1,1,9,False,0.589063,1.0,0.983474,1.983474,1.169745,689.054046,1.169745,2.32016,2.32016,46794.25,0.495834,0.589063,1.0,5,New Year,1178.1266292069743,1366.7208770202164,0,2025-05-08 00:00:00,False
2025_0009,Campaign_2025_0009,2025-04-08,2025-10-04,Google Ads,Africa,40392,20122,15615,43992.04,7628.78,Seniors,Home,Desktop,2025,H1_2025,179,4,2,4,10,False,0.498168,0.776016,-0.826587,0.173413,2.186266,1089.12755,2.817294,0.379126,0.488555,-36363.26,-4.766589,0.386586,0.776016300566544,7,Summer,884.7544068132303,188.86858783917606,0,2025-07-06 12:00:00,False
2025_0010,Campaign_2025_0010,2025-02-10,2025-08-28,Facebook Ads,Europe,5099,5099,5099,8850.79,86144.4,Youth,Home,Mobile,2025,H1_2025,199,2,1,2,8,False,1.0,1.0,8.732962,9.732962,1.735789,1735.78937,1.735789,16.894371,16.894371,77293.60999999999,0.897256,1.0,1.0,5,New Year,2000.0,16894.371445381446,1,2025-05-20 12:00:00,False
2025_0011,Campaign_2025_0011,2025-06-01,2025-12-30,TikTok Ads,Europe,72585,64187,64187,3256.29,7963.01,Youth,Services,Tablet,2025,H1_2025,212,6,2,6,12,False,0.884301,1.0,1.445424,2.445424,0.050731,44.861748,0.050731,0.12406,0.12406,4706.72,0.591073,0.884301,1.0,9,Summer,1768.6023283047464,109.7059998622305,0,2025-09-15 00:00:00,False
2025_0012,Campaign_2025_0012,2025-04-12,2025-08-20,Facebook Ads,Asia,41576,38403,4505,40198.02,28616.8,Adults,Clothing,Tablet,2025,H1_2025,130,4,2,4,8,False,0.923682,0.117309,-0.288104,0.711896,1.046742,966.856359,8.922979,0.745171,6.352231,-11581.219999999998,-0.4047,0.108356,0.11730854360336432,6,Summer,1032.0377140658072,688.3009428516451,0,2025-06-16 00:00:00,False
2025_0013,Campaign_2025_0013,2025-04-22,2025-11-24,TikTok Ads,Europe,37455,37455,37455,26160.12,1875.52,Youth,Services,Desktop,2025,H1_2025,216,4,2,4,11,False,1.0,1.0,-0.928306,0.071694,0.698441,698.44133,0.698441,0.050074,0.050074,-24284.6,-12.948196,1.0,1.0,8,Summer,2000.0,50.073955413162466,0,2025-08-08 00:00:00,False
2025_0014,Campaign_2025_0014,2025-05-25,2025-07-29,Email,Europe,35728,33238,33238,3056.93,37266.0,Youth,Home,Desktop,2025,H1_2025,65,5,2,5,7,False,0.930307,1.0,11.190662,12.190662,0.091971,85.561185,0.091971,1.121187,1.121187,34209.07,0.91797,0.930307,1.0,6,Summer,1860.6135244066277,1043.0474697716077,1,2025-06-26 12:00:00,False
2025_0015,Campaign_2025_0015,2025-03-06,2025-11-01,Facebook Ads,South America,16654,16654,16654,16085.04,88279.12,Seniors,Home,Mobile,2025,H1_2025,240,3,1,3,11,False,1.0,1.0,4.488275,5.488275,0.965836,965.836436,0.965836,5.300776,5.300776,72194.07999999999,0.817793,1.0,1.0,7,New Year,2000.0,5300.775789600096,1,2025-07-04 00:00:00,False
2025_0016,Campaign_2025_0016,2025-04-28,2025-12-25,Facebook Ads,Asia,64650,64650,62753,21673.68,105798.48,Adults,Home,Tablet,2025,H1_2025,241,4,2,4,12,False,1.0,0.970657,3.881427,4.881427,0.335246,335.246404,0.345381,1.636481,1.685951,84124.79999999999,0.795142,0.970657,0.9706573859242072,8,Summer,1970.6573859242071,1636.4807424593967,1,2025-08-26 12:00:00,False
2025_0017,Campaign_2025_0017,2025-01-04,2025-10-05,Facebook Ads,North America,1943,1943,1943,44677.14,125526.72,Seniors,Clothing,Tablet,2025,H1_2025,274,1,1,1,10,False,1.0,1.0,1.809641,2.809641,22.993896,22993.896037,22.993896,64.604591,64.604591,80849.58,0.644083,1.0,1.0,5,New Year,2000.0,64604.5908389089,1,2025-05-21 00:00:00,False
2025_0018,Campaign_2025_0018,2025-06-03,2025-07-15,Facebook Ads,Asia,42122,42122,42122,22729.45,133884.13,Adults,Electronics,Desktop,2025,H1_2025,42,6,2,6,7,False,1.0,1.0,4.890337,5.890337,0.53961,539.609943,0.53961,3.178485,3.178485,111154.68000000001,0.83023,1.0,1.0,6,Summer,2000.0,3178.4846398556574,1,2025-06-24 00:00:00,False
2025_0019,Campaign_2025_0019,2025-05-26,2025-10-21,Google Ads,Africa,62629,25782,25782,27201.15,142623.63,Youth,Services,Tablet,2025,H1_2025,148,5,2,5,10,False,0.411662,1.0,4.243294,5.243294,1.055044,434.321959,1.055044,5.531907,5.531907,115422.48000000001,0.80928,0.411662,1.0,8,Summer,823.3246579060818,2277.2777786648358,1,2025-08-08 00:00:00,False
2025_0020,Campaign_2025_0020,2025-04-30,2025-09-13,Google Ads,Europe,91640,1301,1301,12242.18,112595.91,Youth,Electronics,Tablet,2025,H1_2025,136,4,2,4,9,False,0.014197,1.0,8.197374,9.197374,9.409823,133.589917,9.409823,86.545665,86.545665,100353.73000000001,0.891273,0.014197,1.0,7,Summer,28.393714535137494,1228.6764513312964,1,2025-07-07 00:00:00,False
2025_0021,Campaign_2025_0021,2025-06-23,2025-12-07,Facebook Ads,Europe,3820,3820,3820,13676.09,96449.58,Youth,Home,Tablet,2025,H1_2025,167,6,2,6,12,False,1.0,1.0,6.052424,7.052424,3.580128,3580.128272,3.580128,25.248581,25.248581,82773.49,0.858205,1.0,1.0,9,Summer,2000.0,25248.581151832463,1,2025-09-14 12:00:00,False
2025_0022,Campaign_2025_0022,2025-02-03,2025-07-02,TikTok Ads,South America,22848,22848,18602,27493.14,27194.03,Seniors,Electronics,Desktop,2025,H1_2025,149,2,1,2,7,False,1.0,0.814163,-0.010879,0.989121,1.203306,1203.306197,1.477967,1.190215,1.461887,-299.1100000000006,-0.010999,0.814163,0.8141631652661064,4,New Year,1814.1631652661065,1190.2148984593837,0,2025-04-18 12:00:00,False
2025_0023,Campaign_2025_0023,2025-03-15,2025-10-17,Facebook Ads,North America,61940,32499,32499,47320.3,24926.42,Adults,Home,Mobile,2025,H1_2025,216,3,1,3,10,False,0.524685,1.0,-0.47324,0.52676,1.456054,763.969971,1.456054,0.76699,0.76699,-22393.880000000005,-0.898399,0.524685,1.0,7,New Year,1049.370358411366,402.4284791733936,0,2025-07-01 00:00:00,False
2025_0024,Campaign_2025_0024,2025-01-28,2025-12-24,TikTok Ads,Asia,43575,43575,23487,27433.92,3230.73,Youth,Clothing,Tablet,2025,H1_2025,330,1,1,1,12,False,1.0,0.539002,-0.882236,0.117764,0.629579,629.579346,1.168047,0.074142,0.137554,-24203.19,-7.491555,0.539002,0.5390017211703959,7,New Year,1539.0017211703957,74.14182444061962,0,2025-07-12 00:00:00,False
2025_0025,Campaign_2025_0025,2025-01-14,2025-10-14,Google Display Network,Europe,18053,18053,18053,45021.35,99978.37,Youth,Services,Desktop,2025,H1_2025,273,1,1,1,10,False,1.0,1.0,1.220688,2.220688,2.493843,2493.843129,2.493843,5.538047,5.538047,54957.02,0.549689,1.0,1.0,5,New Year,2000.0,5538.047415941948,0,2025-05-30 12:00:00,False
2025_0026,Campaign_2025_0026,2025-04-26,2025-09-26,Google Display Network,Asia,37883,10854,9255,1818.66,51990.41,Adults,Services,Mobile,2025,H1_2025,153,4,2,4,9,False,0.286514,0.852681,27.587207,28.587207,0.167557,48.007286,0.196506,4.789977,5.617548,50171.75,0.965019,0.244305,0.8526810392482034,7,Summer,530.8185729746851,1372.3942137634294,1,2025-07-11 12:00:00,False
2025_0027,Campaign_2025_0027,2025-04-01,2025-10-27,TikTok Ads,North America,89456,15430,14644,12414.06,68831.4,Youth,Home,Mobile,2025,H1_2025,209,4,2,4,10,False,0.172487,0.94906,4.544632,5.544632,0.804541,138.772805,0.847723,4.460881,4.700314,56417.34,0.819645,0.163701,0.9490602721970188,7,Summer,336.1876229654802,769.4441960293327,1,2025-07-14 12:00:00,False
2025_0028,Campaign_2025_0028,2025-02-11,2025-08-02,Google Ads,Africa,25343,25343,25343,2477.15,144770.71,Seniors,Electronics,Mobile,2025,H1_2025,172,2,1,2,8,False,1.0,1.0,57.442448,58.442448,0.097745,97.744939,0.097745,5.712454,5.712454,142293.56,0.982889,1.0,1.0,5,New Year,2000.0,5712.453537465966,1,2025-05-08 00:00:00,False
2025_0029,Campaign_2025_0029,2025-05-05,2025-07-06,Facebook Ads,Europe,67696,5524,5524,35328.28,35799.86,Adults,Travel,Mobile,2025,H1_2025,62,5,2,5,7,False,0.0816,1.0,0.013349,1.013349,6.395416,521.86658,6.395416,6.480786,6.480786,471.58000000000175,0.013173,0.0816,1.0,6,Summer,163.2001890805956,528.8327227605768,0,2025-06-05 00:00:00,False
2025_0030,Campaign_2025_0030,2025-06-14,2025-07-12,Google Ads,Asia,31204,15737,15737,19258.95,58791.75,Youth,Clothing,Desktop,2025,H1_2025,28,6,2,6,7,False,0.504326,1.0,2.052698,3.052698,1.223801,617.194911,1.223801,3.735893,3.735893,39532.8,0.672421,0.504326,1.0,6,Summer,1008.6527368286118,1884.1094090501217,1,2025-06-28 00:00:00,False
2025_0031,Campaign_2025_0031,2025-02-12,2025-09-25,Google Display Network,South America,74153,74153,74153,43968.69,11965.15,Seniors,Clothing,Desktop,2025,H1_2025,225,2,1,2,9,False,1.0,1.0,-0.727871,0.272129,0.592946,592.945532,0.592946,0.161358,0.161358,-32003.54,-2.67473,1.0,1.0,6,New Year,1999.9999999999998,161.3575984788208,0,2025-06-04 12:00:00,False
2025_0032,Campaign_2025_0032,2025-03-21,2025-08-08,Google Display Network,Europe,58109,52170,52170,16970.47,118243.86,Youth,Clothing,Tablet,2025,H1_2025,140,3,1,3,8,False,0.897796,1.0,5.967624,6.967624,0.325292,292.045466,0.325292,2.266511,2.266511,101273.39,0.856479,0.897796,1.0,5,New Year,1795.5910444165274,2034.8631021012236,1,2025-05-30 00:00:00,False
2025_0033,Campaign_2025_0033,2025-05-08,2025-11-10,Google Ads,North America,36909,36909,36909,10410.55,103990.57,Youth,Home,Desktop,2025,H1_2025,186,5,2,5,11,False,1.0,1.0,8.98896,9.98896,0.28206,282.059931,0.28206,2.817485,2.817485,93580.02,0.899889,1.0,1.0,8,Summer,2000.0,2817.4854371562496,1,2025-08-09 00:00:00,False
2025_0034,Campaign_2025_0034,2025-04-12,2025-10-15,Google Ads,North America,78380,42515,37687,45460.45,10137.28,Adults,Electronics,Desktop,2025,H1_2025,186,4,2,4,10,False,0.542422,0.88644,-0.777009,0.222991,1.06928,580.000638,1.206263,0.23844,0.268986,-35323.17,-3.484482,0.480824,0.8864400799717747,7,Summer,1023.2457259504977,129.33503444756317,0,2025-07-14 00:00:00,False
2025_0035,Campaign_2025_0035,2025-02-12,2025-08-06,Google Display Network,South America,15664,15664,13951,39879.21,118369.17,Youth,Electronics,Mobile,2025,H1_2025,175,2,1,2,8,False,1.0,0.890641,1.968192,2.968192,2.545915,2545.914837,2.85852,7.556765,8.484637,78489.95999999999,0.663095,0.890641,0.8906409601634321,5,New Year,1890.640960163432,7556.765194075588,1,2025-05-10 12:00:00,False
2025_0036,Campaign_2025_0036,2025-06-09,2025-11-25,Facebook Ads,South America,77632,77632,62942,19559.99,19587.63,Youth,Travel,Mobile,2025,H1_2025,169,6,2,6,11,False,1.0,0.810774,0.001413,1.001413,0.251958,251.957827,0.310762,0.252314,0.311201,27.639999999999418,0.001411,0.810774,0.8107739076669415,9,Summer,1810.7739076669413,252.31386541632315,0,2025-09-01 12:00:00,False
2025_0037,Campaign_2025_0037,2025-02-22,2025-07-18,Email,Asia,90169,5701,5701,45481.77,56733.52,Adults,Travel,Mobile,2025,H1_2025,146,2,1,2,7,False,0.063226,1.0,0.24739,1.24739,7.977858,504.405838,7.977858,9.951503,9.951503,11251.75,0.198326,0.063226,1.0,5,New Year,126.4514411826681,629.1909636349521,0,2025-05-06 00:00:00,False
2025_0038,Campaign_2025_0038,2025-04-06,2025-09-16,Facebook Ads,South America,28173,26446,11621,7531.2,125674.95,Youth,Electronics,Tablet,2025,H1_2025,163,4,2,4,9,False,0.9387,0.439424,15.687241,16.687241,0.284777,267.319774,0.648068,4.752135,10.814469,118143.75,0.940074,0.412487,0.4394237313771459,6,Summer,1351.1873069960602,4460.829517623257,1,2025-06-26 12:00:00,False
2025_0039,Campaign_2025_0039,2025-03-15,2025-07-10,Google Ads,Africa,24689,24689,24689,46823.87,148456.99,Adults,Travel,Desktop,2025,H1_2025,117,3,1,3,7,False,1.0,1.0,2.170541,3.170541,1.896548,1896.547855,1.896548,6.013082,6.013082,101633.12,0.684596,1.0,1.0,5,New Year,2000.0,6013.0823443638865,1,2025-05-12 12:00:00,False
2025_0040,Campaign_2025_0040,2025-03-11,2025-07-22,Google Ads,Africa,67405,884,884,23362.36,110941.46,Youth,Electronics,Desktop,2025,H1_2025,133,3,1,3,7,False,0.013115,1.0,3.748727,4.748727,26.428009,346.59684,26.428009,125.499389,125.499389,87579.1,0.789417,0.013115,1.0,5,New Year,26.229508196721312,1645.8936280691344,1,2025-05-16 12:00:00,False
2025_0041,Campaign_2025_0041,2025-03-27,2025-12-11,Email,Asia,52825,52825,23353,17807.46,122472.04,Adults,Electronics,Desktop,2025,H1_2025,259,3,1,3,12,False,1.0,0.442082,5.877569,6.877569,0.337103,337.102887,0.762534,2.318448,5.244381,104664.57999999999,0.8546,0.442082,0.44208234737340274,8,New Year,1442.0823473734026,2318.448461902508,1,2025-08-03 12:00:00,False
2025_0042,Campaign_2025_0042,2025-02-22,2025-08-14,Email,South America,78411,35576,35576,12571.53,126155.19,Youth,Clothing,Desktop,2025,H1_2025,173,2,1,2,8,False,0.453712,1.0,9.034991,10.034991,0.353371,160.328653,0.353371,3.546076,3.546076,113583.66,0.900349,0.453712,1.0,5,New Year,907.4237033069339,1608.896583387535,1,2025-05-19 12:00:00,False
2025_0043,Campaign_2025_0043,2025-04-03,2025-07-22,Email,South America,39274,39274,18837,19476.84,71399.16,Adults,Electronics,Desktop,2025,H1_2025,110,4,2,4,7,False,1.0,0.47963,2.665849,3.665849,0.495922,495.921984,1.033967,1.817975,3.790368,51922.32000000001,0.727212,0.47963,0.4796302897591282,5,Summer,1479.6302897591281,1817.9752508020574,1,2025-05-28 00:00:00,False
2025_0044,Campaign_2025_0044,2025-05-26,2025-11-06,Facebook Ads,South America,87522,66187,30,8398.63,69731.43,Seniors,Home,Desktop,2025,H1_2025,164,5,2,5,11,False,0.756233,0.000453,7.302715,8.302715,0.126892,95.960216,279.954333,1.053552,2324.381,61332.799999999996,0.879557,0.000343,0.00045326121443788053,8,Summer,756.5754895911884,796.7303078083223,1,2025-08-16 00:00:00,False
2025_0045,Campaign_2025_0045,2025-02-25,2025-07-28,Facebook Ads,South America,80504,4811,4811,47356.89,147978.13,Seniors,Travel,Tablet,2025,H1_2025,153,2,1,2,7,False,0.059761,1.0,2.124743,3.124743,9.843461,588.255118,9.843461,30.758289,30.758289,100621.24,0.679974,0.059761,1.0,5,New Year,119.52201132862963,1838.1463032892775,1,2025-05-12 12:00:00,False
2025_0046,Campaign_2025_0046,2025-03-04,2025-08-28,Google Ads,Africa,8933,8933,8933,10213.07,142753.69,Adults,Clothing,Tablet,2025,H1_2025,177,3,1,3,8,False,1.0,1.0,12.977549,13.977549,1.143297,1143.296765,1.143297,15.980487,15.980487,132540.62,0.928457,1.0,1.0,5,New Year,2000.0,15980.4869584686,1,2025-05-31 12:00:00,False
2025_0047,Campaign_2025_0047,2025-06-30,2025-08-27,Google Ads,Europe,72387,25256,25256,10771.45,91877.36,Youth,Clothing,Desktop,2025,H1_2025,58,6,2,6,8,False,0.348902,1.0,7.529711,8.529711,0.426491,148.803653,0.426491,3.637843,3.637843,81105.91,0.882763,0.348902,1.0,7,Summer,697.804854462818,1269.2522137952947,1,2025-07-29 00:00:00,False
2025_0048,Campaign_2025_0048,2025-02-10,2025-08-16,Google Ads,South America,62759,52355,52355,28351.11,52949.44,Adults,Home,Tablet,2025,H1_2025,187,2,1,2,8,False,0.834223,1.0,0.867632,1.867632,0.541517,451.745726,0.541517,1.011354,1.011354,24598.33,0.464563,0.834223,1.0,5,New Year,1668.4459599420004,843.6947688777706,0,2025-05-14 12:00:00,False
2025_0049,Campaign_2025_0049,2025-06-23,2025-11-23,TikTok Ads,South America,56751,56751,23586,47542.4,82521.18,Adults,Clothing,Mobile,2025,H1_2025,153,6,2,6,11,False,1.0,0.415605,0.735739,1.735739,0.837737,837.73678,2.015704,1.454092,3.498736,34978.77999999999,0.423876,0.415605,0.4156050113654385,9,Summer,1415.6050113654385,1454.0920864830575,0,2025-09-07 12:00:00,False
2025_0050,Campaign_2025_0050,2025-06-02,2025-08-13,Facebook Ads,Africa,87636,61321,40584,24096.02,108998.69,Adults,Services,Tablet,2025,H1_2025,72,6,2,6,8,False,0.699724,0.661829,3.523514,4.523514,0.392949,274.955726,0.593732,1.77751,2.685755,84902.67,0.778933,0.463097,0.6618287373004355,7,Summer,1162.8212150257884,1243.7661463325576,1,2025-07-08 00:00:00,False
2025_0051,Campaign_2025_0051,2025-03-21,2025-09-20,Google Ads,Africa,83617,44322,21061,1119.5,149390.3,Seniors,Electronics,Tablet,2025,H1_2025,183,3,1,3,9,False,0.53006,0.475182,132.44377,133.44377,0.025258,13.388426,0.053155,3.370568,7.09322,148270.8,0.992506,0.251875,0.47518162537791614,6,New Year,781.9342956575815,1786.6020067689583,1,2025-06-20 12:00:00,False
2025_0052,Campaign_2025_0052,2025-02-20,2025-09-05,Email,North America,72602,1533,1533,13206.78,7492.78,Adults,Travel,Desktop,2025,H1_2025,197,2,1,2,9,False,0.021115,1.0,-0.432657,0.567343,8.61499,181.906559,8.61499,4.887658,4.887658,-5714.000000000001,-0.762601,0.021115,1.0,5,New Year,42.23024159114074,103.2034930167213,0,2025-05-29 12:00:00,False
2025_0053,Campaign_2025_0053,2025-03-14,2025-12-08,TikTok Ads,Africa,13574,13574,13574,24448.11,93588.28,Adults,Services,Tablet,2025,H1_2025,269,3,1,3,12,False,1.0,1.0,2.828037,3.828037,1.801098,1801.098423,1.801098,6.894672,6.894672,69140.17,0.73877,1.0,1.0,7,New Year,2000.0,6894.672167378812,1,2025-07-26 12:00:00,False
2025_0054,Campaign_2025_0054,2025-04-29,2025-09-25,Email,Asia,80262,29395,29395,35192.95,143821.72,Adults,Home,Tablet,2025,H1_2025,149,4,2,4,9,False,0.366238,1.0,3.086663,4.086663,1.197243,438.475867,1.197243,4.892727,4.892727,108628.77,0.755302,0.366238,1.0,7,Summer,732.4761406394059,1791.9030176173032,1,2025-07-12 12:00:00,False
2025_0055,Campaign_2025_0055,2025-01-16,2025-11-27,Facebook Ads,Africa,7032,7032,7032,28865.2,14918.76,Youth,Travel,Tablet,2025,H1_2025,315,1,1,1,11,False,1.0,1.0,-0.483158,0.516842,4.104835,4104.83504,4.104835,2.121553,2.121553,-13946.44,-0.934826,1.0,1.0,6,New Year,2000.0,2121.5529010238906,0,2025-06-22 12:00:00,False
2025_0056,Campaign_2025_0056,2025-01-26,2025-10-31,Email,Asia,41393,41393,40585,1862.73,111638.92,Youth,Services,Tablet,2025,H1_2025,278,1,1,1,10,False,1.0,0.98048,58.932959,59.932959,0.045001,45.001087,0.045897,2.697048,2.750743,109776.19,0.983315,0.98048,0.9804797912690552,6,New Year,1980.479791269055,2697.0482931896695,1,2025-06-14 00:00:00,False
2025_0057,Campaign_2025_0057,2025-04-14,2025-11-25,Email,North America,84401,63456,17084,10200.64,66349.03,Seniors,Home,Mobile,2025,H1_2025,225,4,2,4,11,False,0.751839,0.269226,5.504399,6.504399,0.160751,120.859232,0.597087,1.045591,3.883694,56148.39,0.846258,0.202415,0.26922592032274334,8,Summer,954.2540965154442,786.1166336891744,1,2025-08-04 12:00:00,False
2025_0058,Campaign_2025_0058,2025-01-22,2025-11-14,Facebook Ads,Africa,36167,31519,31519,27258.59,131230.07,Seniors,Travel,Desktop,2025,H1_2025,296,1,1,1,11,False,0.871485,1.0,3.814265,4.814265,0.86483,753.686786,0.86483,4.163523,4.163523,103971.48000000001,0.792284,0.871485,1.0,6,New Year,1742.9701108745542,3628.447756241878,1,2025-06-19 00:00:00,False
2025_0059,Campaign_2025_0059,2025-01-19,2025-12-23,TikTok Ads,Asia,12229,12229,12229,44373.92,99506.63,Youth,Clothing,Mobile,2025,H1_2025,338,1,1,1,12,False,1.0,1.0,1.242458,2.242458,3.628581,3628.581241,3.628581,8.136939,8.136939,55132.71000000001,0.554061,1.0,1.0,7,New Year,2000.0000000000002,8136.939242783548,0,2025-07-07 00:00:00,False
2025_0060,Campaign_2025_0060,2025-05-18,2025-12-24,TikTok Ads,Asia,56129,56129,35896,49450.18,147153.06,Adults,Electronics,Desktop,2025,H1_2025,220,5,2,5,12,False,1.0,0.639527,1.975784,2.975784,0.881009,881.00946,1.377596,2.621694,4.099428,97702.88,0.663954,0.639527,0.6395268043257496,9,Summer,1639.5268043257497,2621.693954996526,1,2025-09-05 00:00:00,False
2025_0061,Campaign_2025_0061,2025-06-10,2025-07-29,Google Display Network,Europe,81053,14718,14718,14324.9,114396.51,Adults,Services,Tablet,2025,H1_2025,49,6,2,6,7,False,0.181585,1.0,6.985851,7.985851,0.973291,176.734976,0.973291,7.772558,7.772558,100071.61,0.874779,0.181585,1.0,7,Summer,363.1697777997113,1411.3790976274784,1,2025-07-04 12:00:00,False
2025_0062,Campaign_2025_0062,2025-03-03,2025-08-01,Email,Africa,20997,20997,13931,11922.35,33473.68,Adults,Travel,Mobile,2025,H1_2025,151,3,1,3,8,False,1.0,0.663476,1.807641,2.807641,0.567812,567.812068,0.855814,1.594213,2.40282,21551.33,0.643829,0.663476,0.6634757346287565,5,New Year,1663.4757346287565,1594.2125065485545,1,2025-05-17 12:00:00,False
2025_0063,Campaign_2025_0063,2025-02-06,2025-12-07,TikTok Ads,North America,28824,28824,28824,7978.9,40178.29,Seniors,Electronics,Tablet,2025,H1_2025,304,2,1,2,12,False,1.0,1.0,4.035568,5.035568,0.276814,276.81446,0.276814,1.393918,1.393918,32199.39,0.801413,1.0,1.0,7,New Year,2000.0,1393.9179156258672,1,2025-07-08 00:00:00,False
2025_0064,Campaign_2025_0064,2025-04-09,2025-08-11,TikTok Ads,Africa,48357,48357,48357,47086.04,23374.05,Youth,Services,Mobile,2025,H1_2025,124,4,2,4,8,False,1.0,1.0,-0.503589,0.496411,0.973717,973.717145,0.973717,0.483364,0.483364,-23711.99,-1.014458,1.0,1.0,6,Summer,2000.0,483.3643526273342,0,2025-06-10 00:00:00,False
2025_0065,Campaign_2025_0065,2025-01-17,2025-12-15,Google Ads,South America,21030,21030,21030,39491.8,73132.39,Adults,Travel,Tablet,2025,H1_2025,332,1,1,1,12,False,1.0,1.0,0.851837,1.851837,1.877879,1877.87922,1.877879,3.477527,3.477527,33640.59,0.459996,1.0,1.0,7,New Year,2000.0,3477.52686638136,0,2025-07-02 00:00:00,False
2025_0066,Campaign_2025_0066,2025-01-16,2025-10-30,Google Ads,Africa,50370,21138,5961,6239.54,16839.04,Seniors,Clothing,Mobile,2025,H1_2025,287,1,1,1,10,False,0.419655,0.282004,1.698763,2.698763,0.295181,123.874131,1.046727,0.796624,2.824868,10599.5,0.62946,0.118344,0.2820039738858927,6,New Year,537.9988088147708,334.30692872741713,1,2025-06-08 12:00:00,False
2025_0067,Campaign_2025_0067,2025-03-28,2025-11-19,Email,Africa,72888,72888,70572,42872.42,20428.74,Youth,Home,Mobile,2025,H1_2025,236,3,1,3,11,False,1.0,0.968225,-0.523499,0.476501,0.588196,588.195862,0.607499,0.280276,0.289474,-22443.679999999997,-1.098633,0.968225,0.968225222258808,7,New Year,1968.225222258808,280.2757655581166,0,2025-07-24 00:00:00,False
2025_0068,Campaign_2025_0068,2025-01-23,2025-10-07,Facebook Ads,Africa,37891,37891,37891,26852.07,54406.6,Youth,Electronics,Mobile,2025,H1_2025,257,1,1,1,10,False,1.0,1.0,1.02616,2.02616,0.708666,708.666174,0.708666,1.435871,1.435871,27554.53,0.506456,1.0,1.0,5,New Year,2000.0,1435.8713150880158,0,2025-05-31 12:00:00,False
2025_0069,Campaign_2025_0069,2025-04-03,2025-08-19,Google Display Network,South America,4171,4171,4171,8515.74,39254.96,Youth,Electronics,Tablet,2025,H1_2025,138,4,2,4,8,False,1.0,1.0,3.609695,4.609695,2.041654,2041.65428,2.041654,9.411403,9.411403,30739.22,0.783066,1.0,1.0,6,Summer,1999.9999999999998,9411.402541356987,1,2025-06-11 00:00:00,False
2025_0070,Campaign_2025_0070,2025-01-29,2025-07-04,Email,Europe,58340,16958,16958,27522.99,67391.83,Adults,Travel,Tablet,2025,H1_2025,156,1,1,1,7,False,0.290675,1.0,1.448565,2.448565,1.623009,471.768769,1.623009,3.974044,3.974044,39868.84,0.591598,0.290675,1.0,4,New Year,581.3507027768255,1155.1564964004112,0,2025-04-17 00:00:00,False
2025_0071,Campaign_2025_0071,2025-03-29,2025-09-20,TikTok Ads,Europe,73492,56192,56192,45833.9,121133.41,Seniors,Services,Tablet,2025,H1_2025,175,3,1,3,9,False,0.7646,1.0,1.642878,2.642878,0.815666,623.658357,0.815666,2.155706,2.155706,75299.51000000001,0.621625,0.7646,1.0,6,New Year,1529.2004571926195,1648.2530071300278,1,2025-06-24 12:00:00,False
2025_0072,Campaign_2025_0072,2025-04-26,2025-08-18,Facebook Ads,South America,88872,622,622,15243.55,97378.58,Youth,Electronics,Tablet,2025,H1_2025,114,4,2,4,8,False,0.006999,1.0,5.388183,6.388183,24.507315,171.522527,24.507315,156.557203,156.557203,82135.03,0.843461,0.006999,1.0,6,Summer,13.99765955531551,1095.7172112701414,1,2025-06-22 00:00:00,False
2025_0073,Campaign_2025_0073,2025-02-08,2025-08-12,Google Display Network,North America,73924,56653,56602,47228.19,77492.87,Adults,Services,Desktop,2025,H1_2025,185,2,1,2,8,False,0.766368,0.9991,0.640818,1.640818,0.83364,638.874926,0.834391,1.367851,1.369084,30264.679999999993,0.390548,0.765678,0.9990997828888144,5,New Year,1532.0464260591957,1048.2775553270926,0,2025-05-11 12:00:00,False
2025_0074,Campaign_2025_0074,2025-03-01,2025-07-16,TikTok Ads,Europe,22566,21690,21690,24688.23,140933.05,Seniors,Home,Tablet,2025,H1_2025,137,3,1,3,7,False,0.961181,1.0,4.708512,5.708512,1.138231,1094.045467,1.138231,6.497605,6.497605,116244.81999999999,0.824823,0.961181,1.0,5,New Year,1922.3610741823984,6245.371355136045,1,2025-05-08 12:00:00,False
2025_0075,Campaign_2025_0075,2025-04-05,2025-11-13,Email,Europe,43368,43368,43368,17404.58,107900.62,Seniors,Home,Mobile,2025,H1_2025,222,4,2,4,11,False,1.0,1.0,5.199553,6.199553,0.401323,401.323095,0.401323,2.488024,2.488024,90496.04,0.838698,1.0,1.0,7,Summer,2000.0,2488.0238885814424,1,2025-07-25 00:00:00,False
2025_0076,Campaign_2025_0076,2025-04-21,2025-08-08,Email,North America,32803,18320,18320,45810.35,53483.99,Adults,Services,Mobile,2025,H1_2025,109,4,2,4,8,False,0.558486,1.0,0.167509,1.167509,2.500565,1396.529281,2.500565,2.919432,2.919432,7673.639999999999,0.143475,0.558486,1.0,6,Summer,1116.9710087491999,1630.4603237508766,0,2025-06-14 12:00:00,False
2025_0077,Campaign_2025_0077,2025-03-06,2025-09-24,Email,Asia,43248,43248,3140,14316.63,9638.99,Youth,Services,Mobile,2025,H1_2025,202,3,1,3,9,False,1.0,0.072605,-0.326728,0.673272,0.331036,331.035655,4.559436,0.222877,3.069742,-4677.639999999999,-0.485283,0.072605,0.07260451350351461,6,New Year,1072.6045135035147,222.87712726600074,0,2025-06-15 00:00:00,False
2025_0078,Campaign_2025_0078,2025-06-14,2025-10-25,Facebook Ads,Africa,10582,10582,10582,18081.65,43187.28,Adults,Services,Mobile,2025,H1_2025,133,6,2,6,10,False,1.0,1.0,1.388459,2.388459,1.708718,1708.717634,1.708718,4.081202,4.081202,25105.629999999997,0.58132,1.0,1.0,8,Summer,1999.9999999999998,4081.2020412020406,0,2025-08-19 12:00:00,False
2025_0079,Campaign_2025_0079,2025-05-02,2025-08-16,TikTok Ads,Europe,69778,69778,69778,48473.37,22737.65,Adults,Travel,Mobile,2025,H1_2025,106,5,2,5,8,False,1.0,1.0,-0.530925,0.469075,0.69468,694.679842,0.69468,0.325857,0.325857,-25735.72,-1.131855,1.0,1.0,6,Summer,1999.9999999999998,325.8570036401158,0,2025-06-24 00:00:00,False
2025_0080,Campaign_2025_0080,2025-05-21,2025-11-23,Facebook Ads,North America,66560,286,286,19173.01,25751.15,Youth,Home,Mobile,2025,H1_2025,186,5,2,5,11,False,0.004297,1.0,0.343094,1.343094,67.038497,288.05604,67.038497,90.038986,90.038986,6578.140000000003,0.25545,0.004297,1.0,8,Summer,8.59375,386.8862680288462,0,2025-08-22 00:00:00,False
2025_0081,Campaign_2025_0081,2025-03-27,2025-08-28,Google Ads,Europe,64038,4621,4621,22293.93,34517.05,Seniors,Electronics,Desktop,2025,H1_2025,154,3,1,3,8,False,0.07216,1.0,0.548271,1.548271,4.824482,348.135951,4.824482,7.469606,7.469606,12223.120000000003,0.354118,0.07216,1.0,6,New Year,144.32055966769732,539.0088697335957,0,2025-06-12 00:00:00,False
2025_0082,Campaign_2025_0082,2025-04-16,2025-12-17,Facebook Ads,Africa,94216,89352,14979,38327.04,149652.68,Adults,Services,Tablet,2025,H1_2025,245,4,2,4,12,False,0.948374,0.16764,2.904624,3.904624,0.428944,406.799694,2.558718,1.674867,9.990832,111325.63999999998,0.743893,0.158986,0.1676403438087564,8,Summer,1107.3596841300841,1588.399847159718,1,2025-08-16 12:00:00,False
2025_0083,Campaign_2025_0083,2025-02-25,2025-08-16,Facebook Ads,Asia,69201,69201,69201,43763.35,110912.29,Seniors,Travel,Desktop,2025,H1_2025,172,2,1,2,8,False,1.0,1.0,1.534365,2.534365,0.632409,632.409214,0.632409,1.602756,1.602756,67148.94,0.605424,1.0,1.0,5,New Year,2000.0000000000002,1602.7555960173986,0,2025-05-22 00:00:00,False
2025_0084,Campaign_2025_0084,2025-02-09,2025-07-31,TikTok Ads,South America,15877,15877,15877,5628.9,139828.33,Youth,Home,Desktop,2025,H1_2025,172,2,1,2,7,False,1.0,1.0,23.841147,24.841147,0.354532,354.531713,0.354532,8.806974,8.806974,134199.43,0.959744,1.0,1.0,5,New Year,2000.0,8806.974239465893,1,2025-05-06 00:00:00,False
2025_0085,Campaign_2025_0085,2025-05-07,2025-11-15,Google Ads,Africa,59951,50983,39577,35124.89,4791.92,Adults,Electronics,Desktop,2025,H1_2025,192,5,2,5,11,False,0.850411,0.776278,-0.863575,0.136425,0.688953,585.893313,0.887508,0.093991,0.121078,-30332.97,-6.330024,0.660156,0.7762783672989035,8,Summer,1510.5669630197995,79.93060999816517,0,2025-08-11 00:00:00,False
2025_0086,Campaign_2025_0086,2025-01-13,2025-12-27,Google Ads,North America,71122,71122,65641,24834.92,120340.24,Adults,Electronics,Mobile,2025,H1_2025,348,1,1,1,12,False,1.0,0.922935,3.845606,4.845606,0.349188,349.187593,0.378345,1.692026,1.833309,95505.32,0.793627,0.922935,0.9229352380416749,7,New Year,1922.935238041675,1692.025533590169,1,2025-07-06 00:00:00,False
2025_0087,Campaign_2025_0087,2025-06-17,2025-10-30,Facebook Ads,Europe,53481,37379,11703,48576.66,38538.19,Adults,Clothing,Desktop,2025,H1_2025,135,6,2,6,10,False,0.698921,0.31309,-0.206652,0.793348,1.299571,908.297526,4.150787,1.031012,3.293018,-10038.470000000001,-0.260481,0.218825,0.31309023783407797,8,Summer,917.746489407453,720.59591256708,0,2025-08-23 12:00:00,False
2025_0088,Campaign_2025_0088,2025-01-29,2025-09-12,Facebook Ads,Europe,46115,46115,7665,19153.09,88892.9,Seniors,Electronics,Mobile,2025,H1_2025,226,1,1,1,9,False,1.0,0.166215,3.641178,4.641178,0.415333,415.333189,2.498772,1.927635,11.597247,69739.81,0.784537,0.166215,0.16621489753876179,5,New Year,1166.2148975387618,1927.6352596768945,1,2025-05-22 00:00:00,False
2025_0089,Campaign_2025_0089,2025-04-10,2025-08-31,Google Ads,Asia,35733,17365,17365,36023.91,37826.94,Youth,Services,Tablet,2025,H1_2025,143,4,2,4,8,False,0.485965,1.0,0.050051,1.050051,2.074513,1008.141214,2.074513,2.178344,2.178344,1803.0299999999988,0.047665,0.485965,1.0,6,Summer,971.9307083088462,1058.5996138023677,0,2025-06-20 12:00:00,False
2025_0090,Campaign_2025_0090,2025-05-30,2025-12-26,Google Display Network,Asia,23111,23111,20420,23679.17,106504.65,Youth,Travel,Desktop,2025,H1_2025,210,5,2,5,12,False,1.0,0.883562,3.49782,4.49782,1.024584,1024.584397,1.159607,4.608396,5.215703,82825.48,0.77767,0.883562,0.8835619402016356,9,Summer,1883.5619402016355,4608.396434598243,1,2025-09-12 00:00:00,False
2025_0091,Campaign_2025_0091,2025-03-17,2025-10-03,TikTok Ads,Europe,11757,11757,11757,29796.62,82898.72,Youth,Services,Mobile,2025,H1_2025,200,3,1,3,10,False,1.0,1.0,1.782152,2.782152,2.534373,2534.372714,2.534373,7.05101,7.05101,53102.100000000006,0.640566,1.0,1.0,6,New Year,2000.0,7051.009611295399,1,2025-06-25 00:00:00,False
2025_0092,Campaign_2025_0092,2025-04-05,2025-09-10,Email,South America,7814,7814,7814,26069.41,41907.95,Adults,Electronics,Mobile,2025,H1_2025,158,4,2,4,9,False,1.0,1.0,0.607553,1.607553,3.336244,3336.243921,3.336244,5.363188,5.363188,15838.539999999997,0.377936,1.0,1.0,6,Summer,2000.0,5363.187867929357,0,2025-06-23 00:00:00,False
2025_0093,Campaign_2025_0093,2025-02-05,2025-10-10,Google Ads,Asia,69818,9761,9761,1215.61,72698.57,Seniors,Services,Mobile,2025,H1_2025,247,2,1,2,10,False,0.139806,1.0,58.804189,59.804189,0.124537,17.411126,0.124537,7.447861,7.447861,71482.96,0.983279,0.139806,1.0,6,New Year,279.6127073247587,1041.2582715059154,1,2025-06-08 12:00:00,False
2025_0094,Campaign_2025_0094,2025-05-12,2025-08-24,Facebook Ads,North America,9986,9986,9986,40260.47,51196.65,Youth,Home,Tablet,2025,H1_2025,104,5,2,5,8,False,1.0,1.0,0.271636,1.271636,4.031691,4031.691368,4.031691,5.126843,5.126843,10936.18,0.213611,1.0,1.0,7,Summer,1999.9999999999998,5126.842579611456,0,2025-07-03 00:00:00,False
2025_0095,Campaign_2025_0095,2025-05-07,2025-10-31,Google Display Network,Europe,73871,26614,26614,39881.41,88906.57,Youth,Electronics,Tablet,2025,H1_2025,177,5,2,5,10,False,0.360277,1.0,1.229273,2.229273,1.498512,539.879114,1.498512,3.340594,3.340594,49025.16,0.551423,0.360277,1.0,8,Summer,720.5533971382546,1203.538194961487,0,2025-08-03 12:00:00,False
2025_0096,Campaign_2025_0096,2025-01-14,2025-10-01,Google Ads,North America,62642,49522,49522,22792.0,107896.33,Youth,Travel,Desktop,2025,H1_2025,260,1,1,1,10,False,0.790556,1.0,3.733956,4.733956,0.46024,363.845343,0.46024,2.178756,2.178756,85104.33,0.78876,0.790556,1.0,5,New Year,1581.1117141853708,1722.4279237572234,1,2025-05-24 00:00:00,False
2025_0097,Campaign_2025_0097,2025-03-30,2025-12-06,Google Ads,Europe,4141,4141,4141,47687.85,6640.8,Youth,Home,Desktop,2025,H1_2025,251,3,1,3,12,False,1.0,1.0,-0.860744,0.139256,11.516023,11516.0227,11.516023,1.603671,1.603671,-41047.049999999996,-6.18104,1.0,1.0,8,New Year,2000.0,1603.6706109635354,0,2025-08-02 12:00:00,False
2025_0098,Campaign_2025_0098,2025-05-16,2025-11-22,Facebook Ads,North America,63675,10671,10671,23318.98,108208.46,Adults,Home,Tablet,2025,H1_2025,190,5,2,5,11,False,0.167585,1.0,3.64036,4.64036,2.185267,366.218767,2.185267,10.140424,10.140424,84889.48000000001,0.784499,0.167585,1.0,8,Summer,335.170789163722,1699.3868865331765,1,2025-08-19 00:00:00,False
2025_0099,Campaign_2025_0099,2025-06-02,2025-11-19,Email,Africa,2282,2282,2282,2990.09,136954.08,Adults,Services,Mobile,2025,H1_2025,170,6,2,6,11,False,1.0,1.0,44.802661,45.802661,1.310294,1310.293602,1.310294,60.014934,60.014934,133963.99,0.978167,1.0,1.0,8,Summer,2000.0,60014.934268185796,1,2025-08-26 00:00:00,False
2025_0100,Campaign_2025_0100,2025-01-07,2025-07-17,Email,Europe,69646,69646,69646,28875.54,74145.7,Seniors,Services,Mobile,2025,H1_2025,191,1,1,1,7,False,1.0,1.0,1.567768,2.567768,0.414604,414.604428,0.414604,1.064608,1.064608,45270.159999999996,0.610557,1.0,1.0,4,New Year,2000.0,1064.608161272722,0,2025-04-12 12:00:00,False
2025_0101,Campaign_2025_0101,2025-05-07,2025-09-11,Email,Africa,47308,47308,45875,26257.01,50945.51,Youth,Electronics,Desktop,2025,H1_2025,127,5,2,5,9,False,1.0,0.969709,0.940263,1.940263,0.555023,555.022618,0.57236,1.07689,1.110529,24688.500000000004,0.484606,0.969709,0.9697091401031538,7,Summer,1969.709140103154,1076.8899551872835,0,2025-07-09 12:00:00,False
2025_0102,Campaign_2025_0102,2025-01-12,2025-10-19,Google Display Network,South America,98690,51159,51159,47949.94,4776.76,Adults,Clothing,Desktop,2025,H1_2025,280,1,1,1,10,False,0.518381,1.0,-0.90038,0.09962,0.937273,485.864221,0.937273,0.093371,0.093371,-43173.18,-9.038172,0.518381,1.0,6,New Year,1036.7615766541696,48.401661769176215,0,2025-06-01 00:00:00,False
2025_0103,Campaign_2025_0103,2025-04-07,2025-11-22,Google Display Network,North America,81960,35998,26170,41361.36,33128.23,Seniors,Clothing,Desktop,2025,H1_2025,229,4,2,4,11,False,0.439214,0.726985,-0.199054,0.800946,1.14899,504.653001,1.580488,0.92028,1.265886,-8233.129999999997,-0.248523,0.319302,0.7269848324906939,7,Summer,758.5163494387507,404.1999755978527,0,2025-07-30 12:00:00,False
2025_0104,Campaign_2025_0104,2025-03-21,2025-09-11,Google Display Network,Africa,56481,12848,12837,40206.08,13595.83,Youth,Home,Tablet,2025,H1_2025,174,3,1,3,9,False,0.227475,0.999144,-0.661846,0.338154,3.129365,711.851419,3.132046,1.058206,1.059113,-26610.25,-1.957236,0.22728,0.9991438356164384,6,New Year,454.75469626954197,240.71510773534462,0,2025-06-16 00:00:00,False
2025_0105,Campaign_2025_0105,2025-05-23,2025-10-13,TikTok Ads,Africa,62291,13930,13930,44278.21,24841.59,Seniors,Electronics,Desktop,2025,H1_2025,143,5,2,5,10,False,0.223628,1.0,-0.438966,0.561034,3.178622,710.82837,3.178622,1.783316,1.783316,-19436.62,-0.782423,0.223628,1.0,8,Summer,447.2556228026521,398.79902393604215,0,2025-08-02 12:00:00,False
2025_0106,Campaign_2025_0106,2025-01-09,2025-10-01,Email,Europe,13952,13952,13952,3176.52,145429.0,Adults,Travel,Desktop,2025,H1_2025,265,1,1,1,10,False,1.0,1.0,44.782492,45.782492,0.227675,227.674885,0.227675,10.423524,10.423524,142252.48,0.978158,1.0,1.0,5,New Year,2000.0,10423.523509174312,1,2025-05-21 12:00:00,False
2025_0107,Campaign_2025_0107,2025-06-15,2025-07-22,Email,Africa,38249,38249,37703,16232.15,112430.44,Seniors,Travel,Mobile,2025,H1_2025,37,6,2,6,7,False,1.0,0.985725,5.926405,6.926405,0.424381,424.38103,0.430527,2.939435,2.982002,96198.29000000001,0.855625,0.985725,0.9857251169965228,7,Summer,1985.7251169965227,2939.434756464221,1,2025-07-03 12:00:00,False
2025_0108,Campaign_2025_0108,2025-02-10,2025-07-31,Google Ads,Africa,8447,8447,8447,24219.55,9383.87,Adults,Home,Desktop,2025,H1_2025,171,2,1,2,7,False,1.0,1.0,-0.61255,0.38745,2.867237,2867.236889,2.867237,1.110912,1.110912,-14835.679999999998,-1.580977,1.0,1.0,5,New Year,2000.0000000000002,1110.9115662365339,0,2025-05-06 12:00:00,False
2025_0109,Campaign_2025_0109,2025-03-17,2025-11-05,Email,South America,2435,2435,2435,48699.42,3095.38,Seniors,Home,Tablet,2025,H1_2025,233,3,1,3,11,False,1.0,1.0,-0.936439,0.063561,19.999762,19999.761807,19.999762,1.271203,1.271203,-45604.04,-14.732937,1.0,1.0,7,New Year,2000.0,1271.2032854209447,0,2025-07-11 12:00:00,False
2025_0110,Campaign_2025_0110,2025-03-15,2025-07-03,TikTok Ads,Africa,67407,14950,14950,45162.98,47514.85,Seniors,Services,Desktop,2025,H1_2025,110,3,1,3,7,False,0.221787,1.0,0.052075,1.052075,3.020935,670.004302,3.020935,3.178251,3.178251,2351.8699999999953,0.049498,0.221787,1.0,5,New Year,443.5741095138487,704.894892221876,0,2025-05-09 00:00:00,False
2025_0111,Campaign_2025_0111,2025-06-21,2025-09-01,Facebook Ads,Asia,40983,25875,25875,29863.13,18700.57,Seniors,Services,Desktop,2025,H1_2025,72,6,2,6,9,False,0.631359,1.0,-0.373791,0.626209,1.154131,728.671156,1.154131,0.722727,0.722727,-11162.560000000001,-0.59691,0.631359,1.0,7,Summer,1262.718688236586,456.3006612497865,0,2025-07-27 00:00:00,False
2025_0112,Campaign_2025_0112,2025-05-20,2025-07-05,Google Display Network,Europe,53756,42568,31701,24344.86,115487.25,Adults,Clothing,Mobile,2025,H1_2025,46,5,2,5,7,False,0.791874,0.744714,3.743804,4.743804,0.571905,452.877074,0.767952,2.713006,3.643016,91142.39,0.789199,0.58972,0.7447143394098854,6,Summer,1381.5946126943968,2148.360183049334,1,2025-06-12 00:00:00,False
2025_0113,Campaign_2025_0113,2025-01-29,2025-09-28,Google Ads,Africa,97829,71810,38850,11747.1,39436.48,Seniors,Services,Mobile,2025,H1_2025,242,1,1,1,9,False,0.734036,0.541011,2.357125,3.357125,0.163586,120.077891,0.302371,0.549178,1.015096,27689.380000000005,0.702126,0.397122,0.5410110012533074,5,New Year,1131.1574277565958,403.1164583099082,1,2025-05-30 00:00:00,False
2025_0114,Campaign_2025_0114,2025-03-13,2025-09-07,Email,Africa,54251,54251,4125,23660.45,60094.07,Seniors,Electronics,Desktop,2025,H1_2025,178,3,1,3,9,False,1.0,0.076035,1.539853,2.539853,0.436129,436.129288,5.735867,1.107704,14.568259,36433.619999999995,0.606276,0.076035,0.07603546478405929,6,New Year,1076.0354647840593,1107.7043741129196,0,2025-06-10 00:00:00,False
2025_0115,Campaign_2025_0115,2025-01-30,2025-08-30,Email,North America,91560,42430,42430,25112.09,65676.26,Youth,Home,Mobile,2025,H1_2025,212,1,1,1,8,False,0.463412,1.0,1.615324,2.615324,0.591848,274.269222,0.591848,1.547873,1.547873,40564.17,0.617638,0.463412,1.0,5,New Year,926.8239405854084,717.3029707295761,1,2025-05-16 00:00:00,False
2025_0116,Campaign_2025_0116,2025-06-19,2025-10-27,TikTok Ads,North America,11715,11715,11715,5977.14,110185.61,Seniors,Electronics,Tablet,2025,H1_2025,130,6,2,6,10,False,1.0,1.0,17.434504,18.434504,0.510213,510.212548,0.510213,9.405515,9.405515,104208.47,0.945754,1.0,1.0,8,Summer,2000.0,9405.515151515152,1,2025-08-23 00:00:00,False
2025_0117,Campaign_2025_0117,2025-05-26,2025-11-12,Facebook Ads,South America,50510,50510,43322,31478.39,61701.84,Adults,Electronics,Tablet,2025,H1_2025,170,5,2,5,11,False,1.0,0.857692,0.960133,1.960133,0.623211,623.211047,0.726614,1.221577,1.424261,30223.449999999997,0.489831,0.857692,0.8576915462284697,8,Summer,1857.6915462284696,1221.5767174816867,0,2025-08-19 00:00:00,False
2025_0118,Campaign_2025_0118,2025-06-29,2025-11-28,Google Display Network,Asia,67395,31909,3930,2930.86,119331.76,Seniors,Home,Desktop,2025,H1_2025,152,6,2,6,11,False,0.473462,0.123163,39.715612,40.715612,0.091851,43.487796,0.745766,3.739752,30.364316,116400.9,0.975439,0.058313,0.12316274405340186,9,Summer,531.7753542547667,1770.6322427479784,1,2025-09-13 00:00:00,False
2025_0119,Campaign_2025_0119,2025-06-21,2025-09-15,Google Display Network,North America,59049,59049,41609,47836.94,27999.04,Seniors,Electronics,Desktop,2025,H1_2025,86,6,2,6,9,False,1.0,0.704652,-0.414698,0.585302,0.810123,810.122779,1.149678,0.474166,0.672908,-19837.9,-0.708521,0.704652,0.7046520686209758,8,Summer,1704.6520686209758,474.16620095175193,0,2025-08-03 00:00:00,False
2025_0120,Campaign_2025_0120,2025-04-11,2025-07-25,Facebook Ads,Africa,72452,72452,30824,23511.3,50356.03,Seniors,Travel,Desktop,2025,H1_2025,105,4,2,4,7,False,1.0,0.42544,1.14178,2.14178,0.324509,324.50864,0.76276,0.695026,1.633663,26844.73,0.533099,0.42544,0.4254402915033401,6,Summer,1425.4402915033402,695.0260862364048,0,2025-06-02 12:00:00,False
2025_0121,Campaign_2025_0121,2025-05-17,2025-11-16,Facebook Ads,North America,40246,28763,28763,7778.68,39205.62,Seniors,Home,Desktop,2025,H1_2025,183,5,2,5,11,False,0.71468,1.0,4.040138,5.040138,0.27044,193.278338,0.27044,1.363057,1.363057,31426.940000000002,0.801593,0.71468,1.0,8,Summer,1429.3594394473985,974.1494806937335,1,2025-08-16 12:00:00,False
2025_0122,Campaign_2025_0122,2025-04-26,2025-08-09,Google Display Network,North America,18237,18237,2324,16965.59,87370.76,Adults,Services,Tablet,2025,H1_2025,105,4,2,4,8,False,1.0,0.127433,4.14988,5.14988,0.930284,930.284038,7.300168,4.790852,37.594991,70405.17,0.805821,0.127433,0.12743324011624718,6,Summer,1127.4332401162474,4790.851565498711,1,2025-06-17 12:00:00,False
2025_0123,Campaign_2025_0123,2025-01-25,2025-11-26,Email,South America,45615,40070,21765,18393.36,98183.05,Youth,Home,Tablet,2025,H1_2025,305,1,1,1,11,False,0.878439,0.543174,4.337962,5.337962,0.459031,403.230516,0.845089,2.450288,4.511052,79789.69,0.812663,0.477146,0.5431744447217369,6,New Year,1355.5847857064562,2152.429025539844,1,2025-06-26 12:00:00,False
2025_0124,Campaign_2025_0124,2025-06-23,2025-09-13,Email,South America,95286,61125,38439,5682.36,8420.82,Seniors,Clothing,Tablet,2025,H1_2025,82,6,2,6,9,False,0.64149,0.628859,0.481923,1.481923,0.092963,59.634784,0.147828,0.137764,0.21907,2738.46,0.325201,0.403407,0.6288588957055214,8,Summer,1044.8964171021976,88.37415779862728,0,2025-08-03 00:00:00,False
2025_0125,Campaign_2025_0125,2025-05-04,2025-08-10,TikTok Ads,Europe,77235,2142,2142,35527.88,116856.06,Adults,Electronics,Tablet,2025,H1_2025,98,5,2,5,8,False,0.027734,1.0,2.289137,3.289137,16.586312,459.997152,16.586312,54.55465,54.55465,81328.18,0.695969,0.027734,1.0,6,Summer,55.46708098659934,1512.9935909885414,1,2025-06-22 00:00:00,False
2025_0126,Campaign_2025_0126,2025-04-17,2025-09-02,Google Ads,South America,96082,53374,378,24696.56,113769.77,Adults,Electronics,Tablet,2025,H1_2025,138,4,2,4,9,False,0.555505,0.007082,3.606705,4.606705,0.462708,257.036282,65.334815,2.131558,300.978228,89073.21,0.782925,0.003934,0.007082099898827144,6,Summer,559.4388126808352,1184.0903603172292,1,2025-06-25 00:00:00,False
2025_0127,Campaign_2025_0127,2025-05-31,2025-08-03,Facebook Ads,Africa,12411,12411,12411,2903.25,65679.44,Adults,Electronics,Desktop,2025,H1_2025,64,5,2,5,8,False,1.0,1.0,21.62273,22.62273,0.233926,233.92555,0.233926,5.292034,5.292034,62776.19,0.955797,1.0,1.0,7,Summer,2000.0,5292.034485537024,1,2025-07-02 00:00:00,False
2025_0128,Campaign_2025_0128,2025-04-08,2025-07-01,Email,Africa,86914,39988,11515,47108.85,13549.0,Youth,Travel,Mobile,2025,H1_2025,84,4,2,4,7,False,0.460087,0.287961,-0.712389,0.287611,1.178075,542.016821,4.091086,0.338827,1.176639,-33559.85,-2.476924,0.132487,0.28796138841652497,5,Summer,592.5742688174518,155.88973007800814,0,2025-05-20 00:00:00,False
2025_0129,Campaign_2025_0129,2025-01-14,2025-07-11,Google Ads,Africa,44765,44765,44765,30825.54,4868.66,Adults,Clothing,Tablet,2025,H1_2025,178,1,1,1,7,False,1.0,1.0,-0.842058,0.157942,0.688608,688.608064,0.688608,0.10876,0.10876,-25956.88,-5.331422,1.0,1.0,4,New Year,2000.0,108.76041550318328,0,2025-04-13 00:00:00,False
2025_0130,Campaign_2025_0130,2025-06-17,2025-10-08,Google Ads,South America,55259,55259,55259,29292.16,84668.13,Youth,Travel,Mobile,2025,H1_2025,113,6,2,6,10,False,1.0,1.0,1.890471,2.890471,0.530088,530.088492,0.530088,1.532205,1.532205,55375.97,0.654036,1.0,1.0,8,Summer,2000.0,1532.2052516332183,1,2025-08-12 12:00:00,False
2025_0131,Campaign_2025_0131,2025-04-11,2025-12-29,Google Display Network,North America,40749,1943,1943,30617.58,121327.11,Adults,Services,Tablet,2025,H1_2025,262,4,2,4,12,False,0.047682,1.0,2.962662,3.962662,15.75789,751.370095,15.75789,62.443186,62.443186,90709.53,0.747644,0.047682,1.0,8,Summer,95.36430341848879,2977.425458293455,1,2025-08-20 00:00:00,False
2025_0132,Campaign_2025_0132,2025-01-07,2025-09-04,TikTok Ads,North America,5095,1190,1190,13609.55,56914.12,Youth,Electronics,Mobile,2025,H1_2025,240,1,1,1,9,False,0.233562,1.0,3.181925,4.181925,11.436597,2671.157998,11.436597,47.826992,47.826992,43304.57000000001,0.760876,0.233562,1.0,5,New Year,467.1246319921492,11170.582924435723,1,2025-05-07 00:00:00,False
2025_0133,Campaign_2025_0133,2025-02-09,2025-11-06,Google Ads,Asia,94487,83631,79161,13231.13,132794.19,Adults,Electronics,Desktop,2025,H1_2025,270,2,1,2,11,False,0.885106,0.946551,9.036497,10.036497,0.158208,140.031221,0.167142,1.587858,1.67752,119563.06,0.900364,0.837798,0.9465509201133551,6,New Year,1722.903679871305,1405.422862404352,1,2025-06-24 00:00:00,False
2025_0134,Campaign_2025_0134,2025-02-07,2025-08-30,TikTok Ads,South America,13160,13160,13160,13356.6,143327.85,Youth,Services,Mobile,2025,H1_2025,204,2,1,2,8,False,1.0,1.0,9.730863,10.730863,1.014939,1014.93921,1.014939,10.891174,10.891174,129971.25,0.906811,1.0,1.0,5,New Year,2000.0,10891.174012158055,1,2025-05-20 00:00:00,False
2025_0135,Campaign_2025_0135,2025-06-02,2025-12-07,TikTok Ads,Asia,40943,33015,33015,10490.4,38200.12,Youth,Home,Tablet,2025,H1_2025,188,6,2,6,12,False,0.806365,1.0,2.641436,3.641436,0.317746,256.219622,0.317746,1.157053,1.157053,27709.72,0.725383,0.806365,1.0,9,Summer,1612.7298927777642,933.0073516840487,1,2025-09-04 00:00:00,False
2025_0136,Campaign_2025_0136,2025-05-30,2025-11-11,Email,Asia,71911,71911,62487,8501.13,137766.02,Seniors,Clothing,Tablet,2025,H1_2025,165,5,2,5,11,False,1.0,0.868949,15.205613,16.205613,0.118217,118.21738,0.136046,1.915785,2.204715,129264.88999999998,0.938293,0.868949,0.8689491176593289,8,Summer,1868.9491176593287,1915.7850676530709,1,2025-08-20 12:00:00,False
2025_0137,Campaign_2025_0137,2025-03-13,2025-09-01,Facebook Ads,Europe,38717,38717,20315,11665.11,149569.44,Youth,Electronics,Desktop,2025,H1_2025,172,3,1,3,9,False,1.0,0.524705,11.821949,12.821949,0.301292,301.291681,0.574212,3.863146,7.362512,137904.33000000002,0.922009,0.524705,0.5247049099878607,6,New Year,1524.7049099878607,3863.1464214686057,1,2025-06-07 00:00:00,False
2025_0138,Campaign_2025_0138,2025-03-14,2025-09-02,Email,Europe,87940,28153,28153,45709.0,8418.2,Adults,Travel,Mobile,2025,H1_2025,172,3,1,3,9,False,0.320139,1.0,-0.815831,0.184169,1.623593,519.774846,1.623593,0.299016,0.299016,-37290.8,-4.429783,0.320139,1.0,6,New Year,640.2774619058449,95.7266317944053,0,2025-06-08 00:00:00,False
2025_0139,Campaign_2025_0139,2025-01-14,2025-08-03,Google Display Network,Africa,25380,24683,24683,19496.36,108002.4,Seniors,Travel,Mobile,2025,H1_2025,201,1,1,1,8,False,0.972537,1.0,4.539619,5.539619,0.78987,768.178093,0.78987,4.375578,4.375578,88506.04,0.819482,0.972537,1.0,4,New Year,1945.0748620961388,4255.413711583924,1,2025-04-24 12:00:00,False
2025_0140,Campaign_2025_0140,2025-05-11,2025-07-05,TikTok Ads,South America,95098,86395,11392,14391.78,106369.25,Adults,Electronics,Desktop,2025,H1_2025,55,5,2,5,7,False,0.908484,0.131859,6.390972,7.390972,0.166581,151.336306,1.263323,1.231197,9.337188,91977.47,0.8647,0.119792,0.13185948260894728,6,Summer,1028.2760941344718,1118.5224715556583,1,2025-06-07 12:00:00,False
2025_0141,Campaign_2025_0141,2025-06-03,2025-12-08,Facebook Ads,North America,48668,48668,6415,37347.05,88291.47,Youth,Electronics,Desktop,2025,H1_2025,188,6,2,6,12,False,1.0,0.131811,1.364082,2.364082,0.767384,767.384113,5.821832,1.814159,13.763284,50944.42,0.577003,0.131811,0.13181145722035012,9,Summer,1131.8114572203501,1814.1585846963098,0,2025-09-05 00:00:00,False
2025_0142,Campaign_2025_0142,2025-05-31,2025-09-01,TikTok Ads,Africa,62493,42872,2375,40476.68,30540.55,Adults,Travel,Desktop,2025,H1_2025,93,5,2,5,9,False,0.686029,0.055397,-0.245478,0.754522,0.944129,647.699422,17.042813,0.712366,12.859179,-9936.130000000001,-0.325342,0.038004,0.055397462213099456,7,Summer,724.0330917062711,488.7035347958971,0,2025-07-16 12:00:00,False
2025_0143,Campaign_2025_0143,2025-05-22,2025-08-07,TikTok Ads,South America,1662,1662,1662,4127.22,133060.76,Seniors,Electronics,Desktop,2025,H1_2025,77,5,2,5,8,False,1.0,1.0,31.239803,32.239803,2.483285,2483.285199,2.483285,80.060626,80.060626,128933.54000000001,0.968982,1.0,1.0,6,Summer,2000.0,80060.6257521059,1,2025-06-29 12:00:00,False
2025_0144,Campaign_2025_0144,2025-04-10,2025-11-19,Facebook Ads,Asia,15182,15182,15182,22974.78,74836.86,Youth,Home,Desktop,2025,H1_2025,223,4,2,4,11,False,1.0,1.0,2.257348,3.257348,1.513291,1513.290739,1.513291,4.929315,4.929315,51862.08,0.693002,1.0,1.0,7,Summer,2000.0,4929.314978263733,1,2025-07-30 12:00:00,False
2025_0145,Campaign_2025_0145,2025-02-24,2025-07-24,Facebook Ads,North America,22904,13443,13443,11973.76,49083.48,Seniors,Travel,Mobile,2025,H1_2025,150,2,1,2,7,False,0.586928,1.0,3.099254,4.099254,0.890706,522.7803,0.890706,3.65123,3.65123,37109.72,0.756053,0.586928,1.0,5,New Year,1173.8560950052392,2143.009081383165,1,2025-05-10 00:00:00,False
2025_0146,Campaign_2025_0146,2025-05-04,2025-10-08,Facebook Ads,North America,92617,7032,7032,25985.97,96848.95,Youth,Travel,Desktop,2025,H1_2025,157,5,2,5,10,False,0.075926,1.0,2.726971,3.726971,3.695388,280.574517,3.695388,13.772604,13.772604,70862.98,0.731686,0.075926,1.0,7,Summer,151.8511720310526,1045.6930153211613,1,2025-07-21 12:00:00,False
2025_0147,Campaign_2025_0147,2025-03-18,2025-08-13,Google Ads,Asia,36713,36713,36713,25638.15,101870.62,Seniors,Services,Mobile,2025,H1_2025,148,3,1,3,8,False,1.0,1.0,2.9734,3.9734,0.69834,698.339825,0.69834,2.774783,2.774783,76232.47,0.748326,1.0,1.0,5,New Year,2000.0,2774.7833192602075,1,2025-05-31 00:00:00,False
2025_0148,Campaign_2025_0148,2025-05-25,2025-07-19,Google Ads,Asia,95269,77105,55222,43097.83,37668.14,Youth,Electronics,Mobile,2025,H1_2025,55,5,2,5,7,False,0.80934,0.716192,-0.125985,0.874015,0.55895,452.380418,0.780447,0.48853,0.682122,-5429.690000000002,-0.144145,0.579643,0.7161922054341482,6,Summer,1388.9827750894833,395.3871668643525,0,2025-06-21 12:00:00,False
2025_0149,Campaign_2025_0149,2025-02-22,2025-09-14,Email,Europe,45911,45911,8399,36586.61,107543.51,Seniors,Services,Desktop,2025,H1_2025,204,2,1,2,9,False,1.0,0.182941,1.939423,2.939423,0.796903,796.902921,4.356067,2.342434,12.804323,70956.9,0.659797,0.182941,0.18294090740781077,6,New Year,1182.9409074078108,2342.4344928230707,1,2025-06-04 00:00:00,False
2025_0150,Campaign_2025_0150,2025-04-19,2025-12-31,Facebook Ads,Africa,5082,5082,5082,7663.34,12152.77,Youth,Clothing,Mobile,2025,H1_2025,256,4,2,4,12,False,1.0,1.0,0.585832,1.585832,1.507938,1507.93782,1.507938,2.391336,2.391336,4489.43,0.369416,1.0,1.0,8,Summer,2000.0,2391.3360881542703,0,2025-08-25 00:00:00,False
2025_0151,Campaign_2025_0151,2025-06-16,2025-07-16,Facebook Ads,Africa,91303,88466,8046,7466.94,79119.62,Seniors,Clothing,Desktop,2025,H1_2025,30,6,2,6,7,False,0.968928,0.09095,9.59599,10.59599,0.084405,81.781979,0.928031,0.894351,9.83341,71652.68,0.905625,0.088124,0.0909501955553546,7,Summer,1057.0517945741103,866.5610111387358,1,2025-07-01 00:00:00,False
2025_0152,Campaign_2025_0152,2025-06-14,2025-07-09,Google Display Network,Asia,51734,51734,51734,9252.01,23247.32,Seniors,Services,Mobile,2025,H1_2025,25,6,2,6,7,False,1.0,1.0,1.512678,2.512678,0.178838,178.838095,0.178838,0.449363,0.449363,13995.31,0.602018,1.0,1.0,6,Summer,2000.0,449.3625082151003,0,2025-06-26 12:00:00,False
2025_0153,Campaign_2025_0153,2025-06-23,2025-08-05,Google Ads,Europe,89176,14598,5934,32645.77,106225.15,Adults,Travel,Tablet,2025,H1_2025,43,6,2,6,8,False,0.163699,0.406494,2.253872,3.253872,2.236318,366.082466,5.501478,7.276692,17.901104,73579.37999999999,0.692674,0.066543,0.4064940402794903,7,Summer,230.241320534673,1191.1854086301246,1,2025-07-14 12:00:00,False
2025_0154,Campaign_2025_0154,2025-06-20,2025-08-02,TikTok Ads,Africa,90823,11102,11102,7049.75,116170.18,Youth,Home,Mobile,2025,H1_2025,43,6,2,6,8,False,0.122238,1.0,15.478624,16.478624,0.634998,77.620757,0.634998,10.463897,10.463897,109120.43,0.939315,0.122238,1.0,7,Summer,244.47551831584514,1279.08327185845,1,2025-07-11 12:00:00,False
2025_0155,Campaign_2025_0155,2025-01-10,2025-09-07,TikTok Ads,Asia,88440,75461,12300,49418.44,41385.37,Seniors,Travel,Tablet,2025,H1_2025,240,1,1,1,9,False,0.853245,0.162998,-0.162552,0.837448,0.654887,558.779285,4.017759,0.548434,3.364664,-8033.07,-0.194104,0.139077,0.16299810498138112,5,New Year,992.3224785165083,467.9485526910901,0,2025-05-10 00:00:00,False
2025_0156,Campaign_2025_0156,2025-06-18,2025-10-29,Facebook Ads,Asia,81514,39470,36817,42761.19,129029.83,Youth,Services,Tablet,2025,H1_2025,133,6,2,6,10,False,0.484211,0.932784,2.017452,3.017452,1.083385,524.587065,1.161452,3.269061,3.504626,86268.64,0.668595,0.451665,0.9327843932100329,8,Summer,935.8760458326177,1582.9161861766079,1,2025-08-23 12:00:00,False
2025_0157,Campaign_2025_0157,2025-06-30,2025-07-17,Facebook Ads,Africa,88482,64045,2098,33694.22,36356.5,Youth,Home,Mobile,2025,H1_2025,17,6,2,6,7,False,0.72382,0.032758,0.079013,1.079013,0.526102,380.803101,16.060162,0.567671,17.329123,2662.279999999999,0.073227,0.023711,0.03275821687875712,7,Summer,747.5305711896204,410.89148075314756,0,2025-07-08 12:00:00,False
2025_0158,Campaign_2025_0158,2025-03-19,2025-10-01,Google Ads,Europe,16687,16687,16687,45146.73,116196.8,Seniors,Travel,Tablet,2025,H1_2025,196,3,1,3,10,False,1.0,1.0,1.573759,2.573759,2.705503,2705.503086,2.705503,6.963313,6.963313,71050.07,0.611463,1.0,1.0,6,New Year,1999.9999999999998,6963.312758434709,0,2025-06-25 00:00:00,False
2025_0159,Campaign_2025_0159,2025-05-02,2025-09-01,Email,North America,99176,56818,54655,46756.04,57316.64,Adults,Home,Mobile,2025,H1_2025,122,5,2,5,9,False,0.572901,0.961931,0.225866,1.225866,0.822909,471.445108,0.855476,1.008776,1.048699,10560.599999999999,0.18425,0.551091,0.9619310781794502,7,Summer,1123.9916915382753,577.928531096233,0,2025-07-02 00:00:00,False
2025_0160,Campaign_2025_0160,2025-01-30,2025-10-02,Google Display Network,Asia,60676,32880,1971,49785.03,149615.41,Adults,Services,Desktop,2025,H1_2025,245,1,1,1,10,False,0.541895,0.059945,2.005229,3.005229,1.514143,820.506131,25.258767,4.550347,75.908376,99830.38,0.667247,0.032484,0.059945255474452556,6,New Year,574.3786670182609,2465.8087217351176,1,2025-06-01 12:00:00,False
2025_0161,Campaign_2025_0161,2025-06-01,2025-10-24,TikTok Ads,South America,84715,61404,61404,22647.34,61086.97,Seniors,Electronics,Mobile,2025,H1_2025,145,6,2,6,10,False,0.72483,1.0,1.697313,2.697313,0.368825,267.335655,0.368825,0.994837,0.994837,38439.630000000005,0.629261,0.72483,1.0,8,Summer,1449.6606268075311,721.0880009443428,1,2025-08-12 12:00:00,False
2025_0162,Campaign_2025_0162,2025-05-04,2025-10-09,Google Display Network,Europe,24631,22790,22790,43805.1,7434.31,Adults,Home,Mobile,2025,H1_2025,158,5,2,5,10,False,0.925257,1.0,-0.830287,0.169713,1.922119,1778.453981,1.922119,0.326209,0.326209,-36370.79,-4.892289,0.925257,1.0,7,Summer,1850.5135804474037,301.8273720108806,0,2025-07-22 00:00:00,False
2025_0163,Campaign_2025_0163,2025-05-30,2025-07-03,TikTok Ads,Asia,79692,79692,79692,22098.1,69524.66,Adults,Home,Desktop,2025,H1_2025,34,5,2,5,7,False,1.0,1.0,2.146183,3.146183,0.277294,277.293831,0.277294,0.872417,0.872417,47426.560000000005,0.682155,1.0,1.0,6,Summer,2000.0000000000002,872.4170556643077,1,2025-06-16 00:00:00,False
2025_0164,Campaign_2025_0164,2025-05-04,2025-12-21,Email,South America,24328,24328,24328,34190.9,22468.24,Youth,Electronics,Mobile,2025,H1_2025,231,5,2,5,12,False,1.0,1.0,-0.342859,0.657141,1.405414,1405.413515,1.405414,0.923555,0.923555,-11722.66,-0.521744,1.0,1.0,8,Summer,2000.0,923.5547517264059,0,2025-08-27 12:00:00,False
2025_0165,Campaign_2025_0165,2025-03-01,2025-08-23,Facebook Ads,Asia,88616,47636,7471,44083.46,39770.63,Adults,Electronics,Mobile,2025,H1_2025,175,3,1,3,8,False,0.537555,0.156835,-0.097833,0.902167,0.925423,497.466146,5.90061,0.834886,5.323334,-4312.830000000002,-0.108443,0.084308,0.1568351666806617,5,New Year,621.8628690078541,448.7973955041979,0,2025-05-27 12:00:00,False
2025_0166,Campaign_2025_0166,2025-06-13,2025-09-13,Google Display Network,South America,98223,73842,7995,3953.67,66186.38,Youth,Electronics,Tablet,2025,H1_2025,92,6,2,6,9,False,0.751779,0.108272,15.740492,16.740492,0.053542,40.251978,0.494518,0.896324,8.278472,62232.71000000001,0.940265,0.081396,0.10827171528398473,7,Summer,833.1755291530498,673.8378994736468,1,2025-07-29 00:00:00,False
2025_0167,Campaign_2025_0167,2025-04-22,2025-10-08,Google Display Network,Africa,50336,47016,47016,45063.36,117880.27,Seniors,Electronics,Desktop,2025,H1_2025,169,4,2,4,10,False,0.934043,1.0,1.615878,2.615878,0.958469,895.251113,0.958469,2.507237,2.507237,72816.91,0.617719,0.934043,1.0,7,Summer,1868.08645899555,2341.8680467260015,1,2025-07-15 12:00:00,False
2025_0168,Campaign_2025_0168,2025-04-04,2025-12-06,TikTok Ads,Europe,35585,35585,35585,28808.78,91950.97,Seniors,Clothing,Tablet,2025,H1_2025,246,4,2,4,12,False,1.0,1.0,2.191769,3.191769,0.809577,809.576507,0.809577,2.583981,2.583981,63142.19,0.686694,1.0,1.0,8,Summer,2000.0,2583.9811718420683,1,2025-08-05 00:00:00,False
2025_0169,Campaign_2025_0169,2025-06-02,2025-07-01,Google Display Network,Europe,3129,3129,3129,2304.5,79137.58,Seniors,Travel,Tablet,2025,H1_2025,29,6,2,6,7,False,1.0,1.0,33.340456,34.340456,0.736497,736.497283,0.736497,25.291652,25.291652,76833.08,0.97088,1.0,1.0,6,Summer,2000.0,25291.652285075106,1,2025-06-16 12:00:00,False
2025_0170,Campaign_2025_0170,2025-05-17,2025-11-17,Facebook Ads,Asia,48252,40297,40297,8337.98,43374.03,Seniors,Travel,Tablet,2025,H1_2025,184,5,2,5,11,False,0.835136,1.0,4.201983,5.201983,0.206913,172.800713,0.206913,1.076359,1.076359,35036.05,0.807766,0.835136,1.0,8,Summer,1670.2727348089197,898.9063665754786,1,2025-08-17 00:00:00,False
2025_0171,Campaign_2025_0171,2025-04-15,2025-10-08,TikTok Ads,North America,28562,5904,5904,40458.06,121920.58,Youth,Electronics,Mobile,2025,H1_2025,176,4,2,4,10,False,0.206708,1.0,2.013505,3.013505,6.852652,1416.499545,6.852652,20.650505,20.650505,81462.52,0.668161,0.206708,1.0,7,Summer,413.4164274210489,4268.628947552692,1,2025-07-12 00:00:00,False
2025_0172,Campaign_2025_0172,2025-06-12,2025-10-23,Email,Asia,28745,28745,28745,3275.45,53376.09,Adults,Travel,Tablet,2025,H1_2025,133,6,2,6,10,False,1.0,1.0,15.295804,16.295804,0.113949,113.948513,0.113949,1.856883,1.856883,50100.64,0.938635,1.0,1.0,8,Summer,2000.0,1856.8825882762217,1,2025-08-17 12:00:00,False
2025_0173,Campaign_2025_0173,2025-04-01,2025-09-12,TikTok Ads,North America,85371,82493,45766,19355.09,62220.17,Seniors,Travel,Desktop,2025,H1_2025,164,4,2,4,9,False,0.966288,0.554786,2.214667,3.214667,0.234627,226.717386,0.422914,0.754248,1.359528,42865.08,0.688926,0.536084,0.5547864667305105,6,Summer,1502.3719998594372,728.8209110822177,1,2025-06-22 00:00:00,False
2025_0174,Campaign_2025_0174,2025-04-09,2025-08-27,Facebook Ads,South America,53305,20391,20391,22659.8,21370.18,Adults,Travel,Tablet,2025,H1_2025,140,4,2,4,8,False,0.382534,1.0,-0.056912,0.943088,1.111265,425.097083,1.111265,1.04802,1.04802,-1289.619999999999,-0.060347,0.382534,1.0,6,Summer,765.0689428759028,400.9038551730607,0,2025-06-18 00:00:00,False
2025_0175,Campaign_2025_0175,2025-04-23,2025-09-23,Google Display Network,South America,14661,14661,14661,34430.88,148530.58,Youth,Travel,Desktop,2025,H1_2025,153,4,2,4,9,False,1.0,1.0,3.313877,4.313877,2.348467,2348.467362,2.348467,10.130999,10.130999,114099.69999999998,0.76819,1.0,1.0,7,Summer,2000.0,10130.999249710114,1,2025-07-08 12:00:00,False
2025_0176,Campaign_2025_0176,2025-03-20,2025-10-21,Google Display Network,Europe,4564,4564,4564,17174.01,24841.91,Youth,Travel,Mobile,2025,H1_2025,215,3,1,3,10,False,1.0,1.0,0.446483,1.446483,3.762929,3762.929448,3.762929,5.443013,5.443013,7667.9000000000015,0.308668,1.0,1.0,7,New Year,2000.0,5443.012708150745,0,2025-07-05 12:00:00,False
2025_0177,Campaign_2025_0177,2025-01-26,2025-09-07,TikTok Ads,Asia,47947,47947,47947,15495.35,36913.42,Seniors,Travel,Mobile,2025,H1_2025,224,1,1,1,9,False,1.0,1.0,1.382226,2.382226,0.323177,323.176633,0.323177,0.76988,0.76988,21418.07,0.580224,1.0,1.0,5,New Year,1999.9999999999998,769.8796587899138,0,2025-05-18 00:00:00,False
2025_0178,Campaign_2025_0178,2025-04-10,2025-09-20,Facebook Ads,North America,62278,8320,8320,27329.63,147214.79,Adults,Travel,Tablet,2025,H1_2025,163,4,2,4,9,False,0.133595,1.0,4.386637,5.386637,3.284811,438.832814,3.284811,17.694085,17.694085,119885.16,0.814355,0.133595,1.0,6,Summer,267.1890555252256,2363.832974726228,1,2025-06-30 12:00:00,False
2025_0179,Campaign_2025_0179,2025-06-05,2025-10-02,Facebook Ads,Africa,21978,21978,21978,32799.15,109066.51,Adults,Clothing,Desktop,2025,H1_2025,119,6,2,6,10,False,1.0,1.0,2.325285,3.325285,1.492363,1492.362817,1.492363,4.962531,4.962531,76267.35999999999,0.699274,1.0,1.0,8,Summer,1999.9999999999998,4962.531167531167,1,2025-08-03 12:00:00,False
2025_0180,Campaign_2025_0180,2025-06-11,2025-07-30,Google Ads,South America,91648,7287,7287,47399.82,8890.76,Youth,Services,Desktop,2025,H1_2025,49,6,2,6,7,False,0.079511,1.0,-0.812431,0.187569,6.50471,517.194265,6.50471,1.220085,1.220085,-38509.06,-4.331357,0.079511,1.0,7,Summer,159.02147346368716,97.00986382681565,0,2025-07-05 12:00:00,False
2025_0181,Campaign_2025_0181,2025-01-11,2025-09-23,Google Ads,Europe,73484,62522,22275,11513.21,143470.26,Youth,Clothing,Desktop,2025,H1_2025,255,1,1,1,9,False,0.850825,0.356275,11.46136,12.46136,0.184147,156.676419,0.516867,2.294716,6.440865,131957.05000000002,0.919752,0.303127,0.356274591343847,5,New Year,1153.951880681509,1952.4013390670082,1,2025-05-18 12:00:00,False
2025_0182,Campaign_2025_0182,2025-03-04,2025-10-07,TikTok Ads,North America,83202,71156,17178,10158.91,11413.37,Youth,Electronics,Desktop,2025,H1_2025,217,3,1,3,10,False,0.85522,0.241413,0.123484,1.123484,0.14277,122.099349,0.591391,0.160399,0.664418,1254.460000000001,0.109911,0.206461,0.24141323289673394,6,New Year,1061.6812095863081,137.1766303694623,0,2025-06-20 12:00:00,False
2025_0183,Campaign_2025_0183,2025-06-21,2025-11-25,Google Ads,South America,35472,35472,35472,3217.36,95236.31,Youth,Clothing,Mobile,2025,H1_2025,157,6,2,6,11,False,1.0,1.0,28.600763,29.600763,0.090701,90.701398,0.090701,2.684831,2.684831,92018.95,0.966217,1.0,1.0,9,Summer,2000.0,2684.8305705908883,1,2025-09-07 12:00:00,False
2025_0184,Campaign_2025_0184,2025-03-29,2025-11-01,Google Display Network,Africa,37099,20927,20927,36763.22,54572.59,Seniors,Travel,Mobile,2025,H1_2025,217,3,1,3,11,False,0.564085,1.0,0.484434,1.484434,1.756736,990.949082,1.756736,2.60776,2.60776,17809.369999999995,0.326343,0.564085,1.0,7,New Year,1128.1705706353273,1470.9989487587268,0,2025-07-15 12:00:00,False
2025_0185,Campaign_2025_0185,2025-06-24,2025-07-01,Email,Africa,69733,5477,5477,43957.62,108351.2,Youth,Clothing,Tablet,2025,H1_2025,7,6,2,6,7,False,0.078542,1.0,1.464901,2.464901,8.025857,630.370413,8.025857,19.782947,19.782947,64393.579999999994,0.594304,0.078542,1.0,6,Summer,157.08488090287238,1553.8009263906613,0,2025-06-27 12:00:00,False
2025_0186,Campaign_2025_0186,2025-02-17,2025-10-25,Facebook Ads,South America,86071,86071,16200,33301.34,117807.78,Adults,Travel,Mobile,2025,H1_2025,250,2,1,2,10,False,1.0,0.188217,2.537629,3.537629,0.386905,386.905462,2.055638,1.368728,7.272085,84506.44,0.717325,0.188217,0.18821670481346794,6,New Year,1188.216704813468,1368.7279106783935,1,2025-06-22 00:00:00,False
2025_0187,Campaign_2025_0187,2025-01-13,2025-12-14,Google Ads,Europe,12206,12206,5276,1626.76,134657.28,Seniors,Services,Tablet,2025,H1_2025,335,1,1,1,12,False,1.0,0.432246,81.776365,82.776365,0.133275,133.275438,0.308332,11.032056,25.522608,133030.52,0.987919,0.432246,0.4322464361789284,6,New Year,1432.2464361789284,11032.056365721777,1,2025-06-29 12:00:00,False
2025_0188,Campaign_2025_0188,2025-06-19,2025-10-20,Google Ads,North America,12531,12531,12531,46271.11,54031.38,Youth,Travel,Desktop,2025,H1_2025,123,6,2,6,10,False,1.0,1.0,0.167713,1.167713,3.692531,3692.531322,3.692531,4.311817,4.311817,7760.269999999997,0.143625,1.0,1.0,8,Summer,2000.0,4311.817093607852,0,2025-08-19 12:00:00,False
2025_0189,Campaign_2025_0189,2025-06-19,2025-12-26,Google Ads,Asia,81705,3230,3230,26674.55,69084.33,Adults,Travel,Tablet,2025,H1_2025,190,6,2,6,12,False,0.039532,1.0,1.589897,2.589897,8.258375,326.4739,8.258375,21.388337,21.388337,42409.78,0.613884,0.039532,1.0,9,Summer,79.06492870693349,845.5336882687718,0,2025-09-22 00:00:00,False
2025_0190,Campaign_2025_0190,2025-03-07,2025-12-01,Facebook Ads,North America,9012,9012,9012,11004.58,65587.58,Adults,Services,Tablet,2025,H1_2025,269,3,1,3,12,False,1.0,1.0,4.960026,5.960026,1.221103,1221.102974,1.221103,7.277805,7.277805,54583.0,0.832215,1.0,1.0,7,New Year,2000.0,7277.805148690634,1,2025-07-19 12:00:00,False
2025_0191,Campaign_2025_0191,2025-06-24,2025-11-12,Email,Africa,13316,13316,13316,21481.84,36104.11,Seniors,Travel,Mobile,2025,H1_2025,141,6,2,6,11,False,1.0,1.0,0.680681,1.680681,1.613235,1613.235206,1.613235,2.711333,2.711333,14622.27,0.405003,1.0,1.0,9,Summer,2000.0,2711.332982877741,0,2025-09-02 12:00:00,False
2025_0192,Campaign_2025_0192,2025-04-19,2025-11-08,Email,Africa,36353,27163,26344,36000.31,131647.24,Youth,Home,Mobile,2025,H1_2025,203,4,2,4,11,False,0.747201,0.969849,2.656836,3.656836,1.325344,990.298187,1.366547,4.846565,4.997238,95646.93,0.72654,0.724672,0.9698486912343998,7,Summer,1471.8730228591862,3621.3583473165895,1,2025-07-29 12:00:00,False
2025_0193,Campaign_2025_0193,2025-06-14,2025-07-13,Google Display Network,Asia,95248,82383,30572,6599.93,1098.66,Adults,Clothing,Mobile,2025,H1_2025,29,6,2,6,7,False,0.864932,0.371096,-0.833535,0.166465,0.080113,69.292059,0.215882,0.013336,0.035937,-5501.27,-5.007254,0.320973,0.37109597853926174,6,Summer,1185.9041659667394,11.534730388039645,0,2025-06-28 12:00:00,False
2025_0194,Campaign_2025_0194,2025-04-01,2025-10-14,Google Ads,Asia,24066,20881,20881,22050.7,72906.92,Adults,Home,Mobile,2025,H1_2025,196,4,2,4,10,False,0.867656,1.0,2.306331,3.306331,1.056017,916.259453,1.056017,3.491544,3.491544,50856.22,0.69755,0.867656,1.0,7,Summer,1735.3112274578243,3029.4573256876924,1,2025-07-08 00:00:00,False
2025_0195,Campaign_2025_0195,2025-05-19,2025-10-09,Google Ads,Europe,7787,7787,7787,44008.44,64983.59,Adults,Electronics,Desktop,2025,H1_2025,143,5,2,5,10,False,1.0,1.0,0.476617,1.476617,5.651527,5651.526904,5.651527,8.345138,8.345138,20975.149999999994,0.322776,1.0,1.0,7,Summer,2000.0,8345.138050597148,0,2025-07-29 12:00:00,False
2025_0196,Campaign_2025_0196,2025-03-04,2025-11-11,Email,South America,77242,37373,2704,24174.12,100193.68,Adults,Clothing,Mobile,2025,H1_2025,252,3,1,3,11,False,0.483843,0.072352,3.144667,4.144667,0.646834,312.966003,8.940133,2.680911,37.053876,76019.56,0.758726,0.035007,0.07235169774971235,7,New Year,518.8498485280029,1297.1398979829626,1,2025-07-08 00:00:00,False
2025_0197,Campaign_2025_0197,2025-06-26,2025-12-31,TikTok Ads,Europe,18657,18657,18657,37921.73,20058.62,Seniors,Travel,Desktop,2025,H1_2025,188,6,2,6,12,False,1.0,1.0,-0.471052,0.528948,2.032574,2032.573833,2.032574,1.075126,1.075126,-17863.110000000004,-0.890545,1.0,1.0,9,Summer,2000.0,1075.1256900895105,0,2025-09-28 00:00:00,False
2025_0198,Campaign_2025_0198,2025-03-03,2025-10-07,Email,South America,2856,2856,2856,21412.03,147229.65,Adults,Services,Tablet,2025,H1_2025,218,3,1,3,10,False,1.0,1.0,5.876025,6.876025,7.497209,7497.209384,7.497209,51.550998,51.550998,125817.62,0.854567,1.0,1.0,6,New Year,2000.0,51550.997899159665,1,2025-06-20 00:00:00,False
2025_0199,Campaign_2025_0199,2025-03-25,2025-12-07,TikTok Ads,Europe,97607,52171,52171,20517.69,73192.54,Adults,Services,Tablet,2025,H1_2025,257,3,1,3,12,False,0.534501,1.0,2.567289,3.567289,0.393278,210.207157,0.393278,1.402935,1.402935,52674.84999999999,0.719675,0.534501,1.0,7,New Year,1069.0011986845207,749.8697839294313,1,2025-07-31 12:00:00,False
2025_0200,Campaign_2025_0200,2025-06-17,2025-12-28,Google Display Network,North America,14966,14966,14966,38882.56,25122.72,Seniors,Travel,Tablet,2025,H1_2025,194,6,2,6,12,False,1.0,1.0,-0.353882,0.646118,2.59806,2598.059602,2.59806,1.678653,1.678653,-13759.839999999997,-0.547705,1.0,1.0,9,Summer,2000.0,1678.6529466791396,0,2025-09-22 00:00:00,False
2025_0201,Campaign_2025_0201,2025-03-22,2025-12-22,Facebook Ads,Asia,26288,26288,26288,40101.56,118124.26,Youth,Electronics,Desktop,2025,H1_2025,275,3,1,3,12,False,1.0,1.0,1.945628,2.945628,1.52547,1525.470177,1.52547,4.493467,4.493467,78022.7,0.660514,1.0,1.0,8,New Year,2000.0,4493.4669811320755,1,2025-08-06 12:00:00,False
2025_0202,Campaign_2025_0202,2025-01-25,2025-07-21,Google Ads,South America,23760,23760,2423,28338.88,62767.38,Youth,Electronics,Mobile,2025,H1_2025,177,1,1,1,7,False,1.0,0.101978,1.214886,2.214886,1.192714,1192.713805,11.695782,2.641725,25.90482,34428.5,0.548509,0.101978,0.10197811447811447,4,New Year,1101.9781144781143,2641.7247474747473,0,2025-04-23 12:00:00,False
2025_0203,Campaign_2025_0203,2025-04-25,2025-09-13,Email,Europe,18441,1892,1892,20972.17,22978.93,Adults,Clothing,Desktop,2025,H1_2025,141,4,2,4,9,False,0.102597,1.0,0.095687,1.095687,11.084656,1137.257741,11.084656,12.145312,12.145312,2006.760000000002,0.08733,0.102597,1.0,7,Summer,205.19494604414078,1246.0783037796216,0,2025-07-04 12:00:00,False
2025_0204,Campaign_2025_0204,2025-03-26,2025-09-07,TikTok Ads,South America,63486,63486,51677,18633.05,48210.38,Adults,Services,Mobile,2025,H1_2025,165,3,1,3,9,False,1.0,0.81399,1.587358,2.587358,0.293499,293.498567,0.360568,0.759386,0.932918,29577.329999999998,0.613505,0.81399,0.8139904860914218,6,New Year,1813.9904860914219,759.3860063636077,0,2025-06-16 12:00:00,False
2025_0205,Campaign_2025_0205,2025-01-05,2025-09-24,Email,Asia,87948,30051,14444,29073.01,100034.72,Seniors,Clothing,Tablet,2025,H1_2025,262,1,1,1,9,False,0.341691,0.48065,2.440811,3.440811,0.967456,330.570451,2.012809,3.328832,6.925694,70961.71,0.709371,0.164233,0.4806495624105687,5,New Year,505.9239550643562,1137.4302997225634,1,2025-05-16 00:00:00,False
2025_0206,Campaign_2025_0206,2025-02-16,2025-12-14,Google Ads,Europe,60347,17561,12477,34437.9,3810.97,Youth,Electronics,Mobile,2025,H1_2025,301,2,1,2,12,False,0.291,0.710495,-0.889338,0.110662,1.961044,570.664656,2.760111,0.217013,0.30544,-30626.93,-8.036518,0.206754,0.7104948465349353,7,New Year,497.75465226109003,63.15094370888362,0,2025-07-16 12:00:00,False
2025_0207,Campaign_2025_0207,2025-05-20,2025-11-25,Facebook Ads,South America,55788,11554,11554,46866.05,138406.7,Seniors,Travel,Desktop,2025,H1_2025,189,5,2,5,11,False,0.207105,1.0,1.95324,2.95324,4.056262,840.07403,4.056262,11.979115,11.979115,91540.65000000001,0.661389,0.207105,1.0,8,Summer,414.21094142109416,2480.940345594035,1,2025-08-22 12:00:00,False
2025_0208,Campaign_2025_0208,2025-01-13,2025-08-10,Google Ads,Africa,38613,38613,21538,6069.4,56978.53,Adults,Services,Mobile,2025,H1_2025,209,1,1,1,8,False,1.0,0.557791,8.387836,9.387836,0.157185,157.185404,0.2818,1.475631,2.645488,50909.13,0.893479,0.557791,0.5577914173982855,4,New Year,1557.7914173982856,1475.6307461217725,1,2025-04-27 12:00:00,False
2025_0209,Campaign_2025_0209,2025-06-26,2025-11-01,Google Ads,South America,9893,9893,9893,9117.05,81862.51,Youth,Services,Tablet,2025,H1_2025,128,6,2,6,11,False,1.0,1.0,7.979057,8.979057,0.921566,921.565754,0.921566,8.274791,8.274791,72745.45999999999,0.88863,1.0,1.0,8,Summer,1999.9999999999998,8274.791266552107,1,2025-08-29 00:00:00,False
2025_0210,Campaign_2025_0210,2025-02-18,2025-07-28,TikTok Ads,Europe,68486,68486,21038,20061.86,112380.0,Youth,Travel,Desktop,2025,H1_2025,160,2,1,2,7,False,1.0,0.307187,4.601674,5.601674,0.292934,292.933738,0.953601,1.640919,5.341763,92318.14,0.821482,0.307187,0.3071868703092603,5,New Year,1307.1868703092603,1640.9193119761703,1,2025-05-09 00:00:00,False
2025_0211,Campaign_2025_0211,2025-03-04,2025-07-23,Google Ads,Africa,39462,39462,9408,13194.5,138245.82,Seniors,Clothing,Mobile,2025,H1_2025,141,3,1,3,7,False,1.0,0.238407,9.477534,10.477534,0.33436,334.359637,1.402477,3.503264,14.694496,125051.32,0.904558,0.238407,0.23840656834422988,5,New Year,1238.4065683442298,3503.264406264254,1,2025-05-13 12:00:00,False
2025_0212,Campaign_2025_0212,2025-03-06,2025-07-29,TikTok Ads,Europe,27176,27176,27176,18740.23,53556.88,Adults,Electronics,Mobile,2025,H1_2025,145,3,1,3,7,False,1.0,1.0,1.857856,2.857856,0.689588,689.587504,0.689588,1.970742,1.970742,34816.649999999994,0.650087,1.0,1.0,5,New Year,2000.0000000000002,1970.7418310273772,1,2025-05-17 12:00:00,False
2025_0213,Campaign_2025_0213,2025-01-04,2025-10-11,Facebook Ads,Europe,40543,29522,29522,42057.82,134463.3,Youth,Home,Tablet,2025,H1_2025,280,1,1,1,10,False,0.728165,1.0,2.197106,3.197106,1.424626,1037.363293,1.424626,4.554681,4.554681,92405.47999999998,0.687217,0.728165,1.0,5,New Year,1456.3303159608317,3316.5601953481487,1,2025-05-24 00:00:00,False
2025_0214,Campaign_2025_0214,2025-02-14,2025-11-22,Facebook Ads,North America,85187,75031,75031,21349.38,17327.62,Youth,Home,Desktop,2025,H1_2025,281,2,1,2,11,False,0.88078,1.0,-0.188378,0.811622,0.284541,250.617817,0.284541,0.230939,0.230939,-4021.760000000002,-0.232101,0.88078,1.0,7,New Year,1761.5598624203224,203.4068578538979,0,2025-07-04 12:00:00,False
2025_0215,Campaign_2025_0215,2025-01-11,2025-09-12,Facebook Ads,Asia,63793,37199,37199,33215.39,90244.45,Adults,Electronics,Tablet,2025,H1_2025,244,1,1,1,9,False,0.58312,1.0,1.716947,2.716947,0.892911,520.674525,0.892911,2.425991,2.425991,57029.06,0.63194,0.58312,1.0,5,New Year,1166.2408101202327,1414.6450237486872,1,2025-05-13 00:00:00,False
2025_0216,Campaign_2025_0216,2025-02-11,2025-10-23,Email,Europe,67612,19322,19322,27741.45,70762.66,Adults,Home,Desktop,2025,H1_2025,254,2,1,2,10,False,0.285778,1.0,1.550792,2.550792,1.435744,410.303644,1.435744,3.662284,3.662284,43021.21000000001,0.607965,0.285778,1.0,6,New Year,571.5553452049933,1046.5991244157842,0,2025-06-18 00:00:00,False
2025_0217,Campaign_2025_0217,2025-06-10,2025-12-03,TikTok Ads,Europe,44456,4937,4937,7643.77,134167.01,Adults,Travel,Mobile,2025,H1_2025,176,6,2,6,12,False,0.111054,1.0,16.552466,17.552466,1.548262,171.940121,1.548262,27.175817,27.175817,126523.24,0.943028,0.111054,1.0,9,Summer,222.10725211445023,3017.973052006478,1,2025-09-06 00:00:00,False
2025_0218,Campaign_2025_0218,2025-06-17,2025-11-01,Google Ads,South America,42945,35636,34302,14938.05,144870.13,Adults,Services,Desktop,2025,H1_2025,137,6,2,6,11,False,0.829806,0.962566,8.698062,9.698062,0.419184,347.841425,0.435486,4.065275,4.223373,129932.08,0.896887,0.798743,0.9625659445504546,8,Summer,1628.5481429735707,3373.387588776342,1,2025-08-24 12:00:00,False
2025_0219,Campaign_2025_0219,2025-06-28,2025-08-01,TikTok Ads,Europe,40282,8418,8418,32288.07,80075.23,Adults,Clothing,Mobile,2025,H1_2025,34,6,2,6,8,False,0.208977,1.0,1.480025,2.480025,3.835599,801.550817,3.835599,9.512382,9.512382,47787.159999999996,0.596778,0.208977,1.0,7,Summer,417.9534283302716,1987.8662926369097,0,2025-07-15 00:00:00,False
2025_0220,Campaign_2025_0220,2025-05-06,2025-08-22,Email,Asia,82164,43418,43418,20905.12,3398.69,Seniors,Clothing,Tablet,2025,H1_2025,108,5,2,5,8,False,0.528431,1.0,-0.837423,0.162577,0.481485,254.431625,0.481485,0.078278,0.078278,-17506.43,-5.150935,0.528431,1.0,6,Summer,1056.8618859841292,41.36470960517988,0,2025-06-29 00:00:00,False
2025_0221,Campaign_2025_0221,2025-01-04,2025-08-29,Google Ads,Asia,78343,77986,72705,43627.81,44832.77,Youth,Clothing,Mobile,2025,H1_2025,237,1,1,1,8,False,0.995443,0.932283,0.027619,1.027619,0.559431,556.882044,0.600066,0.574882,0.616639,1204.9599999999991,0.026877,0.928034,0.9322827174108174,5,New Year,1923.4775283050176,572.262614400776,0,2025-05-02 12:00:00,False
2025_0222,Campaign_2025_0222,2025-04-16,2025-09-07,Google Display Network,North America,31159,31159,6019,34013.2,119926.84,Youth,Services,Mobile,2025,H1_2025,144,4,2,4,9,False,1.0,0.193171,2.525891,3.525891,1.091601,1091.601143,5.650972,3.848867,19.924712,85913.64,0.716384,0.193171,0.19317051253249462,6,Summer,1193.1705125324947,3848.866780063545,1,2025-06-27 00:00:00,False
2025_0223,Campaign_2025_0223,2025-02-06,2025-12-18,Email,Africa,80050,68681,5920,49558.16,22127.38,Youth,Home,Mobile,2025,H1_2025,315,2,1,2,12,False,0.857976,0.086196,-0.553507,0.446493,0.72157,619.090069,8.371311,0.322176,3.737733,-27430.780000000002,-1.239676,0.073954,0.08619559994758376,7,New Year,931.9300437226734,276.41948782011247,0,2025-07-13 12:00:00,False
2025_0224,Campaign_2025_0224,2025-02-15,2025-07-24,Google Display Network,South America,22152,22152,22152,24998.36,62128.34,Adults,Travel,Desktop,2025,H1_2025,159,2,1,2,7,False,1.0,1.0,1.485297,2.485297,1.128492,1128.492235,1.128492,2.804638,2.804638,37129.979999999996,0.597634,1.0,1.0,5,New Year,2000.0,2804.6379559407724,0,2025-05-05 12:00:00,False
2025_0225,Campaign_2025_0225,2025-03-21,2025-07-10,Google Display Network,Africa,6262,6262,6262,43906.12,99221.26,Adults,Electronics,Tablet,2025,H1_2025,111,3,1,3,7,False,1.0,1.0,1.25985,2.25985,7.011517,7011.517087,7.011517,15.844979,15.844979,55315.13999999999,0.557493,1.0,1.0,5,New Year,2000.0000000000002,15844.97923985947,0,2025-05-15 12:00:00,False
2025_0226,Campaign_2025_0226,2025-01-16,2025-11-30,Email,Europe,94802,53376,53376,7488.52,32937.04,Youth,Home,Desktop,2025,H1_2025,318,1,1,1,11,False,0.563026,1.0,3.398338,4.398338,0.140298,78.991161,0.140298,0.617076,0.617076,25448.52,0.772641,0.563026,1.0,6,New Year,1126.052192991709,347.4298010590494,1,2025-06-24 00:00:00,False
2025_0227,Campaign_2025_0227,2025-06-21,2025-11-07,Facebook Ads,South America,35382,35382,35382,15622.79,91671.28,Youth,Travel,Mobile,2025,H1_2025,139,6,2,6,11,False,1.0,1.0,4.867792,5.867792,0.441546,441.546266,0.441546,2.590902,2.590902,76048.48999999999,0.829578,1.0,1.0,8,Summer,2000.0000000000002,2590.9015883782718,1,2025-08-29 12:00:00,False
2025_0228,Campaign_2025_0228,2025-01-21,2025-07-13,Google Display Network,South America,80609,57374,57374,10965.67,50309.76,Youth,Clothing,Tablet,2025,H1_2025,173,1,1,1,7,False,0.711757,1.0,3.587933,4.587933,0.191126,136.035306,0.191126,0.876874,0.876874,39344.090000000004,0.782037,0.711757,1.0,4,New Year,1423.5135034549494,624.1208798025035,1,2025-04-17 12:00:00,False
2025_0229,Campaign_2025_0229,2025-05-31,2025-10-24,TikTok Ads,Asia,50960,29428,29428,8076.51,59589.8,Adults,Travel,Tablet,2025,H1_2025,146,5,2,5,10,False,0.577473,1.0,6.378162,7.378162,0.27445,158.487245,0.27445,2.024935,2.024935,51513.29,0.864465,0.577473,1.0,8,Summer,1154.9450549450548,1169.3445839874412,1,2025-08-12 00:00:00,False
2025_0230,Campaign_2025_0230,2025-06-10,2025-08-01,Google Ads,Africa,63611,7528,7528,19804.47,103445.28,Youth,Travel,Tablet,2025,H1_2025,52,6,2,6,8,False,0.118344,1.0,4.22333,5.22333,2.630774,311.33719,2.630774,13.741403,13.741403,83640.81,0.808551,0.118344,1.0,7,Summer,236.68862303689613,1626.216849287073,1,2025-07-06 00:00:00,False
2025_0231,Campaign_2025_0231,2025-05-14,2025-11-01,Google Display Network,North America,7782,7782,7782,5190.88,52421.64,Seniors,Clothing,Mobile,2025,H1_2025,171,5,2,5,11,False,1.0,1.0,9.098796,10.098796,0.667037,667.036751,0.667037,6.736268,6.736268,47230.76,0.900978,1.0,1.0,8,Summer,2000.0,6736.268311488049,1,2025-08-07 12:00:00,False
2025_0232,Campaign_2025_0232,2025-06-23,2025-10-23,Facebook Ads,North America,93292,5484,5484,36147.61,26825.62,Youth,Home,Mobile,2025,H1_2025,122,6,2,6,10,False,0.058783,1.0,-0.257887,0.742113,6.591468,387.467414,6.591468,4.891616,4.891616,-9321.990000000002,-0.347503,0.058783,1.0,8,Summer,117.56635081250268,287.5446983664194,0,2025-08-23 00:00:00,False
2025_0233,Campaign_2025_0233,2025-03-19,2025-09-25,Google Ads,Asia,80703,64924,64924,2053.8,18789.04,Adults,Services,Desktop,2025,H1_2025,190,3,1,3,9,False,0.804481,1.0,8.148427,9.148427,0.031634,25.448868,0.031634,0.289401,0.289401,16735.24,0.890692,0.804481,1.0,6,New Year,1608.961252989356,232.81711956185023,1,2025-06-22 00:00:00,False
2025_0234,Campaign_2025_0234,2025-03-10,2025-12-10,Google Ads,Europe,94252,2778,2778,28169.72,5209.35,Youth,Electronics,Mobile,2025,H1_2025,275,3,1,3,12,False,0.029474,1.0,-0.815073,0.184927,10.140288,298.876629,10.140288,1.875216,1.875216,-22960.370000000003,-4.407531,0.029474,1.0,7,New Year,58.94835122862115,55.27044518949201,0,2025-07-25 12:00:00,False
2025_0235,Campaign_2025_0235,2025-03-12,2025-09-30,Email,Asia,91281,672,672,9483.5,144688.36,Youth,Clothing,Desktop,2025,H1_2025,202,3,1,3,9,False,0.007362,1.0,14.256852,15.256852,14.112351,103.893472,14.112351,215.31006,215.31006,135204.86,0.934456,0.007362,1.0,6,New Year,14.723765077069707,1585.0873675792332,1,2025-06-21 00:00:00,False
2025_0236,Campaign_2025_0236,2025-05-28,2025-09-29,Google Ads,Asia,13615,13615,13615,32872.73,88690.78,Seniors,Travel,Tablet,2025,H1_2025,124,5,2,5,9,False,1.0,1.0,1.698005,2.698005,2.41445,2414.449504,2.41445,6.514196,6.514196,55818.049999999996,0.629356,1.0,1.0,7,Summer,2000.0,6514.196107234668,1,2025-07-29 00:00:00,False
2025_0237,Campaign_2025_0237,2025-06-17,2025-10-16,Email,Africa,98615,64806,9973,20206.35,92746.53,Seniors,Services,Tablet,2025,H1_2025,121,6,2,6,10,False,0.657162,0.15389,3.589969,4.589969,0.311798,204.901384,2.026105,1.431141,9.299762,72540.18,0.782134,0.101131,0.1538900719069222,8,Summer,758.2923490341226,940.4911017593673,1,2025-08-16 12:00:00,False
2025_0238,Campaign_2025_0238,2025-02-01,2025-10-08,Google Ads,Asia,89827,48771,13186,39947.84,147770.76,Seniors,Travel,Tablet,2025,H1_2025,249,2,1,2,10,False,0.542944,0.270366,2.699093,3.699093,0.81909,444.719739,3.029565,3.02989,11.20664,107822.92000000001,0.729663,0.146793,0.2703655861064977,6,New Year,689.7369387823261,1645.0595032673918,1,2025-06-05 12:00:00,False
2025_0239,Campaign_2025_0239,2025-03-19,2025-09-22,TikTok Ads,North America,61950,44303,5813,4800.72,93088.0,Youth,Clothing,Mobile,2025,H1_2025,187,3,1,3,9,False,0.715141,0.13121,18.390425,19.390425,0.108361,77.493462,0.825859,2.101167,16.013762,88287.28,0.948428,0.093834,0.1312100760670835,6,New Year,808.9749798224374,1502.6311541565778,1,2025-06-20 12:00:00,False
2025_0240,Campaign_2025_0240,2025-03-08,2025-07-05,Google Display Network,North America,1073,1073,1073,4936.39,80092.19,Adults,Travel,Tablet,2025,H1_2025,119,3,1,3,7,False,1.0,1.0,15.224851,16.224851,4.60055,4600.54986,4.60055,74.643234,74.643234,75155.8,0.938366,1.0,1.0,5,New Year,2000.0,74643.23392357875,1,2025-05-06 12:00:00,False
2025_0241,Campaign_2025_0241,2025-04-12,2025-10-06,Email,Africa,67764,27052,27052,32063.66,54715.07,Adults,Home,Tablet,2025,H1_2025,177,4,2,4,10,False,0.399209,1.0,0.706451,1.706451,1.18526,473.166578,1.18526,2.022589,2.022589,22651.41,0.413989,0.399209,1.0,7,Summer,798.4180390767959,807.4356590520041,0,2025-07-09 12:00:00,False
2025_0242,Campaign_2025_0242,2025-04-14,2025-08-06,Google Display Network,South America,41523,41523,1684,43196.69,79065.93,Youth,Home,Tablet,2025,H1_2025,114,4,2,4,8,False,1.0,0.040556,0.83037,1.83037,1.040308,1040.30754,25.651241,1.904148,46.951265,35869.23999999999,0.453662,0.040556,0.04055583652433591,6,Summer,1040.5558365243357,1904.147821689184,0,2025-06-10 00:00:00,False
2025_0243,Campaign_2025_0243,2025-03-30,2025-11-06,Google Display Network,Africa,5749,5749,5749,14513.61,92033.28,Adults,Clothing,Tablet,2025,H1_2025,221,3,1,3,11,False,1.0,1.0,5.341171,6.341171,2.524545,2524.545138,2.524545,16.008572,16.008572,77519.67,0.8423,1.0,1.0,7,New Year,2000.0000000000002,16008.57192555227,1,2025-07-18 12:00:00,False
2025_0244,Campaign_2025_0244,2025-05-13,2025-07-20,Email,Africa,60285,60285,60285,32561.18,12379.21,Seniors,Home,Mobile,2025,H1_2025,68,5,2,5,7,False,1.0,1.0,-0.619817,0.380183,0.540121,540.12076,0.540121,0.205345,0.205345,-20181.97,-1.630312,1.0,1.0,6,Summer,2000.0,205.34477896657543,0,2025-06-16 00:00:00,False
2025_0245,Campaign_2025_0245,2025-05-19,2025-12-12,Google Ads,Europe,73816,23483,23483,30363.21,144864.15,Seniors,Electronics,Tablet,2025,H1_2025,207,5,2,5,12,False,0.318129,1.0,3.771042,4.771042,1.292987,411.336431,1.292987,6.168895,6.168895,114500.94,0.790402,0.318129,1.0,8,Summer,636.2577219031105,1962.5033867996096,1,2025-08-30 12:00:00,False
2025_0246,Campaign_2025_0246,2025-02-25,2025-12-25,Google Ads,Europe,76338,7625,7625,23347.28,20112.58,Adults,Electronics,Desktop,2025,H1_2025,303,2,1,2,12,False,0.099885,1.0,-0.138547,0.861453,3.061938,305.840866,3.061938,2.637715,2.637715,-3234.699999999997,-0.16083,0.099885,1.0,7,New Year,199.76944640938984,263.4674736042339,0,2025-07-26 12:00:00,False
2025_0247,Campaign_2025_0247,2025-05-19,2025-11-19,Google Ads,North America,95853,58595,13666,40208.51,129085.09,Youth,Clothing,Tablet,2025,H1_2025,184,5,2,5,11,False,0.611301,0.233228,2.210392,3.210392,0.686211,419.480976,2.94223,2.203005,9.445711,88876.57999999999,0.688512,0.142572,0.23322809113405582,8,Summer,753.8731182122626,1346.6984862236968,1,2025-08-19 00:00:00,False
2025_0248,Campaign_2025_0248,2025-04-17,2025-08-20,Google Display Network,Africa,87939,64298,64298,45914.02,100081.23,Youth,Electronics,Tablet,2025,H1_2025,125,4,2,4,8,False,0.731166,1.0,1.179753,2.179753,0.714082,522.112146,0.714082,1.556522,1.556522,54167.21,0.541232,0.731166,1.0,6,Summer,1462.3318436643583,1138.075597857606,0,2025-06-18 12:00:00,False
2025_0249,Campaign_2025_0249,2025-01-13,2025-09-03,Google Display Network,North America,58797,49151,28507,37331.49,5304.79,Seniors,Travel,Desktop,2025,H1_2025,233,1,1,1,9,False,0.835944,0.579988,-0.8579,0.1421,0.759527,634.92168,1.309555,0.107928,0.186087,-32026.699999999997,-6.037317,0.484838,0.5799881996297125,5,New Year,1320.781672534313,90.22212017619947,0,2025-05-09 12:00:00,False
2025_0250,Campaign_2025_0250,2025-02-12,2025-12-08,Google Display Network,North America,44399,12280,12280,7976.33,102907.29,Adults,Services,Tablet,2025,H1_2025,299,2,1,2,12,False,0.276583,1.0,11.901584,12.901584,0.649538,179.651118,0.649538,8.380072,8.380072,94930.95999999999,0.92249,0.276583,1.0,7,New Year,553.1656118381045,2317.7839590981775,1,2025-07-11 12:00:00,False
2025_0251,Campaign_2025_0251,2025-06-26,2025-12-30,Facebook Ads,Europe,57892,30741,30741,27791.05,142870.19,Youth,Clothing,Mobile,2025,H1_2025,187,6,2,6,12,False,0.531006,1.0,4.140871,5.140871,0.904039,480.049921,0.904039,4.647545,4.647545,115079.14,0.80548,0.531006,1.0,9,Summer,1062.0120223865129,2467.8744904304567,1,2025-09-27 12:00:00,False
2025_0252,Campaign_2025_0252,2025-05-26,2025-09-06,Google Ads,Africa,60083,3877,3877,20634.63,53896.15,Seniors,Travel,Tablet,2025,H1_2025,103,5,2,5,9,False,0.064527,1.0,1.611927,2.611927,5.322319,343.435414,5.322319,13.901509,13.901509,33261.520000000004,0.617141,0.064527,1.0,7,Summer,129.05480751626916,897.02827754939,1,2025-07-16 12:00:00,False
2025_0253,Campaign_2025_0253,2025-05-19,2025-11-01,TikTok Ads,South America,49796,49796,48300,30466.77,57057.42,Seniors,Home,Mobile,2025,H1_2025,166,5,2,5,11,False,1.0,0.969957,0.872775,1.872775,0.611832,611.831673,0.630782,1.145823,1.181313,26590.649999999998,0.466033,0.969957,0.9699574262993012,8,Summer,1969.9574262993012,1145.8233593059683,0,2025-08-10 00:00:00,False
2025_0254,Campaign_2025_0254,2025-02-09,2025-07-05,Google Ads,Europe,41528,13158,12006,24948.4,100353.27,Youth,Services,Mobile,2025,H1_2025,146,2,1,2,7,False,0.316846,0.912449,3.022433,4.022433,1.896063,600.760932,2.077994,7.626788,8.358593,75404.87,0.751394,0.289106,0.9124487004103967,4,New Year,605.9526102870353,2416.520660759006,1,2025-04-23 00:00:00,False
2025_0255,Campaign_2025_0255,2025-01-21,2025-09-28,Google Ads,South America,18713,18713,18713,17111.03,55476.61,Seniors,Services,Desktop,2025,H1_2025,250,1,1,1,9,False,1.0,1.0,2.242155,3.242155,0.914393,914.392668,0.914393,2.964603,2.964603,38365.58,0.691563,1.0,1.0,5,New Year,2000.0,2964.6026826270504,1,2025-05-26 00:00:00,False
2025_0256,Campaign_2025_0256,2025-05-05,2025-11-18,TikTok Ads,South America,86433,13833,13833,30240.35,64345.79,Adults,Services,Desktop,2025,H1_2025,197,5,2,5,11,False,0.160043,1.0,1.127812,2.127812,2.186102,349.87042,2.186102,4.651615,4.651615,34105.44,0.530034,0.160043,1.0,8,Summer,320.0860782340078,744.4585979891939,0,2025-08-11 12:00:00,False
2025_0257,Campaign_2025_0257,2025-02-22,2025-07-12,TikTok Ads,Africa,68574,63554,63554,7911.31,29606.29,Seniors,Services,Mobile,2025,H1_2025,140,2,1,2,7,False,0.926794,1.0,2.742274,3.742274,0.124482,115.368944,0.124482,0.465845,0.465845,21694.98,0.732783,0.926794,1.0,5,New Year,1853.5888237524427,431.7422055006271,1,2025-05-03 00:00:00,False
2025_0258,Campaign_2025_0258,2025-06-20,2025-07-13,Email,Europe,14318,14318,14318,27552.09,50925.46,Seniors,Travel,Desktop,2025,H1_2025,23,6,2,6,7,False,1.0,1.0,0.848334,1.848334,1.924297,1924.297388,1.924297,3.556744,3.556744,23373.37,0.458972,1.0,1.0,7,Summer,2000.0,3556.7439586534433,0,2025-07-01 12:00:00,False
2025_0259,Campaign_2025_0259,2025-01-27,2025-08-31,TikTok Ads,Asia,76943,73480,28940,41313.64,137297.85,Adults,Home,Desktop,2025,H1_2025,216,1,1,1,8,False,0.954993,0.393849,2.323306,3.323306,0.562243,536.938253,1.427562,1.868506,4.744224,95984.21,0.699095,0.376123,0.39384866630375615,5,New Year,1331.1152411525416,1784.4098878390498,1,2025-05-15 00:00:00,False
2025_0260,Campaign_2025_0260,2025-06-16,2025-12-08,Facebook Ads,North America,48179,31515,12346,10211.88,38925.19,Adults,Electronics,Desktop,2025,H1_2025,175,6,2,6,12,False,0.654123,0.39175,2.811756,3.811756,0.324032,211.957077,0.827141,1.235132,3.152858,28713.310000000005,0.737654,0.256253,0.3917499603363478,9,Summer,910.3758899105419,807.9285580854729,1,2025-09-11 12:00:00,False
2025_0261,Campaign_2025_0261,2025-01-11,2025-11-02,Facebook Ads,Africa,37223,4424,4424,26961.31,27725.96,Adults,Electronics,Tablet,2025,H1_2025,295,1,1,1,11,False,0.118851,1.0,0.028361,1.028361,6.094329,724.318566,6.094329,6.26717,6.26717,764.6499999999978,0.027579,0.118851,1.0,6,New Year,237.70249576874514,744.8609730542944,0,2025-06-07 12:00:00,False
2025_0262,Campaign_2025_0262,2025-02-08,2025-10-17,Email,North America,1888,1888,1888,10972.75,38859.23,Seniors,Home,Desktop,2025,H1_2025,251,2,1,2,10,False,1.0,1.0,2.54143,3.54143,5.811838,5811.837924,5.811838,20.582219,20.582219,27886.480000000003,0.717628,1.0,1.0,6,New Year,2000.0,20582.219279661018,1,2025-06-13 12:00:00,False
2025_0263,Campaign_2025_0263,2025-06-16,2025-08-27,Google Ads,Africa,25001,25001,25001,26447.76,85315.45,Adults,Travel,Mobile,2025,H1_2025,72,6,2,6,8,False,1.0,1.0,2.22581,3.22581,1.057868,1057.868085,1.057868,3.412482,3.412482,58867.69,0.69,1.0,1.0,7,Summer,2000.0,3412.48150073997,1,2025-07-22 00:00:00,False
2025_0264,Campaign_2025_0264,2025-06-12,2025-07-30,TikTok Ads,North America,76226,76226,6870,22271.65,24609.92,Seniors,Clothing,Tablet,2025,H1_2025,48,6,2,6,7,False,1.0,0.090127,0.104989,1.104989,0.292179,292.179178,3.24187,0.322855,3.58223,2338.269999999997,0.095013,0.090127,0.0901267284128775,7,Summer,1090.1267284128776,322.8546690105738,0,2025-07-06 00:00:00,False
2025_0265,Campaign_2025_0265,2025-06-29,2025-07-03,Google Ads,Asia,40421,24881,5930,32742.93,60002.84,Adults,Clothing,Desktop,2025,H1_2025,4,6,2,6,7,False,0.615546,0.238334,0.832543,1.832543,1.315981,810.0475,5.521573,2.411593,10.118523,27259.909999999996,0.45431,0.146706,0.23833447208713476,7,Summer,762.2522945993419,1484.4471932906163,0,2025-07-01 00:00:00,False
2025_0266,Campaign_2025_0266,2025-03-31,2025-12-15,TikTok Ads,Africa,38422,38422,26220,26077.3,66923.06,Adults,Travel,Desktop,2025,H1_2025,259,3,1,3,12,False,1.0,0.682422,1.566334,2.566334,0.678708,678.707511,0.994558,1.74179,2.552367,40845.759999999995,0.610339,0.682422,0.6824215293321535,8,New Year,1682.4215293321536,1741.7901202436105,0,2025-08-07 12:00:00,False
2025_0267,Campaign_2025_0267,2025-05-04,2025-12-23,Google Ads,Asia,37968,37968,26557,11500.99,11717.67,Seniors,Home,Tablet,2025,H1_2025,233,5,2,5,12,False,1.0,0.699457,0.01884,1.01884,0.302913,302.912716,0.433068,0.30862,0.441227,216.6800000000003,0.018492,0.699457,0.6994574378423936,8,Summer,1699.4574378423933,308.61962705436156,0,2025-08-28 12:00:00,False
2025_0268,Campaign_2025_0268,2025-06-22,2025-09-04,Email,South America,47205,37074,904,36274.73,7015.33,Seniors,Travel,Tablet,2025,H1_2025,74,6,2,6,9,False,0.785383,0.024384,-0.806606,0.193394,0.978441,768.451012,40.126914,0.189225,7.760321,-29259.4,-4.17078,0.019151,0.024383665102227975,7,Summer,804.5334180701198,148.6141298591251,0,2025-07-29 00:00:00,False
2025_0269,Campaign_2025_0269,2025-06-08,2025-11-28,Facebook Ads,Asia,61751,61751,35771,22488.63,39575.11,Youth,Home,Desktop,2025,H1_2025,173,6,2,6,11,False,1.0,0.579278,0.759783,1.759783,0.364182,364.182442,0.628683,0.640882,1.106346,17086.48,0.431748,0.579278,0.5792780683713624,9,Summer,1579.2780683713625,640.8820909782838,0,2025-09-02 12:00:00,False
2025_0270,Campaign_2025_0270,2025-06-07,2025-09-02,Google Display Network,Africa,23141,4515,4515,7934.02,46963.4,Adults,Home,Tablet,2025,H1_2025,87,6,2,6,9,False,0.195108,1.0,4.919244,5.919244,1.757258,342.855538,1.757258,10.401639,10.401639,39029.380000000005,0.83106,0.195108,1.0,7,Summer,390.2164988548464,2029.4455727928787,1,2025-07-20 12:00:00,False
2025_0271,Campaign_2025_0271,2025-06-26,2025-10-13,Email,Europe,87490,51190,36311,1746.82,26977.04,Seniors,Home,Mobile,2025,H1_2025,109,6,2,6,10,False,0.585095,0.709338,14.443515,15.443515,0.034124,19.965939,0.048107,0.526998,0.742944,25230.22,0.935248,0.41503,0.7093377612815003,8,Summer,1000.1257286547035,308.3442679163333,1,2025-08-19 12:00:00,False
2025_0272,Campaign_2025_0272,2025-03-14,2025-11-21,Google Display Network,North America,64466,64466,31929,16776.37,23849.09,Youth,Services,Tablet,2025,H1_2025,252,3,1,3,11,False,1.0,0.495284,0.421588,1.421588,0.260236,260.235938,0.525427,0.369948,0.746941,7072.720000000001,0.296561,0.495284,0.49528433592901683,7,New Year,1495.284335929017,369.94834486395933,0,2025-07-18 00:00:00,False
2025_0273,Campaign_2025_0273,2025-02-19,2025-07-08,Email,Europe,28915,28915,4773,47212.29,139690.77,Youth,Travel,Mobile,2025,H1_2025,139,2,1,2,7,False,1.0,0.16507,1.95878,2.95878,1.632796,1632.795781,9.891534,4.831083,29.26687,92478.47999999998,0.662023,0.16507,0.16507003285491958,4,New Year,1165.0700328549196,4831.0831748227565,1,2025-04-29 12:00:00,False
2025_0274,Campaign_2025_0274,2025-01-29,2025-12-28,Google Ads,Asia,40161,21865,21865,49786.49,62327.2,Youth,Home,Tablet,2025,H1_2025,333,1,1,1,12,False,0.544434,1.0,0.25189,1.25189,2.276995,1239.672568,2.276995,2.850547,2.850547,12540.71,0.201208,0.544434,1.0,7,New Year,1088.867309080949,1551.9334677921365,0,2025-07-14 12:00:00,False
2025_0275,Campaign_2025_0275,2025-02-11,2025-07-18,Email,Europe,5199,5199,5199,19082.38,9270.23,Adults,Travel,Desktop,2025,H1_2025,157,2,1,2,7,False,1.0,1.0,-0.514199,0.485801,3.670394,3670.394307,3.670394,1.783079,1.783079,-9812.150000000001,-1.058458,1.0,1.0,4,New Year,2000.0,1783.0794383535294,0,2025-04-30 12:00:00,False
2025_0276,Campaign_2025_0276,2025-06-01,2025-11-06,Email,Europe,86760,12504,12504,7335.07,81713.56,Adults,Clothing,Mobile,2025,H1_2025,158,6,2,6,11,False,0.144122,1.0,10.14012,11.14012,0.586618,84.544375,0.586618,6.534994,6.534994,74378.48999999999,0.910234,0.144122,1.0,8,Summer,288.24343015214384,941.8344859382203,1,2025-08-19 00:00:00,False
2025_0277,Campaign_2025_0277,2025-01-07,2025-08-19,TikTok Ads,South America,40723,15825,15825,12425.23,149713.74,Adults,Services,Desktop,2025,H1_2025,224,1,1,1,8,False,0.388601,1.0,11.049173,12.049173,0.785165,305.115782,0.785165,9.460584,9.460584,137288.50999999998,0.917007,0.388601,1.0,4,New Year,777.2020725388601,3676.3927019129237,1,2025-04-29 00:00:00,False
2025_0278,Campaign_2025_0278,2025-01-20,2025-08-29,TikTok Ads,South America,64147,64147,54579,41280.87,96664.72,Adults,Travel,Desktop,2025,H1_2025,221,1,1,1,8,False,1.0,0.850843,1.341635,2.341635,0.643535,643.535473,0.756351,1.506925,1.771097,55383.85,0.572948,0.850843,0.8508425959125134,5,New Year,1850.8425959125134,1506.9250315681168,0,2025-05-10 12:00:00,False
2025_0279,Campaign_2025_0279,2025-05-27,2025-07-10,Google Ads,North America,50849,48731,48731,29906.53,122635.81,Seniors,Home,Tablet,2025,H1_2025,44,5,2,5,7,False,0.958347,1.0,3.100637,4.100637,0.613706,588.143916,0.613706,2.516587,2.516587,92729.28,0.756135,0.958347,1.0,6,Summer,1916.6945269326832,2411.7644398119924,1,2025-06-18 00:00:00,False
2025_0280,Campaign_2025_0280,2025-01-28,2025-08-18,Google Ads,North America,60574,27631,27631,15002.56,84923.61,Adults,Electronics,Mobile,2025,H1_2025,202,1,1,1,8,False,0.456153,1.0,4.660608,5.660608,0.542961,247.673259,0.542961,3.07349,3.07349,69921.05,0.823341,0.456153,1.0,5,New Year,912.3056096675141,1401.9812130617097,1,2025-05-09 00:00:00,False
2025_0281,Campaign_2025_0281,2025-05-10,2025-10-22,Facebook Ads,Africa,10508,10508,10508,12213.75,102074.42,Youth,Electronics,Desktop,2025,H1_2025,165,5,2,5,10,False,1.0,1.0,7.357337,8.357337,1.162329,1162.328702,1.162329,9.713972,9.713972,89860.67,0.880345,1.0,1.0,7,Summer,2000.0000000000002,9713.972211648268,1,2025-07-31 12:00:00,False
2025_0282,Campaign_2025_0282,2025-05-17,2025-12-14,Facebook Ads,Africa,57345,41232,41232,47493.98,31456.17,Seniors,Clothing,Desktop,2025,H1_2025,211,5,2,5,12,False,0.719016,1.0,-0.337681,0.662319,1.151872,828.21484,1.151872,0.762907,0.762907,-16037.810000000005,-0.509846,0.719016,1.0,8,Summer,1438.032958409626,548.5425058854303,0,2025-08-30 12:00:00,False
2025_0283,Campaign_2025_0283,2025-06-26,2025-09-23,Facebook Ads,Africa,44543,44543,34213,45101.41,85165.59,Adults,Services,Desktop,2025,H1_2025,89,6,2,6,9,False,1.0,0.768089,0.888313,1.888313,1.012536,1012.536425,1.318254,1.911986,2.489276,40064.17999999999,0.470427,0.768089,0.7680892620613788,8,Summer,1768.089262061379,1911.9859461643805,0,2025-08-09 12:00:00,False
2025_0284,Campaign_2025_0284,2025-01-24,2025-12-10,Email,Europe,90611,46899,37499,22923.52,91086.66,Youth,Travel,Desktop,2025,H1_2025,320,1,1,1,12,False,0.517586,0.799569,2.973502,3.973502,0.488785,252.988269,0.61131,1.942188,2.429042,68163.14,0.748333,0.413846,0.7995692871916246,7,New Year,931.4321660725518,1005.2494730220393,1,2025-07-03 00:00:00,False
2025_0285,Campaign_2025_0285,2025-03-02,2025-11-04,Email,North America,34579,2050,2050,14460.16,69455.22,Youth,Clothing,Desktop,2025,H1_2025,247,3,1,3,11,False,0.059285,1.0,3.803212,4.803212,7.053737,418.177507,7.053737,33.880595,33.880595,54995.06,0.791806,0.059285,1.0,7,New Year,118.5690737152607,2008.5953902657682,1,2025-07-03 12:00:00,False
2025_0286,Campaign_2025_0286,2025-03-09,2025-11-17,Facebook Ads,North America,20915,20915,20915,9132.9,122261.51,Seniors,Clothing,Tablet,2025,H1_2025,253,3,1,3,11,False,1.0,1.0,12.386932,13.386932,0.436667,436.667464,0.436667,5.845638,5.845638,113128.61,0.9253,1.0,1.0,7,New Year,2000.0,5845.6375806837195,1,2025-07-13 12:00:00,False
2025_0287,Campaign_2025_0287,2025-03-01,2025-11-25,Google Display Network,South America,79711,75396,25003,46895.58,118088.83,Youth,Clothing,Tablet,2025,H1_2025,269,3,1,3,11,False,0.945867,0.331622,1.518123,2.518123,0.62199,588.320056,1.875598,1.566248,4.722986,71193.25,0.602879,0.313671,0.331622367234336,7,New Year,1259.5375795059654,1481.4621570423153,0,2025-07-13 12:00:00,False
2025_0288,Campaign_2025_0288,2025-01-14,2025-08-09,Email,Africa,67410,33393,18468,33989.67,147652.11,Adults,Home,Tablet,2025,H1_2025,207,1,1,1,8,False,0.495372,0.55305,3.344029,4.344029,1.017868,504.222964,1.840463,4.421649,7.995024,113662.43999999999,0.769799,0.273965,0.5530500404276345,4,New Year,769.3368936359591,2190.35914552737,1,2025-04-27 12:00:00,False
2025_0289,Campaign_2025_0289,2025-04-23,2025-11-15,Google Ads,Europe,24278,24278,24278,19072.76,109616.5,Adults,Travel,Desktop,2025,H1_2025,206,4,2,4,11,False,1.0,1.0,4.74728,5.74728,0.785598,785.598484,0.785598,4.515055,4.515055,90543.74,0.826005,1.0,1.0,8,Summer,2000.0,4515.054782107258,1,2025-08-04 00:00:00,False
2025_0290,Campaign_2025_0290,2025-02-11,2025-11-14,Google Display Network,South America,63712,63712,42358,38044.85,74687.05,Seniors,Travel,Tablet,2025,H1_2025,276,2,1,2,11,False,1.0,0.664836,0.963132,1.963132,0.597138,597.137902,0.898174,1.17226,1.763234,36642.200000000004,0.49061,0.664836,0.6648355097940734,6,New Year,1664.8355097940732,1172.2603277247615,0,2025-06-29 00:00:00,False
2025_0291,Campaign_2025_0291,2025-05-29,2025-07-28,TikTok Ads,North America,98193,80855,23174,22395.42,123139.04,Youth,Electronics,Tablet,2025,H1_2025,60,5,2,5,7,False,0.823429,0.286612,4.498403,5.498403,0.276982,228.075525,0.966403,1.522961,5.313672,100743.62,0.818129,0.236005,0.28661183600272094,6,Summer,1059.433971871722,1254.0511034391452,1,2025-06-28 00:00:00,False
2025_0292,Campaign_2025_0292,2025-03-13,2025-07-13,Google Display Network,Africa,19062,17041,17041,46793.06,16953.58,Youth,Services,Tablet,2025,H1_2025,122,3,1,3,7,False,0.893978,1.0,-0.63769,0.36231,2.74591,2454.782289,2.74591,0.99487,0.99487,-29839.479999999996,-1.76007,0.893978,1.0,5,New Year,1787.9550939041023,889.3914594481167,0,2025-05-13 00:00:00,False
2025_0293,Campaign_2025_0293,2025-02-17,2025-07-22,Email,Asia,69041,17225,17225,4848.22,54498.35,Adults,Home,Desktop,2025,H1_2025,155,2,1,2,7,False,0.249489,1.0,10.240899,11.240899,0.281464,70.222332,0.281464,3.16391,3.16391,49650.13,0.911039,0.249489,1.0,5,New Year,498.9788676293797,789.362118161672,1,2025-05-05 12:00:00,False
2025_0294,Campaign_2025_0294,2025-01-30,2025-09-03,TikTok Ads,Europe,19507,19507,19507,6197.15,148235.84,Seniors,Home,Desktop,2025,H1_2025,216,1,1,1,9,False,1.0,1.0,22.920002,23.920002,0.317689,317.688522,0.317689,7.59911,7.59911,142038.69,0.958194,1.0,1.0,5,New Year,1999.9999999999998,7599.110063054288,1,2025-05-18 00:00:00,False
2025_0295,Campaign_2025_0295,2025-01-14,2025-11-21,Email,Africa,40801,28210,7382,38383.12,115637.19,Seniors,Clothing,Mobile,2025,H1_2025,311,1,1,1,11,False,0.691405,0.26168,2.012709,3.012709,1.360621,940.739688,5.199556,4.099156,15.664751,77254.07,0.668073,0.180927,0.2616802552286423,6,New Year,872.3315605009681,2834.1753878581408,1,2025-06-18 12:00:00,False
2025_0296,Campaign_2025_0296,2025-03-01,2025-11-21,Email,North America,50822,45443,43395,23971.16,45994.91,Youth,Clothing,Desktop,2025,H1_2025,265,3,1,3,11,False,0.89416,0.954933,0.91876,1.91876,0.5275,471.668962,0.552395,1.012145,1.059913,22023.750000000004,0.47883,0.853863,0.9549325528684286,7,New Year,1748.0225099366414,905.0196765180434,0,2025-07-11 12:00:00,False
2025_0297,Campaign_2025_0297,2025-05-02,2025-08-18,TikTok Ads,Europe,35818,33650,17820,14152.89,57270.44,Youth,Travel,Tablet,2025,H1_2025,108,5,2,5,8,False,0.939472,0.529569,3.046554,4.046554,0.420591,395.133452,0.794214,1.701945,3.213829,43117.55,0.752876,0.497515,0.5295690936106984,6,Summer,1436.986989781674,1598.9290300965997,1,2025-06-25 00:00:00,False
2025_0298,Campaign_2025_0298,2025-06-25,2025-11-22,Email,South America,98492,26621,26621,3258.21,136243.62,Adults,Clothing,Tablet,2025,H1_2025,150,6,2,6,11,False,0.270286,1.0,40.815482,41.815482,0.122392,33.080961,0.122392,5.1179,5.1179,132985.41,0.976085,0.270286,1.0,9,Summer,540.5718230922308,1383.2963083296104,1,2025-09-08 00:00:00,False
2025_0299,Campaign_2025_0299,2025-03-19,2025-11-13,Google Ads,Africa,26410,26410,26410,34461.31,103938.85,Adults,Travel,Desktop,2025,H1_2025,239,3,1,3,11,False,1.0,1.0,2.016103,3.016103,1.304858,1304.858387,1.304858,3.935587,3.935587,69477.54000000001,0.668446,1.0,1.0,7,New Year,2000.0,3935.5868989019314,1,2025-07-16 12:00:00,False
2025_0300,Campaign_2025_0300,2025-03-30,2025-08-27,Google Ads,Europe,2720,2720,2720,18208.86,14846.39,Youth,Travel,Mobile,2025,H1_2025,150,3,1,3,8,False,1.0,1.0,-0.184661,0.815339,6.694434,6694.433824,6.694434,5.458232,5.458232,-3362.470000000001,-0.226484,1.0,1.0,6,New Year,1999.9999999999998,5458.231617647059,0,2025-06-13 00:00:00,False
2025_0301,Campaign_2025_0301,2025-04-27,2025-12-15,Email,Africa,86988,5071,5071,48083.57,72789.74,Seniors,Electronics,Tablet,2025,H1_2025,232,4,2,4,12,False,0.058295,1.0,0.513817,1.513817,9.482069,552.760956,9.482069,14.35412,14.35412,24706.170000000006,0.339418,0.058295,1.0,8,Summer,116.59079413252402,836.7790959672599,0,2025-08-21 00:00:00,False
2025_0302,Campaign_2025_0302,2025-02-07,2025-11-07,Facebook Ads,South America,45862,29364,10860,18107.74,102869.33,Adults,Home,Tablet,2025,H1_2025,273,2,1,2,11,False,0.640269,0.369841,4.680959,5.680959,0.616665,394.831015,1.667379,3.503246,9.472314,84761.59,0.823973,0.236797,0.3698406211687781,6,New Year,877.0659805503467,2243.018839126074,1,2025-06-23 12:00:00,False
2025_0303,Campaign_2025_0303,2025-01-10,2025-07-04,Facebook Ads,Europe,98760,23167,23167,11066.36,1752.22,Adults,Travel,Desktop,2025,H1_2025,175,1,1,1,7,False,0.234579,1.0,-0.841662,0.158338,0.477678,112.053058,0.477678,0.075634,0.075634,-9314.140000000001,-5.315622,0.234579,1.0,4,New Year,469.1575536654516,17.742203321182664,0,2025-04-07 12:00:00,False
2025_0304,Campaign_2025_0304,2025-01-09,2025-07-12,Google Ads,South America,76648,4628,4628,41393.16,40064.41,Youth,Services,Tablet,2025,H1_2025,184,1,1,1,7,False,0.06038,1.0,-0.032101,0.967899,8.944071,540.042271,8.944071,8.65696,8.65696,-1328.75,-0.033165,0.06038,1.0,4,New Year,120.75983717774763,522.7065285460809,0,2025-04-11 00:00:00,False
2025_0305,Campaign_2025_0305,2025-05-04,2025-07-13,Google Display Network,Africa,15058,5771,5771,24076.11,35205.66,Seniors,Home,Mobile,2025,H1_2025,70,5,2,5,7,False,0.383251,1.0,0.462265,1.462265,4.171913,1598.891619,4.171913,6.100444,6.100444,11129.550000000003,0.31613,0.383251,1.0,6,Summer,766.502855624917,2338.0037189533805,0,2025-06-08 00:00:00,False
2025_0306,Campaign_2025_0306,2025-03-19,2025-10-19,TikTok Ads,Asia,10190,10190,10190,26850.95,41502.05,Adults,Home,Desktop,2025,H1_2025,214,3,1,3,10,False,1.0,1.0,0.545645,1.545645,2.635029,2635.029441,2.635029,4.072821,4.072821,14651.100000000002,0.353021,1.0,1.0,7,New Year,2000.0,4072.8213935230624,0,2025-07-04 00:00:00,False
2025_0307,Campaign_2025_0307,2025-04-18,2025-10-06,Email,Europe,53026,53026,7837,21994.4,110413.68,Adults,Services,Mobile,2025,H1_2025,171,4,2,4,10,False,1.0,0.147795,4.020081,5.020081,0.414785,414.7852,2.806482,2.082255,14.088769,88419.28,0.8008,0.147795,0.1477954211141704,7,Summer,1147.7954211141703,2082.2554973032093,1,2025-07-12 12:00:00,False
2025_0308,Campaign_2025_0308,2025-02-15,2025-12-06,TikTok Ads,North America,24799,17745,17745,40888.41,66388.74,Seniors,Home,Mobile,2025,H1_2025,294,2,1,2,12,False,0.715553,1.0,0.623657,1.623657,2.304221,1648.792693,2.304221,3.741265,3.741265,25500.33,0.384106,0.715553,1.0,7,New Year,1431.1060929876205,2677.073269083431,0,2025-07-12 00:00:00,False
2025_0309,Campaign_2025_0309,2025-04-17,2025-11-05,Google Display Network,Europe,66746,1114,363,16513.37,40533.93,Adults,Electronics,Desktop,2025,H1_2025,202,4,2,4,11,False,0.01669,0.325853,1.454613,2.454613,14.823492,247.406137,45.491377,36.385934,111.663719,24020.56,0.592604,0.005439,0.3258527827648115,7,Summer,22.12866688640518,607.2862793276003,0,2025-07-27 00:00:00,False
2025_0310,Campaign_2025_0310,2025-06-18,2025-11-09,Google Display Network,Africa,14208,14208,14208,31123.0,63607.07,Seniors,Travel,Tablet,2025,H1_2025,144,6,2,6,11,False,1.0,1.0,1.043732,2.043732,2.190526,2190.526464,2.190526,4.476849,4.476849,32484.07,0.510699,1.0,1.0,8,Summer,2000.0,4476.848958333333,0,2025-08-29 00:00:00,False
2025_0311,Campaign_2025_0311,2025-03-01,2025-10-26,Facebook Ads,North America,96583,2701,2701,6563.8,79533.76,Seniors,Travel,Mobile,2025,H1_2025,239,3,1,3,10,False,0.027966,1.0,11.11703,12.11703,2.430137,67.9602,2.430137,29.446042,29.446042,72969.95999999999,0.917472,0.027966,1.0,6,New Year,55.931168010933604,823.4757669569178,1,2025-06-28 12:00:00,False
2025_0312,Campaign_2025_0312,2025-02-28,2025-10-08,Google Display Network,Asia,22465,15574,15574,26208.52,65526.79,Youth,Clothing,Mobile,2025,H1_2025,222,2,1,2,10,False,0.693256,1.0,1.500209,2.500209,1.682838,1166.637881,1.682838,4.207448,4.207448,39318.270000000004,0.600034,0.693256,1.0,6,New Year,1386.5123525484087,2916.8390830180283,0,2025-06-19 00:00:00,False
2025_0313,Campaign_2025_0313,2025-05-09,2025-08-30,TikTok Ads,Asia,82769,75466,47676,32925.17,2892.54,Seniors,Home,Mobile,2025,H1_2025,113,5,2,5,8,False,0.911766,0.631755,-0.912148,0.087852,0.436291,397.795914,0.690603,0.038329,0.060671,-30032.629999999997,-10.382788,0.576013,0.6317546974796597,7,Summer,1487.7792410201887,34.94714204593507,0,2025-07-04 12:00:00,False
2025_0314,Campaign_2025_0314,2025-06-09,2025-07-21,Email,Asia,75988,36930,421,5400.45,140697.24,Adults,Clothing,Desktop,2025,H1_2025,42,6,2,6,7,False,0.485998,0.0114,25.052873,26.052873,0.146235,71.069774,12.827672,3.809836,334.19772,135296.78999999998,0.961617,0.00554,0.011399945843487679,6,Summer,491.5381376006738,1851.5718271305996,1,2025-06-30 00:00:00,False
2025_0315,Campaign_2025_0315,2025-03-09,2025-07-12,Google Display Network,North America,53860,7548,7548,22855.0,141969.88,Seniors,Travel,Tablet,2025,H1_2025,125,3,1,3,7,False,0.140141,1.0,5.211765,6.211765,3.027954,424.340884,3.027954,18.80894,18.80894,119114.88,0.839015,0.140141,1.0,5,New Year,280.28221314519124,2635.9056813962125,1,2025-05-10 12:00:00,False
2025_0316,Campaign_2025_0316,2025-05-21,2025-08-22,Facebook Ads,North America,50474,381,381,15612.97,132653.88,Youth,Home,Tablet,2025,H1_2025,93,5,2,5,8,False,0.007548,1.0,7.49639,8.49639,40.978924,309.32698,40.978924,348.172913,348.172913,117040.91,0.882303,0.007548,1.0,7,Summer,15.096881562784802,2628.162618377779,1,2025-07-06 12:00:00,False
2025_0317,Campaign_2025_0317,2025-02-16,2025-12-06,Email,South America,64992,64992,18541,18481.98,126900.02,Seniors,Services,Tablet,2025,H1_2025,293,2,1,2,12,False,1.0,0.285281,5.866149,6.866149,0.284373,284.373154,0.996817,1.952548,6.844292,108418.04000000001,0.854358,0.285281,0.2852812653865091,7,New Year,1285.281265386509,1952.5483136386017,1,2025-07-12 12:00:00,False
2025_0318,Campaign_2025_0318,2025-01-14,2025-10-23,TikTok Ads,Asia,84083,7069,7069,23163.91,72023.82,Adults,Travel,Mobile,2025,H1_2025,282,1,1,1,10,False,0.084072,1.0,2.109312,3.109312,3.27683,275.488624,3.27683,10.188686,10.188686,48859.91,0.678385,0.084072,1.0,6,New Year,168.14338213431967,856.5800459070206,1,2025-06-04 00:00:00,False
2025_0319,Campaign_2025_0319,2025-03-15,2025-09-17,Google Display Network,Africa,96192,31823,31823,27413.49,8497.09,Youth,Electronics,Tablet,2025,H1_2025,186,3,1,3,9,False,0.330828,1.0,-0.69004,0.30996,0.861436,284.987213,0.861436,0.267011,0.267011,-18916.4,-2.226221,0.330828,1.0,6,New Year,661.6558549567532,88.33468479707253,0,2025-06-16 00:00:00,False
2025_0320,Campaign_2025_0320,2025-05-07,2025-10-06,TikTok Ads,Africa,34016,34016,34016,43830.81,4036.09,Seniors,Home,Desktop,2025,H1_2025,152,5,2,5,10,False,1.0,1.0,-0.907917,0.092083,1.288535,1288.535101,1.288535,0.118653,0.118653,-39794.72,-9.859721,1.0,1.0,7,Summer,2000.0,118.65269285042334,0,2025-07-22 00:00:00,False
2025_0321,Campaign_2025_0321,2025-06-29,2025-10-08,Email,South America,44216,44216,44216,36557.89,88972.66,Youth,Travel,Tablet,2025,H1_2025,101,6,2,6,10,False,1.0,1.0,1.433747,2.433747,0.826802,826.802289,0.826802,2.012228,2.012228,52414.770000000004,0.589111,1.0,1.0,8,Summer,2000.0,2012.227700379953,0,2025-08-18 12:00:00,False
2025_0322,Campaign_2025_0322,2025-01-25,2025-09-06,Google Display Network,Asia,86396,44726,44726,42746.3,138226.37,Seniors,Home,Mobile,2025,H1_2025,224,1,1,1,9,False,0.517686,1.0,2.233645,3.233645,0.955737,494.771749,0.955737,3.090515,3.090515,95480.06999999999,0.690751,0.517686,1.0,5,New Year,1035.3720079633317,1599.9163155701651,1,2025-05-17 00:00:00,False
2025_0323,Campaign_2025_0323,2025-04-17,2025-12-23,Google Display Network,Africa,68408,57916,34565,13652.27,92713.22,Youth,Home,Mobile,2025,H1_2025,250,4,2,4,12,False,0.846626,0.596813,5.791048,6.791048,0.235725,199.571249,0.394974,1.600822,2.682286,79060.95,0.852747,0.505277,0.5968126251812971,8,Summer,1351.9032861653607,1355.2979183721202,1,2025-08-20 00:00:00,False
2025_0324,Campaign_2025_0324,2025-06-27,2025-08-15,Google Display Network,North America,17506,17506,17506,7791.89,121328.7,Adults,Home,Mobile,2025,H1_2025,49,6,2,6,8,False,1.0,1.0,14.571152,15.571152,0.445098,445.098252,0.445098,6.930692,6.930692,113536.81,0.935779,1.0,1.0,7,Summer,2000.0,6930.692334056895,1,2025-07-21 12:00:00,False
2025_0325,Campaign_2025_0325,2025-06-05,2025-08-31,Email,Africa,94620,6928,6928,35331.91,26813.93,Youth,Home,Mobile,2025,H1_2025,87,6,2,6,8,False,0.073219,1.0,-0.241085,0.758915,5.099872,373.408476,5.099872,3.870371,3.870371,-8517.980000000003,-0.31767,0.073219,1.0,7,Summer,146.43838511942505,283.3854364827732,0,2025-07-18 12:00:00,False
2025_0326,Campaign_2025_0326,2025-02-17,2025-08-08,Google Ads,North America,61965,16785,11793,49327.01,62286.23,Adults,Travel,Mobile,2025,H1_2025,172,2,1,2,8,False,0.270879,0.702592,0.262721,1.262721,2.938755,796.046316,4.182736,3.710827,5.281627,12959.220000000001,0.208059,0.190317,0.702591599642538,5,New Year,461.19583635923505,1005.1840555152102,0,2025-05-14 00:00:00,False
2025_0327,Campaign_2025_0327,2025-03-31,2025-10-07,Email,North America,35865,35865,35865,38325.85,31758.83,Adults,Clothing,Tablet,2025,H1_2025,190,3,1,3,10,False,1.0,1.0,-0.171347,0.828653,1.068614,1068.614248,1.068614,0.88551,0.88551,-6567.019999999997,-0.206778,1.0,1.0,7,New Year,2000.0,885.5103861703611,0,2025-07-04 00:00:00,False
2025_0328,Campaign_2025_0328,2025-02-09,2025-11-25,Google Ads,Asia,48659,48659,3266,43943.41,127149.31,Youth,Electronics,Desktop,2025,H1_2025,289,2,1,2,11,False,1.0,0.06712,1.893478,2.893478,0.903089,903.089048,13.45481,2.613069,38.931203,83205.9,0.654395,0.06712,0.06712016276536714,7,New Year,1067.1201627653672,2613.068702603835,1,2025-07-03 12:00:00,False
2025_0329,Campaign_2025_0329,2025-01-27,2025-11-25,TikTok Ads,South America,48217,48217,48217,28269.5,130619.67,Adults,Clothing,Tablet,2025,H1_2025,302,1,1,1,11,False,1.0,1.0,3.620516,4.620516,0.586297,586.297364,0.586297,2.708996,2.708996,102350.17,0.783574,1.0,1.0,6,New Year,2000.0,2708.996204658108,1,2025-06-27 00:00:00,False
2025_0330,Campaign_2025_0330,2025-01-28,2025-07-16,Google Ads,South America,73386,39097,39097,12496.76,116535.5,Youth,Services,Tablet,2025,H1_2025,169,1,1,1,7,False,0.532758,1.0,8.325257,9.325257,0.319635,170.288066,0.319635,2.980676,2.980676,104038.74,0.892764,0.532758,1.0,4,New Year,1065.5165835445453,1587.9799961845586,1,2025-04-22 12:00:00,False
2025_0331,Campaign_2025_0331,2025-04-02,2025-11-02,Facebook Ads,Europe,50592,50592,50592,3150.12,10139.67,Seniors,Clothing,Mobile,2025,H1_2025,214,4,2,4,11,False,1.0,1.0,2.21882,3.21882,0.062265,62.26518,0.062265,0.20042,0.20042,6989.55,0.689327,1.0,1.0,7,Summer,2000.0,200.42042220113854,1,2025-07-18 00:00:00,False
2025_0332,Campaign_2025_0332,2025-06-25,2025-08-12,TikTok Ads,Asia,94076,71670,4864,9190.96,88157.19,Youth,Clothing,Desktop,2025,H1_2025,48,6,2,6,8,False,0.761831,0.067867,8.591728,9.591728,0.12824,97.697181,1.889589,1.230043,18.124422,78966.23000000001,0.895744,0.051703,0.06786661085530905,7,Summer,813.5337386793657,937.0848037756708,1,2025-07-19 00:00:00,False
2025_0333,Campaign_2025_0333,2025-02-13,2025-08-26,Email,North America,9957,9957,9957,13148.07,31579.84,Seniors,Travel,Desktop,2025,H1_2025,194,2,1,2,8,False,1.0,1.0,1.401861,2.401861,1.320485,1320.485086,1.320485,3.171622,3.171622,18431.77,0.583656,1.0,1.0,5,New Year,1999.9999999999998,3171.6219744903083,0,2025-05-21 00:00:00,False
2025_0334,Campaign_2025_0334,2025-02-22,2025-10-11,Email,Asia,12945,12945,12945,22437.02,84454.6,Youth,Home,Tablet,2025,H1_2025,231,2,1,2,10,False,1.0,1.0,2.764074,3.764074,1.733258,1733.257628,1.733258,6.52411,6.52411,62017.58,0.73433,1.0,1.0,6,New Year,2000.0,6524.109694862882,1,2025-06-17 12:00:00,False
2025_0335,Campaign_2025_0335,2025-06-29,2025-10-17,Email,Europe,82246,29812,29812,27344.48,77794.37,Adults,Home,Desktop,2025,H1_2025,110,6,2,6,10,False,0.362474,1.0,1.844975,2.844975,0.917231,332.471853,0.917231,2.609499,2.609499,50449.89,0.648503,0.362474,1.0,8,Summer,724.9471098898427,945.8742066483477,1,2025-08-23 00:00:00,False
2025_0336,Campaign_2025_0336,2025-01-17,2025-12-08,TikTok Ads,South America,99902,27749,27749,29228.66,54860.79,Seniors,Home,Mobile,2025,H1_2025,325,1,1,1,12,False,0.277762,1.0,0.876952,1.876952,1.053323,292.573322,1.053323,1.977037,1.977037,25632.13,0.467221,0.277762,1.0,6,New Year,555.5244139256471,549.146063141879,0,2025-06-28 12:00:00,False
2025_0337,Campaign_2025_0337,2025-05-08,2025-12-15,Email,North America,69018,69018,64147,48283.19,84790.53,Youth,Electronics,Mobile,2025,H1_2025,221,5,2,5,12,False,1.0,0.929424,0.756109,1.756109,0.699574,699.573879,0.752696,1.228528,1.321816,36507.34,0.430559,0.929424,0.9294242081775769,8,Summer,1929.424208177577,1228.5277753629487,0,2025-08-26 12:00:00,False
2025_0338,Campaign_2025_0338,2025-02-26,2025-07-23,Google Ads,Africa,21114,21114,21114,16248.62,52177.68,Seniors,Services,Tablet,2025,H1_2025,147,2,1,2,7,False,1.0,1.0,2.211207,3.211207,0.769566,769.566165,0.769566,2.471236,2.471236,35929.06,0.688591,1.0,1.0,5,New Year,2000.0,2471.236146632566,1,2025-05-10 12:00:00,False
2025_0339,Campaign_2025_0339,2025-05-23,2025-08-08,Email,Asia,34390,25026,25026,47000.34,111838.93,Adults,Electronics,Desktop,2025,H1_2025,77,5,2,5,8,False,0.727712,1.0,1.379534,2.379534,1.87806,1366.686246,1.87806,4.46891,4.46891,64838.59,0.57975,0.727712,1.0,6,Summer,1455.4230881070077,3252.077057284094,0,2025-06-30 12:00:00,False
2025_0340,Campaign_2025_0340,2025-03-20,2025-12-15,Google Display Network,Europe,72854,28637,7884,36514.01,131419.39,Seniors,Travel,Desktop,2025,H1_2025,270,3,1,3,12,False,0.393074,0.275308,2.59915,3.59915,1.275064,501.194306,4.631407,4.589147,16.669126,94905.38,0.722157,0.108216,0.2753081677550023,8,New Year,501.29025173634943,1803.8733631646858,1,2025-08-02 00:00:00,False
2025_0341,Campaign_2025_0341,2025-02-20,2025-10-06,TikTok Ads,South America,34117,23190,13212,38728.87,42835.07,Adults,Clothing,Tablet,2025,H1_2025,228,2,1,2,10,False,0.67972,0.569728,0.106024,1.106024,1.670068,1135.178064,2.93134,1.847135,3.242134,4106.199999999997,0.095861,0.387256,0.5697283311772315,6,New Year,1066.9754081542926,1255.5344842747018,0,2025-06-14 00:00:00,False
2025_0342,Campaign_2025_0342,2025-05-17,2025-10-30,Facebook Ads,Africa,34409,34409,34409,44596.18,17040.07,Seniors,Electronics,Mobile,2025,H1_2025,166,5,2,5,10,False,1.0,1.0,-0.617903,0.382097,1.296061,1296.061496,1.296061,0.495221,0.495221,-27556.11,-1.617136,1.0,1.0,8,Summer,2000.0,495.22130837862187,0,2025-08-08 00:00:00,False
2025_0343,Campaign_2025_0343,2025-06-15,2025-10-01,Facebook Ads,South America,17427,17427,6989,5032.24,77357.68,Youth,Electronics,Tablet,2025,H1_2025,108,6,2,6,10,False,1.0,0.401044,14.372415,15.372415,0.288761,288.761118,0.720023,4.438956,11.06849,72325.43999999999,0.934948,0.401044,0.4010443564583692,8,Summer,1401.0443564583693,4438.955643541631,1,2025-08-08 00:00:00,False
2025_0344,Campaign_2025_0344,2025-01-28,2025-10-15,Google Display Network,South America,15172,15172,15172,32667.61,64085.1,Youth,Travel,Desktop,2025,H1_2025,260,1,1,1,10,False,1.0,1.0,0.961732,1.961732,2.153151,2153.1512,2.153151,4.223906,4.223906,31417.489999999998,0.490246,1.0,1.0,6,New Year,2000.0,4223.905879251252,0,2025-06-07 00:00:00,False
2025_0345,Campaign_2025_0345,2025-04-06,2025-07-27,Google Ads,Asia,90302,72291,33721,43515.67,133357.49,Adults,Electronics,Mobile,2025,H1_2025,112,4,2,4,7,False,0.800547,0.466462,2.064585,3.064585,0.601951,481.890434,1.290462,1.844732,3.954731,89841.81999999999,0.673692,0.373425,0.4664619385539002,6,Summer,1173.971783570685,1476.7944231578479,1,2025-06-01 00:00:00,False
2025_0346,Campaign_2025_0346,2025-06-20,2025-09-09,Email,Europe,98294,55351,55351,27540.91,66209.51,Youth,Clothing,Mobile,2025,H1_2025,81,6,2,6,9,False,0.563117,1.0,1.404042,2.404042,0.497568,280.189126,0.497568,1.196175,1.196175,38668.59999999999,0.584034,0.563117,1.0,7,Summer,1126.2335442651638,673.5864854416343,0,2025-07-30 12:00:00,False
2025_0347,Campaign_2025_0347,2025-02-11,2025-08-09,Email,South America,97132,26237,26237,20064.33,55074.1,Adults,Clothing,Mobile,2025,H1_2025,179,2,1,2,8,False,0.270117,1.0,1.744876,2.744876,0.764734,206.567661,0.764734,2.099101,2.099101,35009.77,0.635685,0.270117,1.0,5,New Year,540.2339084956553,567.0026355886833,1,2025-05-11 12:00:00,False
2025_0348,Campaign_2025_0348,2025-04-29,2025-07-29,Facebook Ads,Asia,67618,5118,5118,16164.32,9888.26,Seniors,Services,Desktop,2025,H1_2025,91,4,2,4,7,False,0.07569,1.0,-0.388266,0.611734,3.158327,239.053506,3.158327,1.932055,1.932055,-6276.0599999999995,-0.634698,0.07569,1.0,6,Summer,151.3798101097341,146.2370966310746,0,2025-06-13 12:00:00,False
2025_0349,Campaign_2025_0349,2025-02-19,2025-10-23,TikTok Ads,South America,11885,11885,11885,5285.03,19502.26,Seniors,Electronics,Tablet,2025,H1_2025,246,2,1,2,10,False,1.0,1.0,2.690094,3.690094,0.444681,444.68069,0.444681,1.640914,1.640914,14217.23,0.729004,1.0,1.0,6,New Year,2000.0,1640.9137568363483,1,2025-06-22 00:00:00,False
2025_0350,Campaign_2025_0350,2025-04-22,2025-07-27,Google Ads,South America,53271,53271,40038,15088.91,82272.6,Adults,Clothing,Mobile,2025,H1_2025,96,4,2,4,7,False,1.0,0.751591,4.452521,5.452521,0.283248,283.248109,0.376865,1.544416,2.054863,67183.69,0.816599,0.751591,0.7515909218899589,6,Summer,1751.590921889959,1544.4162865348878,1,2025-06-09 00:00:00,False
2025_0351,Campaign_2025_0351,2025-05-22,2025-11-23,TikTok Ads,Asia,92666,50651,15176,25398.59,75283.66,Youth,Services,Mobile,2025,H1_2025,185,5,2,5,11,False,0.546597,0.299619,1.964088,2.964088,0.501443,274.087475,1.673602,1.486321,4.960705,49885.07000000001,0.662628,0.163771,0.2996189611261377,8,Summer,710.3684199166901,812.4194418664883,1,2025-08-22 12:00:00,False
2025_0352,Campaign_2025_0352,2025-05-23,2025-08-20,Email,Asia,89341,20536,20536,29737.73,17746.07,Youth,Clothing,Desktop,2025,H1_2025,89,5,2,5,8,False,0.229861,1.0,-0.403247,0.596753,1.448078,332.856471,1.448078,0.864144,0.864144,-11991.66,-0.675736,0.229861,1.0,7,Summer,459.72174029840727,198.63299045231193,0,2025-07-06 12:00:00,False
2025_0353,Campaign_2025_0353,2025-06-15,2025-10-25,Google Ads,Europe,22473,22473,22473,9973.39,25330.43,Youth,Clothing,Desktop,2025,H1_2025,132,6,2,6,10,False,1.0,1.0,1.539801,2.539801,0.443794,443.794331,0.443794,1.127149,1.127149,15357.04,0.606268,1.0,1.0,8,Summer,2000.0,1127.1494682507898,0,2025-08-20 00:00:00,False
2025_0354,Campaign_2025_0354,2025-06-11,2025-07-09,Google Ads,Asia,24129,24129,24129,6430.23,11742.25,Adults,Home,Desktop,2025,H1_2025,28,6,2,6,7,False,1.0,1.0,0.826101,1.826101,0.266494,266.493846,0.266494,0.486645,0.486645,5312.02,0.452385,1.0,1.0,6,Summer,2000.0,486.64470139665957,0,2025-06-25 00:00:00,False
2025_0355,Campaign_2025_0355,2025-03-08,2025-12-18,Google Display Network,North America,14503,10271,10271,26935.55,39969.85,Seniors,Electronics,Mobile,2025,H1_2025,285,3,1,3,12,False,0.708198,1.0,0.483907,1.483907,2.622486,1857.239881,2.622486,3.891525,3.891525,13034.3,0.326103,0.708198,1.0,7,New Year,1416.3966075984279,2755.9711783768876,0,2025-07-28 12:00:00,False
2025_0356,Campaign_2025_0356,2025-03-02,2025-10-16,Facebook Ads,Africa,73114,9067,1366,30519.74,101236.56,Youth,Clothing,Desktop,2025,H1_2025,228,3,1,3,10,False,0.124012,0.150656,2.317085,3.317085,3.366024,417.426758,22.342416,11.165387,74.111684,70716.81999999999,0.69853,0.018683,0.15065622587404875,6,New Year,142.6949694996854,1384.6398774516508,1,2025-06-24 00:00:00,False
2025_0357,Campaign_2025_0357,2025-02-14,2025-10-19,Email,Europe,96709,83365,54696,31165.14,24446.36,Adults,Clothing,Desktop,2025,H1_2025,247,2,1,2,10,False,0.862019,0.656103,-0.215586,0.784414,0.37384,322.256874,0.569788,0.293245,0.44695,-6718.779999999999,-0.274838,0.565573,0.6561026809812271,6,New Year,1427.5920545140575,252.78267793069932,0,2025-06-17 12:00:00,False
2025_0358,Campaign_2025_0358,2025-06-14,2025-11-29,Email,South America,66827,66827,8893,12669.51,58977.82,Adults,Home,Tablet,2025,H1_2025,168,6,2,6,11,False,1.0,0.133075,3.655099,4.655099,0.189587,189.586694,1.424661,0.882545,6.631937,46308.31,0.785182,0.133075,0.13307495473386505,9,Summer,1133.074954733865,882.54477980457,1,2025-09-06 00:00:00,False
2025_0359,Campaign_2025_0359,2025-03-01,2025-11-22,TikTok Ads,South America,62915,14887,14887,31620.99,145082.06,Youth,Home,Mobile,2025,H1_2025,266,3,1,3,11,False,0.236621,1.0,3.588157,4.588157,2.124067,502.598585,2.124067,9.745554,9.745554,113461.06999999999,0.782048,0.236621,1.0,7,New Year,473.2416752761663,2306.0011126122545,1,2025-07-12 00:00:00,False
2025_0360,Campaign_2025_0360,2025-04-22,2025-10-12,Google Display Network,Europe,46601,1043,1043,21885.63,3991.25,Youth,Travel,Mobile,2025,H1_2025,173,4,2,4,10,False,0.022381,1.0,-0.817631,0.182369,20.983346,469.638634,20.983346,3.826702,3.826702,-17894.38,-4.483402,0.022381,1.0,7,Summer,44.76298791871419,85.64730370592906,0,2025-07-17 12:00:00,False
2025_0361,Campaign_2025_0361,2025-06-19,2025-10-16,Email,Asia,7959,7959,7959,14675.65,144473.34,Adults,Services,Tablet,2025,H1_2025,119,6,2,6,10,False,1.0,1.0,8.844425,9.844425,1.843906,1843.90627,1.843906,18.152198,18.152198,129797.69,0.89842,1.0,1.0,8,Summer,2000.0,18152.197512250284,1,2025-08-17 12:00:00,False
2025_0362,Campaign_2025_0362,2025-01-15,2025-09-26,Google Display Network,North America,13821,13821,6116,14245.46,62927.23,Seniors,Services,Tablet,2025,H1_2025,254,1,1,1,9,False,1.0,0.442515,3.417353,4.417353,1.030711,1030.711237,2.329212,4.553016,10.288952,48681.770000000004,0.77362,0.442515,0.442515013385428,5,New Year,1442.515013385428,4553.0157007452435,1,2025-05-22 00:00:00,False
2025_0363,Campaign_2025_0363,2025-04-03,2025-12-16,Facebook Ads,North America,26139,26139,26139,27589.4,14476.0,Adults,Clothing,Mobile,2025,H1_2025,257,4,2,4,12,False,1.0,1.0,-0.475306,0.524694,1.055488,1055.487968,1.055488,0.553808,0.553808,-13113.400000000001,-0.905872,1.0,1.0,8,Summer,2000.0,553.8084854049505,0,2025-08-09 12:00:00,False
2025_0364,Campaign_2025_0364,2025-03-14,2025-11-07,TikTok Ads,Africa,23037,23037,23037,3459.53,138642.24,Seniors,Home,Desktop,2025,H1_2025,238,3,1,3,11,False,1.0,1.0,39.075455,40.075455,0.150173,150.172766,0.150173,6.018242,6.018242,135182.71,0.975047,1.0,1.0,7,New Year,2000.0,6018.241958588358,1,2025-07-11 00:00:00,False
2025_0365,Campaign_2025_0365,2025-01-27,2025-09-05,Google Ads,Europe,19675,10361,10361,30238.74,97043.94,Youth,Home,Mobile,2025,H1_2025,221,1,1,1,9,False,0.526607,1.0,2.209259,3.209259,2.918516,1536.911817,2.918516,9.366272,9.366272,66805.2,0.688402,0.526607,1.0,5,New Year,1053.2147395171537,4932.347649301144,1,2025-05-17 12:00:00,False
2025_0366,Campaign_2025_0366,2025-03-13,2025-12-03,Google Display Network,Asia,85843,25787,8898,21633.79,98193.03,Adults,Home,Tablet,2025,H1_2025,265,3,1,3,12,False,0.300397,0.345058,3.538873,4.538873,0.838942,252.015773,2.431309,3.80785,11.035405,76559.23999999999,0.779681,0.103654,0.34505758715631907,7,New Year,404.05158254021876,1143.8676420907937,1,2025-07-23 12:00:00,False
2025_0367,Campaign_2025_0367,2025-06-07,2025-12-30,Google Display Network,Europe,60632,8248,8248,40119.51,142345.91,Adults,Travel,Tablet,2025,H1_2025,206,6,2,6,12,False,0.136034,1.0,2.548047,3.548047,4.86415,661.688712,4.86415,17.258234,17.258234,102226.4,0.718155,0.136034,1.0,9,Summer,272.067555086423,2347.702698245151,1,2025-09-18 00:00:00,False
2025_0368,Campaign_2025_0368,2025-05-08,2025-07-26,TikTok Ads,North America,3566,3566,3566,37292.97,118724.73,Adults,Clothing,Desktop,2025,H1_2025,79,5,2,5,7,False,1.0,1.0,2.183569,3.183569,10.457928,10457.92765,10.457928,33.293531,33.293531,81431.76,0.685887,1.0,1.0,6,Summer,2000.0,33293.53056646102,1,2025-06-16 12:00:00,False
2025_0369,Campaign_2025_0369,2025-02-12,2025-09-30,Google Ads,Africa,12967,12967,12967,28474.69,142431.41,Adults,Clothing,Desktop,2025,H1_2025,230,2,1,2,9,False,1.0,1.0,4.002035,5.002035,2.195935,2195.935066,2.195935,10.984145,10.984145,113956.72,0.800081,1.0,1.0,6,New Year,2000.0,10984.14513765713,1,2025-06-07 00:00:00,False
2025_0370,Campaign_2025_0370,2025-06-10,2025-12-23,Google Ads,North America,81225,66365,52422,6112.66,15387.66,Adults,Services,Tablet,2025,H1_2025,196,6,2,6,12,False,0.817051,0.789904,1.517343,2.517343,0.092107,75.255894,0.116605,0.231864,0.293534,9275.0,0.602756,0.645392,0.7899043170345815,9,Summer,1462.4438288704218,189.4448753462604,0,2025-09-16 00:00:00,False
2025_0371,Campaign_2025_0371,2025-06-11,2025-09-25,Email,Europe,59955,56085,29337,22836.96,129861.72,Seniors,Travel,Tablet,2025,H1_2025,106,6,2,6,9,False,0.935452,0.523081,4.686471,5.686471,0.407185,380.901676,0.778435,2.315445,4.426551,107024.76000000001,0.824144,0.489317,0.5230810377106178,8,Summer,1424.7685764323244,2165.9864898674005,1,2025-08-03 00:00:00,False
2025_0372,Campaign_2025_0372,2025-03-31,2025-08-03,TikTok Ads,Africa,7533,7533,7533,28636.8,42109.08,Adults,Travel,Mobile,2025,H1_2025,125,3,1,3,8,False,1.0,1.0,0.470453,1.470453,3.801513,3801.513341,3.801513,5.589948,5.589948,13472.280000000002,0.319938,1.0,1.0,6,New Year,2000.0,5589.94822779769,0,2025-06-01 12:00:00,False
2025_0373,Campaign_2025_0373,2025-02-26,2025-08-10,Email,Africa,18828,3115,3115,46741.61,136777.38,Youth,Clothing,Desktop,2025,H1_2025,165,2,1,2,8,False,0.165445,1.0,1.926245,2.926245,15.005332,2482.558424,15.005332,43.909271,43.909271,90035.77,0.658265,0.165445,1.0,5,New Year,330.8901635861483,7264.5729764181015,1,2025-05-19 12:00:00,False
2025_0374,Campaign_2025_0374,2025-06-25,2025-09-20,Google Ads,South America,64246,8370,8370,12622.75,22369.04,Adults,Electronics,Tablet,2025,H1_2025,87,6,2,6,9,False,0.13028,1.0,0.772121,1.772121,1.508094,196.475267,1.508094,2.672526,2.672526,9746.29,0.435704,0.13028,1.0,8,Summer,260.56096877626624,348.17794103913087,0,2025-08-07 12:00:00,False
2025_0375,Campaign_2025_0375,2025-04-30,2025-07-27,Google Display Network,North America,48415,15593,15593,5820.65,106235.35,Seniors,Services,Desktop,2025,H1_2025,88,4,2,4,7,False,0.32207,1.0,17.251458,18.251458,0.373286,120.224104,0.373286,6.813015,6.813015,100414.70000000001,0.94521,0.32207,1.0,6,Summer,644.1392130538056,2194.2652070639265,1,2025-06-13 00:00:00,False
2025_0376,Campaign_2025_0376,2025-01-18,2025-11-25,Google Display Network,Europe,11035,11035,575,9529.32,41604.63,Seniors,Clothing,Tablet,2025,H1_2025,311,1,1,1,11,False,1.0,0.052107,3.36596,4.36596,0.863554,863.554146,16.57273,3.770243,72.355878,32075.309999999998,0.770955,0.052107,0.05210693248753965,6,New Year,1052.1069324875396,3770.242863615768,1,2025-06-22 12:00:00,False
2025_0377,Campaign_2025_0377,2025-01-27,2025-11-04,Google Ads,North America,69756,35810,35810,5253.78,86094.25,Youth,Services,Mobile,2025,H1_2025,281,1,1,1,11,False,0.513361,1.0,15.387106,16.387106,0.146713,75.316532,0.146713,2.404196,2.404196,80840.47,0.938976,0.513361,1.0,6,New Year,1026.7217156947072,1234.219995412581,1,2025-06-16 12:00:00,False
2025_0378,Campaign_2025_0378,2025-05-21,2025-09-15,Facebook Ads,Asia,77809,27707,27707,3196.45,130886.47,Adults,Services,Desktop,2025,H1_2025,117,5,2,5,9,False,0.35609,1.0,39.947448,40.947448,0.115366,41.080723,0.115366,4.72395,4.72395,127690.02,0.975578,0.35609,1.0,7,Summer,712.179824955982,1682.1507794728118,1,2025-07-18 12:00:00,False
2025_0379,Campaign_2025_0379,2025-05-04,2025-08-22,Facebook Ads,Asia,37208,37208,15832,5517.18,2063.19,Seniors,Home,Desktop,2025,H1_2025,110,5,2,5,8,False,1.0,0.4255,-0.626043,0.373957,0.148279,148.279402,0.348483,0.05545,0.130318,-3453.9900000000002,-1.674102,0.4255,0.4254998924962374,6,Summer,1425.4998924962374,55.45017200602022,0,2025-06-28 00:00:00,False
2025_0380,Campaign_2025_0380,2025-06-13,2025-08-01,Facebook Ads,Europe,50318,26193,26193,36731.17,79041.95,Seniors,Clothing,Mobile,2025,H1_2025,49,6,2,6,8,False,0.520549,1.0,1.151904,2.151904,1.402328,729.980723,1.402328,3.017675,3.017675,42310.78,0.535295,0.520549,1.0,7,Summer,1041.0986128224492,1570.8484041496085,0,2025-07-07 12:00:00,False
2025_0381,Campaign_2025_0381,2025-05-23,2025-08-21,TikTok Ads,South America,73320,73320,18149,5731.07,54525.42,Seniors,Electronics,Tablet,2025,H1_2025,90,5,2,5,8,False,1.0,0.247531,8.514003,9.514003,0.078165,78.165166,0.315779,0.743664,3.004321,48794.35,0.894892,0.247531,0.24753136933988,7,Summer,1247.53136933988,743.663666121113,1,2025-07-07 00:00:00,False
2025_0382,Campaign_2025_0382,2025-03-26,2025-07-05,Google Display Network,Asia,19477,19477,19477,1734.85,11642.78,Adults,Services,Mobile,2025,H1_2025,101,3,1,3,7,False,1.0,1.0,5.711116,6.711116,0.089072,89.071726,0.089072,0.597771,0.597771,9907.93,0.850993,1.0,1.0,5,New Year,2000.0,597.7707039071726,1,2025-05-15 12:00:00,False
2025_0383,Campaign_2025_0383,2025-05-19,2025-07-02,Email,Europe,54501,39674,17965,44346.21,124163.62,Seniors,Home,Desktop,2025,H1_2025,44,5,2,5,7,False,0.72795,0.452815,1.79987,2.79987,1.117765,813.676997,2.468478,3.129597,6.911418,79817.41,0.642841,0.329627,0.4528154458839542,6,Summer,1057.5769251940333,2278.189757986092,1,2025-06-10 00:00:00,False
2025_0384,Campaign_2025_0384,2025-06-21,2025-11-24,Google Display Network,Asia,49387,42134,42134,28451.85,65667.77,Youth,Services,Desktop,2025,H1_2025,156,6,2,6,11,False,0.853139,1.0,1.308032,2.308032,0.675271,576.099986,0.675271,1.558546,1.558546,37215.920000000006,0.56673,0.853139,1.0,9,Summer,1706.2789802984591,1329.656994755705,0,2025-09-07 00:00:00,False
2025_0385,Campaign_2025_0385,2025-03-22,2025-10-31,Email,North America,42693,42693,42693,23649.32,76848.9,Seniors,Clothing,Tablet,2025,H1_2025,223,3,1,3,10,False,1.0,1.0,2.249518,3.249518,0.553939,553.939053,0.553939,1.800035,1.800035,53199.579999999994,0.692262,1.0,1.0,7,New Year,2000.0,1800.0351345653853,1,2025-07-11 12:00:00,False
2025_0386,Campaign_2025_0386,2025-04-13,2025-10-15,Email,Asia,51104,27866,11232,30212.51,45720.72,Youth,Clothing,Mobile,2025,H1_2025,185,4,2,4,10,False,0.54528,0.403072,0.513304,1.513304,1.084207,591.19658,2.68986,1.640735,4.070577,15508.210000000003,0.339194,0.219787,0.40307184382401495,7,Summer,765.0673137132122,894.6603005635567,0,2025-07-14 12:00:00,False
2025_0387,Campaign_2025_0387,2025-06-25,2025-08-07,Facebook Ads,Europe,28367,28367,28367,3316.94,66905.9,Youth,Services,Desktop,2025,H1_2025,43,6,2,6,8,False,1.0,1.0,19.170971,20.170971,0.11693,116.929531,0.11693,2.358582,2.358582,63588.95999999999,0.950424,1.0,1.0,7,Summer,2000.0,2358.5821553213236,1,2025-07-16 12:00:00,False
2025_0388,Campaign_2025_0388,2025-06-21,2025-08-16,Google Display Network,North America,85937,71626,6170,44579.91,69903.28,Adults,Electronics,Tablet,2025,H1_2025,56,6,2,6,8,False,0.833471,0.086142,0.568044,1.568044,0.622398,518.751062,7.225269,0.975948,11.329543,25323.369999999995,0.362263,0.071797,0.08614190377795772,7,Summer,905.2678124672725,813.4247181074509,0,2025-07-19 00:00:00,False
2025_0389,Campaign_2025_0389,2025-03-15,2025-10-17,Google Ads,Africa,69611,65368,16571,44163.39,22794.04,Adults,Electronics,Mobile,2025,H1_2025,216,3,1,3,10,False,0.939047,0.253503,-0.48387,0.51613,0.675612,634.431196,2.665101,0.348703,1.375538,-21369.35,-0.937497,0.238051,0.2535032431770897,7,New Year,1177.0984470845124,327.4488227435319,0,2025-07-01 00:00:00,False
2025_0390,Campaign_2025_0390,2025-03-09,2025-08-08,Facebook Ads,North America,83234,5946,5946,40216.53,36692.6,Seniors,Electronics,Mobile,2025,H1_2025,152,3,1,3,8,False,0.071437,1.0,-0.087624,0.912376,6.763628,483.174304,6.763628,6.170972,6.170972,-3523.9300000000003,-0.096039,0.071437,1.0,5,New Year,142.87430617295817,440.8366773193647,0,2025-05-24 00:00:00,False
2025_0391,Campaign_2025_0391,2025-06-14,2025-11-08,TikTok Ads,Africa,24647,24647,24647,46014.92,50035.54,Seniors,Clothing,Desktop,2025,H1_2025,147,6,2,6,11,False,1.0,1.0,0.087376,1.087376,1.866958,1866.95825,1.866958,2.030086,2.030086,4020.6200000000026,0.080355,1.0,1.0,8,Summer,2000.0000000000002,2030.0864202539865,0,2025-08-26 12:00:00,False
2025_0392,Campaign_2025_0392,2025-04-20,2025-09-16,TikTok Ads,Europe,45074,45074,45074,46647.46,20658.38,Seniors,Clothing,Tablet,2025,H1_2025,149,4,2,4,9,False,1.0,1.0,-0.557138,0.442862,1.034908,1034.908373,1.034908,0.458321,0.458321,-25989.079999999998,-1.258041,1.0,1.0,7,Summer,2000.0,458.32142698673294,0,2025-07-03 12:00:00,False
2025_0393,Campaign_2025_0393,2025-05-18,2025-10-25,Email,Asia,5664,5664,5664,17944.48,126644.01,Adults,Home,Tablet,2025,H1_2025,160,5,2,5,10,False,1.0,1.0,6.057547,7.057547,3.168164,3168.163842,3.168164,22.359465,22.359465,108699.53,0.858308,1.0,1.0,8,Summer,2000.0,22359.46504237288,1,2025-08-06 00:00:00,False
2025_0394,Campaign_2025_0394,2025-05-30,2025-10-23,Google Display Network,Africa,1842,1842,1842,10810.96,107825.14,Adults,Clothing,Tablet,2025,H1_2025,146,5,2,5,10,False,1.0,1.0,8.973688,9.973688,5.869142,5869.142237,5.869142,58.536992,58.536992,97014.18,0.899736,1.0,1.0,8,Summer,2000.0,58536.992399565686,1,2025-08-11 00:00:00,False
2025_0395,Campaign_2025_0395,2025-03-11,2025-10-17,Email,North America,59665,59665,59665,26518.2,50532.78,Seniors,Home,Desktop,2025,H1_2025,220,3,1,3,10,False,1.0,1.0,0.905589,1.905589,0.444452,444.451521,0.444452,0.846942,0.846942,24014.579999999998,0.475228,1.0,1.0,6,New Year,2000.0,846.941758149669,0,2025-06-29 00:00:00,False
2025_0396,Campaign_2025_0396,2025-03-08,2025-08-23,Email,Europe,95561,47340,15748,33295.16,103729.69,Youth,Electronics,Tablet,2025,H1_2025,168,3,1,3,8,False,0.49539,0.332657,2.115459,3.115459,0.70332,348.417869,2.114247,2.191164,6.586848,70434.53,0.67902,0.164795,0.3326573722010984,5,New Year,660.1856405855945,1085.4814202446605,1,2025-05-31 00:00:00,False
2025_0397,Campaign_2025_0397,2025-03-30,2025-12-11,Google Ads,South America,91046,7727,7727,4915.56,73745.25,Youth,Clothing,Desktop,2025,H1_2025,256,3,1,3,12,False,0.084869,1.0,14.002411,15.002411,0.636154,53.989851,0.636154,9.54384,9.54384,68829.69,0.933344,0.084869,1.0,8,New Year,169.73837400874282,809.977923247589,1,2025-08-05 00:00:00,False
2025_0398,Campaign_2025_0398,2025-01-25,2025-09-22,TikTok Ads,Europe,46630,46630,46630,25966.36,105085.77,Adults,Services,Mobile,2025,H1_2025,240,1,1,1,9,False,1.0,1.0,3.046997,4.046997,0.55686,556.859532,0.55686,2.253609,2.253609,79119.41,0.752903,1.0,1.0,5,New Year,2000.0,2253.608621059404,1,2025-05-25 00:00:00,False
2025_0399,Campaign_2025_0399,2025-01-27,2025-09-28,Facebook Ads,Europe,91996,47341,10843,10167.74,116070.8,Adults,Services,Desktop,2025,H1_2025,244,1,1,1,9,False,0.514598,0.22904,10.415595,11.415595,0.214777,110.523718,0.937724,2.451803,10.704676,105903.06,0.912401,0.117864,0.22904036670116812,5,New Year,632.4622809687378,1261.6939866950738,1,2025-05-29 00:00:00,False
2025_0400,Campaign_2025_0400,2025-06-06,2025-10-14,Google Ads,South America,45583,45583,14384,23504.59,149529.52,Seniors,Home,Tablet,2025,H1_2025,130,6,2,6,10,False,1.0,0.315556,5.361716,6.361716,0.515644,515.643771,1.634079,3.280379,10.395545,126024.93,0.84281,0.315556,0.31555623807121075,8,Summer,1315.5562380712108,3280.379088695347,1,2025-08-10 00:00:00,False
2025_0401,Campaign_2025_0401,2025-05-28,2025-07-19,Facebook Ads,North America,21450,21450,21450,29612.11,130596.84,Adults,Electronics,Tablet,2025,H1_2025,52,5,2,5,7,False,1.0,1.0,3.410251,4.410251,1.380518,1380.517949,1.380518,6.088431,6.088431,100984.73,0.773256,1.0,1.0,6,Summer,2000.0,6088.430769230769,1,2025-06-23 00:00:00,False
2025_0402,Campaign_2025_0402,2025-04-29,2025-12-13,Google Display Network,Asia,5593,5593,5593,49462.98,127862.54,Adults,Travel,Tablet,2025,H1_2025,228,4,2,4,12,False,1.0,1.0,1.585015,2.585015,8.84373,8843.729662,8.84373,22.861173,22.861173,78399.56,0.613155,1.0,1.0,8,Summer,2000.0,22861.17289468979,0,2025-08-21 00:00:00,False
2025_0403,Campaign_2025_0403,2025-01-08,2025-12-29,TikTok Ads,Asia,54143,42723,31210,38569.89,134213.59,Youth,Clothing,Desktop,2025,H1_2025,355,1,1,1,12,False,0.789077,0.73052,2.47975,3.47975,0.90279,712.370759,1.235818,3.141483,4.300339,95643.7,0.712623,0.576436,0.7305198604966879,7,New Year,1365.5135474576584,2478.872430415751,1,2025-07-04 12:00:00,False
2025_0404,Campaign_2025_0404,2025-01-11,2025-07-04,Email,Africa,9855,9855,7886,23840.52,16443.73,Youth,Clothing,Mobile,2025,H1_2025,174,1,1,1,7,False,1.0,0.800203,-0.310261,0.689739,2.419129,2419.129376,3.023145,1.668567,2.08518,-7396.790000000001,-0.449824,0.800203,0.8002029426686961,4,New Year,1800.202942668696,1668.5672247590055,0,2025-04-08 00:00:00,False
2025_0405,Campaign_2025_0405,2025-06-20,2025-10-05,Google Ads,South America,25919,25919,25919,16038.34,50467.17,Seniors,Clothing,Desktop,2025,H1_2025,107,6,2,6,10,False,1.0,1.0,2.146658,3.146658,0.618787,618.78699,0.618787,1.947111,1.947111,34428.83,0.682203,1.0,1.0,8,Summer,2000.0,1947.1109996527643,1,2025-08-12 12:00:00,False
2025_0406,Campaign_2025_0406,2025-05-16,2025-09-21,Google Ads,Asia,81199,25730,25730,33555.49,75738.81,Adults,Home,Desktop,2025,H1_2025,128,5,2,5,9,False,0.316876,1.0,1.257121,2.257121,1.304139,413.25004,1.304139,2.943599,2.943599,42183.32,0.556958,0.316876,1.0,7,Summer,633.7516471877733,932.7554526533578,0,2025-07-19 00:00:00,False
2025_0407,Campaign_2025_0407,2025-04-13,2025-11-05,Google Ads,Asia,78288,5745,5745,17560.81,44333.92,Seniors,Travel,Desktop,2025,H1_2025,206,4,2,4,11,False,0.073383,1.0,1.524594,2.524594,3.056712,224.310367,3.056712,7.716957,7.716957,26773.109999999997,0.603897,0.073383,1.0,7,Summer,146.76578786020846,566.292662987942,0,2025-07-25 00:00:00,False
2025_0408,Campaign_2025_0408,2025-05-10,2025-09-24,TikTok Ads,Europe,12634,12634,12634,32577.86,100440.07,Adults,Electronics,Mobile,2025,H1_2025,137,5,2,5,9,False,1.0,1.0,2.083078,3.083078,2.578586,2578.586354,2.578586,7.949982,7.949982,67862.21,0.675649,1.0,1.0,7,Summer,2000.0,7949.981795155929,1,2025-07-17 12:00:00,False
2025_0409,Campaign_2025_0409,2025-01-13,2025-10-26,Email,Europe,76198,48079,25433,22025.41,147465.27,Youth,Home,Mobile,2025,H1_2025,286,1,1,1,10,False,0.630975,0.528984,5.695234,6.695234,0.458109,289.054962,0.866017,3.067145,5.798186,125439.85999999999,0.85064,0.333775,0.5289835479107302,6,New Year,964.7497309640673,1935.290558807318,1,2025-06-05 00:00:00,False
2025_0410,Campaign_2025_0410,2025-02-03,2025-12-11,Google Ads,South America,30616,30616,30616,1066.11,69229.56,Seniors,Services,Tablet,2025,H1_2025,311,2,1,2,12,False,1.0,1.0,63.936601,64.936601,0.034822,34.821989,0.034822,2.261222,2.261222,68163.45,0.9846,1.0,1.0,7,New Year,2000.0,2261.221583485759,1,2025-07-08 12:00:00,False
2025_0411,Campaign_2025_0411,2025-01-29,2025-07-05,Facebook Ads,South America,7277,7277,7277,15115.0,17862.4,Seniors,Home,Mobile,2025,H1_2025,157,1,1,1,7,False,1.0,1.0,0.181766,1.181766,2.077092,2077.092208,2.077092,2.454638,2.454638,2747.4000000000015,0.153809,1.0,1.0,4,New Year,2000.0,2454.637900233613,0,2025-04-17 12:00:00,False
2025_0412,Campaign_2025_0412,2025-01-29,2025-07-23,TikTok Ads,Europe,74198,74198,8634,35340.98,133276.33,Adults,Electronics,Tablet,2025,H1_2025,175,1,1,1,7,False,1.0,0.116364,2.771155,3.771155,0.476306,476.306369,4.093234,1.796225,15.436221,97935.34999999998,0.734829,0.116364,0.11636432248847678,4,New Year,1116.3643224884768,1796.2253699560636,1,2025-04-26 12:00:00,False
2025_0413,Campaign_2025_0413,2025-03-01,2025-11-09,Email,Europe,12494,12494,12494,49838.54,109175.41,Youth,Travel,Desktop,2025,H1_2025,253,3,1,3,11,False,1.0,1.0,1.190582,2.190582,3.988998,3988.997919,3.988998,8.738227,8.738227,59336.87,0.5435,1.0,1.0,7,New Year,2000.0,8738.227149031536,0,2025-07-05 12:00:00,False
2025_0414,Campaign_2025_0414,2025-04-01,2025-09-28,Google Ads,Europe,58613,2502,2502,7564.86,114104.04,Adults,Clothing,Tablet,2025,H1_2025,180,4,2,4,9,False,0.042687,1.0,14.08343,15.08343,3.023525,129.064542,3.023525,45.605132,45.605132,106539.18,0.933702,0.042687,1.0,6,Summer,85.37355194240186,1946.7360483169261,1,2025-06-30 00:00:00,False
2025_0415,Campaign_2025_0415,2025-02-14,2025-11-22,TikTok Ads,Asia,52750,52750,1319,23989.57,46548.8,Seniors,Clothing,Desktop,2025,H1_2025,281,2,1,2,11,False,1.0,0.025005,0.940377,1.940377,0.454779,454.778578,18.187695,0.882442,35.290978,22559.230000000003,0.484636,0.025005,0.02500473933649289,7,New Year,1025.004739336493,882.4417061611375,0,2025-07-04 12:00:00,False
2025_0416,Campaign_2025_0416,2025-01-23,2025-12-07,Email,Europe,64551,64551,22807,43548.63,1794.77,Adults,Home,Tablet,2025,H1_2025,318,1,1,1,12,False,1.0,0.353318,-0.958787,0.041213,0.674639,674.639123,1.909441,0.027804,0.078694,-41753.86,-23.264184,0.353318,0.3533175318740221,7,New Year,1353.317531874022,27.80390698827284,0,2025-07-01 00:00:00,False
2025_0417,Campaign_2025_0417,2025-02-19,2025-11-22,Google Ads,Europe,95712,7281,7281,20343.19,122661.2,Adults,Clothing,Tablet,2025,H1_2025,276,2,1,2,11,False,0.076072,1.0,5.029595,6.029595,2.79401,212.545867,2.79401,16.846752,16.846752,102318.01,0.834151,0.076072,1.0,7,New Year,152.14393179538615,1281.5655299231025,1,2025-07-07 00:00:00,False
2025_0418,Campaign_2025_0418,2025-02-09,2025-10-18,TikTok Ads,South America,68062,68062,68062,4458.84,42336.87,Seniors,Travel,Tablet,2025,H1_2025,251,2,1,2,10,False,1.0,1.0,8.495041,9.495041,0.065511,65.511445,0.065511,0.622034,0.622034,37878.03,0.894682,1.0,1.0,6,New Year,2000.0,622.0338808733214,1,2025-06-14 12:00:00,False
2025_0419,Campaign_2025_0419,2025-03-07,2025-07-20,Email,Europe,97633,55149,49066,43859.45,85984.34,Adults,Electronics,Desktop,2025,H1_2025,135,3,1,3,7,False,0.56486,0.889699,0.960452,1.960452,0.79529,449.22772,0.893887,1.559128,1.752422,42124.89,0.489914,0.502555,0.8896988159350124,5,New Year,1067.4157303370787,880.6893161123801,0,2025-05-13 12:00:00,False
2025_0420,Campaign_2025_0420,2025-06-06,2025-11-11,Email,Europe,16365,16365,10929,20912.48,34015.55,Youth,Electronics,Tablet,2025,H1_2025,158,6,2,6,11,False,1.0,0.667828,0.626567,1.626567,1.277878,1277.878399,1.913485,2.078555,3.112412,13103.070000000003,0.385208,0.667828,0.6678276810265811,8,Summer,1667.8276810265813,2078.5548426520018,0,2025-08-24 00:00:00,False
2025_0421,Campaign_2025_0421,2025-01-11,2025-08-25,Facebook Ads,North America,84858,81367,62907,47203.84,8137.01,Seniors,Services,Mobile,2025,H1_2025,226,1,1,1,8,False,0.958861,0.773127,-0.82762,0.17238,0.580135,556.26859,0.750375,0.100004,0.12935,-39066.829999999994,-4.801128,0.741321,0.7731266975555201,5,New Year,1700.1814796483536,95.88972165264323,0,2025-05-04 00:00:00,False
2025_0422,Campaign_2025_0422,2025-04-28,2025-11-06,Google Ads,Africa,2786,2786,2786,30321.8,129261.37,Youth,Electronics,Tablet,2025,H1_2025,192,4,2,4,11,False,1.0,1.0,3.262985,4.262985,10.883632,10883.632448,10.883632,46.396759,46.396759,98939.56999999999,0.765423,1.0,1.0,8,Summer,2000.0,46396.75879396985,1,2025-08-02 00:00:00,False
2025_0423,Campaign_2025_0423,2025-04-21,2025-11-15,Google Display Network,Asia,62256,9814,9814,6958.35,114536.39,Adults,Clothing,Desktop,2025,H1_2025,208,4,2,4,11,False,0.157639,1.0,15.46028,16.46028,0.709023,111.76995,0.709023,11.670714,11.670714,107578.04,0.939248,0.157639,1.0,8,Summer,315.27884862503214,1839.7646813158572,1,2025-08-03 00:00:00,False
2025_0424,Campaign_2025_0424,2025-03-28,2025-08-26,Google Display Network,Africa,35991,35991,31436,12709.11,92501.61,Seniors,Services,Mobile,2025,H1_2025,151,3,1,3,8,False,1.0,0.873441,6.27837,7.27837,0.353119,353.119113,0.404285,2.570132,2.942538,79792.5,0.862607,0.873441,0.8734405823678142,6,New Year,1873.4405823678142,2570.1316995915645,1,2025-06-11 12:00:00,False
2025_0425,Campaign_2025_0425,2025-05-14,2025-08-28,TikTok Ads,Europe,7546,7546,7546,19615.3,70795.6,Youth,Clothing,Mobile,2025,H1_2025,106,5,2,5,8,False,1.0,1.0,2.609203,3.609203,2.59943,2599.430162,2.59943,9.381871,9.381871,51180.3,0.722931,1.0,1.0,7,Summer,2000.0,9381.871190034455,1,2025-07-06 00:00:00,False
2025_0426,Campaign_2025_0426,2025-03-22,2025-11-28,Email,South America,71257,71257,1451,41868.03,108514.28,Adults,Travel,Desktop,2025,H1_2025,251,3,1,3,11,False,1.0,0.020363,1.591817,2.591817,0.587564,587.563748,28.854604,1.522858,74.785858,66646.25,0.61417,0.020363,0.020362911713936876,7,New Year,1020.3629117139368,1522.8578244944356,0,2025-07-25 12:00:00,False
2025_0427,Campaign_2025_0427,2025-01-21,2025-10-04,TikTok Ads,South America,58611,20694,20694,15772.21,87676.64,Seniors,Home,Tablet,2025,H1_2025,256,1,1,1,10,False,0.353074,1.0,4.558932,5.558932,0.762163,269.099828,0.762163,4.236815,4.236815,71904.43,0.820109,0.353074,1.0,5,New Year,706.1473102318678,1495.9075941376193,1,2025-05-29 00:00:00,False
2025_0428,Campaign_2025_0428,2025-04-10,2025-12-16,Email,South America,44065,44065,21419,17423.07,27347.95,Seniors,Electronics,Mobile,2025,H1_2025,250,4,2,4,12,False,1.0,0.486077,0.56964,1.56964,0.395395,395.394758,0.81344,0.620627,1.276808,9924.880000000001,0.362911,0.486077,0.4860773856802451,8,Summer,1486.0773856802452,620.6274821286736,0,2025-08-13 00:00:00,False
2025_0429,Campaign_2025_0429,2025-01-07,2025-07-22,TikTok Ads,Asia,67854,5180,5180,26904.15,107318.76,Adults,Travel,Desktop,2025,H1_2025,196,1,1,1,7,False,0.07634,1.0,2.98893,3.98893,5.193851,396.500575,5.193851,20.717907,20.717907,80414.60999999999,0.749306,0.07634,1.0,4,New Year,152.68075574026588,1581.612874701565,1,2025-04-15 00:00:00,False
2025_0430,Campaign_2025_0430,2025-06-25,2025-08-14,Google Display Network,South America,41564,41564,41564,44274.32,101195.4,Youth,Services,Mobile,2025,H1_2025,50,6,2,6,8,False,1.0,1.0,1.285645,2.285645,1.065208,1065.208353,1.065208,2.434689,2.434689,56921.079999999994,0.562487,1.0,1.0,7,Summer,2000.0,2434.688672890001,0,2025-07-20 00:00:00,False
2025_0431,Campaign_2025_0431,2025-01-21,2025-11-27,Email,Africa,14495,14495,14495,7677.06,8602.34,Seniors,Clothing,Mobile,2025,H1_2025,310,1,1,1,11,False,1.0,1.0,0.120525,1.120525,0.529635,529.635047,0.529635,0.593469,0.593469,925.2799999999997,0.107561,1.0,1.0,6,New Year,2000.0,593.4694722318042,0,2025-06-25 00:00:00,False
2025_0432,Campaign_2025_0432,2025-03-05,2025-11-10,Google Ads,North America,55908,55908,5410,8391.23,124140.28,Seniors,Travel,Tablet,2025,H1_2025,250,3,1,3,11,False,1.0,0.096766,13.79405,14.79405,0.15009,150.089969,1.551059,2.220439,22.946447,115749.05,0.932405,0.096766,0.09676611576160836,7,New Year,1096.7661157616083,2220.438577663304,1,2025-07-08 00:00:00,False
2025_0433,Campaign_2025_0433,2025-06-14,2025-10-12,Google Ads,Asia,42816,25230,25230,37564.38,143791.45,Youth,Home,Mobile,2025,H1_2025,120,6,2,6,10,False,0.589266,1.0,2.827867,3.827867,1.488878,877.344451,1.488878,5.699225,5.699225,106227.07,0.738758,0.589266,1.0,8,Summer,1178.5313901345291,3358.3578568759344,1,2025-08-13 00:00:00,False
2025_0434,Campaign_2025_0434,2025-01-09,2025-12-18,Google Ads,South America,68009,66893,21883,38112.22,90624.98,Youth,Travel,Tablet,2025,H1_2025,343,1,1,1,12,False,0.98359,0.327134,1.377846,2.377846,0.569749,560.399653,1.741636,1.354775,4.141342,52512.759999999995,0.579451,0.321766,0.32713437878402823,6,New Year,1305.3566439735916,1332.5439280095281,0,2025-06-29 12:00:00,False
2025_0435,Campaign_2025_0435,2025-06-06,2025-11-16,TikTok Ads,Africa,2158,2158,2158,30609.04,37780.33,Youth,Services,Tablet,2025,H1_2025,163,6,2,6,11,False,1.0,1.0,0.234287,1.234287,14.183985,14183.985171,14.183985,17.507104,17.507104,7171.290000000001,0.189815,1.0,1.0,8,Summer,2000.0,17507.103799814646,0,2025-08-26 12:00:00,False
2025_0436,Campaign_2025_0436,2025-06-20,2025-12-06,Facebook Ads,Asia,27228,27228,27228,18647.83,31578.12,Adults,Clothing,Mobile,2025,H1_2025,169,6,2,6,12,False,1.0,1.0,0.693394,1.693394,0.684877,684.876965,0.684877,1.159766,1.159766,12930.289999999997,0.40947,1.0,1.0,9,Summer,2000.0,1159.7664169237548,0,2025-09-12 12:00:00,False
2025_0437,Campaign_2025_0437,2025-02-08,2025-07-14,Google Ads,North America,19307,19307,19307,19880.69,123969.6,Adults,Electronics,Desktop,2025,H1_2025,156,2,1,2,7,False,1.0,1.0,5.235679,6.235679,1.029714,1029.714093,1.029714,6.420966,6.420966,104088.91,0.839633,1.0,1.0,4,New Year,2000.0000000000002,6420.966488838246,1,2025-04-27 00:00:00,False
2025_0438,Campaign_2025_0438,2025-04-18,2025-08-19,TikTok Ads,North America,53077,22312,7261,37453.24,114650.73,Seniors,Electronics,Mobile,2025,H1_2025,123,4,2,4,8,False,0.42037,0.32543,2.06117,3.06117,1.678614,705.639731,5.158138,5.138523,15.789937,77197.48999999999,0.673328,0.136801,0.32543026174256007,6,Summer,557.171656272962,2160.083086836106,1,2025-06-18 12:00:00,False
2025_0439,Campaign_2025_0439,2025-01-29,2025-12-28,Email,North America,10885,10885,10885,22811.34,74270.21,Seniors,Services,Mobile,2025,H1_2025,333,1,1,1,12,False,1.0,1.0,2.255846,3.255846,2.095667,2095.667432,2.095667,6.82317,6.82317,51458.87000000001,0.69286,1.0,1.0,7,New Year,2000.0,6823.170418006432,1,2025-07-14 12:00:00,False
2025_0440,Campaign_2025_0440,2025-04-16,2025-12-05,Facebook Ads,South America,64185,26943,26943,5133.79,84591.32,Adults,Travel,Mobile,2025,H1_2025,233,4,2,4,12,False,0.419771,1.0,15.477363,16.477363,0.190543,79.984264,0.190543,3.13964,3.13964,79457.53000000001,0.939311,0.419771,1.0,8,Summer,839.5419490535171,1317.929734361611,1,2025-08-10 12:00:00,False
2025_0441,Campaign_2025_0441,2025-02-19,2025-11-30,Google Display Network,Asia,32699,32699,18189,13833.28,141365.82,Adults,Electronics,Mobile,2025,H1_2025,284,2,1,2,11,False,1.0,0.556256,9.219255,10.219255,0.423049,423.049023,0.76053,4.323246,7.77205,127532.54000000001,0.902146,0.556256,0.5562555429829659,7,New Year,1556.2555429829658,4323.245970824796,1,2025-07-11 00:00:00,False
2025_0442,Campaign_2025_0442,2025-01-30,2025-12-07,Google Display Network,North America,41749,29578,4457,10335.44,129159.37,Youth,Travel,Tablet,2025,H1_2025,311,1,1,1,12,False,0.708472,0.150686,11.496746,12.496746,0.34943,247.561379,2.318923,4.366738,28.978993,118823.93,0.919979,0.106757,0.15068632091419298,7,New Year,815.2291072840068,3093.7117056695965,1,2025-07-04 12:00:00,False
2025_0443,Campaign_2025_0443,2025-01-01,2025-12-31,Email,Asia,68606,59136,59136,17585.38,83670.71,Adults,Travel,Mobile,2025,H1_2025,364,1,1,1,12,False,0.861965,1.0,3.75797,4.75797,0.297372,256.324228,0.297372,1.414886,1.414886,66085.33,0.789826,0.861965,1.0,7,New Year,1723.9308515290209,1219.582981080372,1,2025-07-02 00:00:00,False
2025_0444,Campaign_2025_0444,2025-06-21,2025-11-03,Facebook Ads,Asia,29389,29389,29389,5564.74,74727.56,Seniors,Clothing,Desktop,2025,H1_2025,135,6,2,6,11,False,1.0,1.0,12.42876,13.42876,0.189348,189.347715,0.189348,2.542705,2.542705,69162.81999999999,0.925533,1.0,1.0,8,Summer,2000.0,2542.7050937425565,1,2025-08-27 12:00:00,False
2025_0445,Campaign_2025_0445,2025-03-27,2025-10-23,Email,Asia,8822,8822,8822,48437.7,121085.85,Seniors,Home,Tablet,2025,H1_2025,210,3,1,3,10,False,1.0,1.0,1.499827,2.499827,5.490558,5490.557697,5.490558,13.725442,13.725442,72648.15000000001,0.599972,1.0,1.0,7,New Year,2000.0000000000002,13725.442076626618,0,2025-07-10 00:00:00,False
2025_0446,Campaign_2025_0446,2025-02-06,2025-08-16,Google Ads,North America,77530,75568,58167,41916.22,62874.26,Seniors,Electronics,Mobile,2025,H1_2025,191,2,1,2,8,False,0.974694,0.769731,0.499998,1.499998,0.554682,540.64517,0.720619,0.832022,1.080927,20958.04,0.333333,0.750252,0.7697305737878467,5,New Year,1724.9451825099961,810.9668515413389,0,2025-05-12 12:00:00,False
2025_0447,Campaign_2025_0447,2025-02-23,2025-10-25,Email,North America,11550,11550,11550,22930.0,87509.21,Seniors,Services,Mobile,2025,H1_2025,244,2,1,2,10,False,1.0,1.0,2.816363,3.816363,1.985281,1985.281385,1.985281,7.576555,7.576555,64579.21000000001,0.73797,1.0,1.0,6,New Year,1999.9999999999998,7576.554978354979,1,2025-06-25 00:00:00,False
2025_0448,Campaign_2025_0448,2025-06-13,2025-09-26,Google Ads,Europe,24984,10498,10498,33165.34,98133.33,Seniors,Travel,Desktop,2025,H1_2025,105,6,2,6,9,False,0.420189,1.0,1.958912,2.958912,3.159206,1327.463176,3.159206,9.347812,9.347812,64967.990000000005,0.662038,0.420189,1.0,8,Summer,840.377841818764,3927.84702209414,1,2025-08-04 12:00:00,False
2025_0449,Campaign_2025_0449,2025-01-12,2025-12-01,Email,South America,20485,20485,20485,5672.49,141550.38,Adults,Home,Mobile,2025,H1_2025,323,1,1,1,12,False,1.0,1.0,23.953835,24.953835,0.276909,276.909446,0.276909,6.909953,6.909953,135877.89,0.959926,1.0,1.0,6,New Year,2000.0,6909.952648279229,1,2025-06-22 12:00:00,False
2025_0450,Campaign_2025_0450,2025-02-04,2025-07-30,TikTok Ads,Europe,40444,24038,24038,19488.09,8127.41,Adults,Home,Tablet,2025,H1_2025,176,2,1,2,7,False,0.594353,1.0,-0.582955,0.417045,0.81072,481.853674,0.81072,0.338107,0.338107,-11360.68,-1.397823,0.594353,1.0,5,New Year,1188.7053703886854,200.95465334783898,0,2025-05-03 00:00:00,False
2025_0451,Campaign_2025_0451,2025-06-22,2025-10-31,Facebook Ads,Asia,59603,5179,2567,27432.57,29468.57,Seniors,Electronics,Desktop,2025,H1_2025,131,6,2,6,10,False,0.086892,0.495656,0.074218,1.074218,5.296885,460.254853,10.686626,5.690012,11.47977,2036.0,0.069091,0.043068,0.49565553195597606,8,Summer,129.9599013472476,494.41420733855676,0,2025-08-26 12:00:00,False
2025_0452,Campaign_2025_0452,2025-04-03,2025-10-26,Facebook Ads,Europe,35648,11322,11322,1811.11,77311.47,Seniors,Travel,Mobile,2025,H1_2025,206,4,2,4,10,False,0.317605,1.0,41.687341,42.687341,0.159964,50.805375,0.159964,6.828429,6.828429,75500.36,0.976574,0.317605,1.0,7,Summer,635.2109515260322,2168.746353231598,1,2025-07-15 00:00:00,False
2025_0453,Campaign_2025_0453,2025-06-19,2025-09-20,Google Display Network,Europe,40953,28148,21195,43925.08,131964.93,Adults,Clothing,Desktop,2025,H1_2025,93,6,2,6,9,False,0.687324,0.752984,2.004318,3.004318,1.560504,1072.572949,2.072427,4.688252,6.226229,88039.84999999999,0.667146,0.517545,0.7529842262327696,8,Summer,1204.868996166337,3222.3507435352717,1,2025-08-04 12:00:00,False
2025_0454,Campaign_2025_0454,2025-04-07,2025-10-24,Facebook Ads,Asia,38752,38752,38752,15799.05,5128.37,Adults,Services,Tablet,2025,H1_2025,200,4,2,4,10,False,1.0,1.0,-0.6754,0.3246,0.407696,407.696377,0.407696,0.132338,0.132338,-10670.68,-2.080716,1.0,1.0,7,Summer,1999.9999999999998,132.3382018992568,0,2025-07-16 00:00:00,False
2025_0455,Campaign_2025_0455,2025-06-08,2025-07-11,TikTok Ads,Africa,84309,55733,55733,21344.54,37708.98,Seniors,Electronics,Mobile,2025,H1_2025,33,6,2,6,7,False,0.661056,1.0,0.76668,1.76668,0.382978,253.170361,0.382978,0.676601,0.676601,16364.440000000002,0.433967,0.661056,1.0,6,Summer,1322.1127044562265,447.271109845924,0,2025-06-24 12:00:00,False
2025_0456,Campaign_2025_0456,2025-01-26,2025-12-24,Facebook Ads,Africa,35406,35406,32178,24161.9,135941.58,Youth,Travel,Tablet,2025,H1_2025,332,1,1,1,12,False,1.0,0.908829,4.626279,5.626279,0.682424,682.423883,0.750883,3.839507,4.224675,111779.68,0.822263,0.908829,0.908829012031859,7,New Year,1908.829012031859,3839.5068632435177,1,2025-07-11 00:00:00,False
2025_0457,Campaign_2025_0457,2025-03-23,2025-09-12,Email,North America,98551,44574,44574,6510.14,138869.59,Adults,Travel,Mobile,2025,H1_2025,173,3,1,3,9,False,0.452294,1.0,20.331276,21.331276,0.146052,66.058589,0.146052,3.115484,3.115484,132359.44999999998,0.95312,0.452294,1.0,6,New Year,904.5874724761799,1409.1139612992258,1,2025-06-17 12:00:00,False
2025_0458,Campaign_2025_0458,2025-05-19,2025-08-26,Facebook Ads,North America,83547,68644,25335,35253.04,94292.06,Seniors,Electronics,Mobile,2025,H1_2025,99,5,2,5,8,False,0.821621,0.369078,1.674721,2.674721,0.513563,421.954588,1.391476,1.373639,3.72181,59039.02,0.626129,0.303242,0.3690781422993998,7,Summer,1124.863849090931,1128.6109614947275,1,2025-07-07 12:00:00,False
2025_0459,Campaign_2025_0459,2025-06-11,2025-12-22,Google Display Network,Africa,86660,49420,18726,18788.58,19947.84,Adults,Electronics,Tablet,2025,H1_2025,194,6,2,6,12,False,0.570275,0.378915,0.0617,1.0617,0.380182,216.807985,1.003342,0.403639,1.065248,1159.2599999999984,0.058115,0.216086,0.3789154188587616,9,Summer,786.3604892684053,230.18509116085855,0,2025-09-16 00:00:00,False
2025_0460,Campaign_2025_0460,2025-06-28,2025-07-14,Google Display Network,Africa,18190,18190,17099,45603.51,137738.8,Youth,Travel,Tablet,2025,H1_2025,16,6,2,6,7,False,1.0,0.940022,2.020355,3.020355,2.507065,2507.064871,2.667028,7.572226,8.055372,92135.28999999998,0.668913,0.940022,0.940021990104453,7,Summer,1940.021990104453,7572.226498075865,1,2025-07-06 00:00:00,False
2025_0461,Campaign_2025_0461,2025-05-12,2025-10-31,Google Ads,Asia,79563,73836,53325,39774.56,97832.49,Adults,Travel,Desktop,2025,H1_2025,172,5,2,5,10,False,0.928019,0.722209,1.459675,2.459675,0.538688,499.912774,0.74589,1.324997,1.834646,58057.93000000001,0.593442,0.670224,0.7222086786933203,8,Summer,1598.242901851363,1229.6229403114514,0,2025-08-06 00:00:00,False
2025_0462,Campaign_2025_0462,2025-03-31,2025-08-02,TikTok Ads,North America,59495,2542,2542,47386.28,87166.06,Seniors,Clothing,Tablet,2025,H1_2025,124,3,1,3,8,False,0.042726,1.0,0.839479,1.839479,18.641338,796.474998,18.641338,34.290346,34.290346,39779.78,0.456368,0.042726,1.0,6,New Year,85.45255903857468,1465.0989158752836,0,2025-06-01 00:00:00,False
2025_0463,Campaign_2025_0463,2025-03-03,2025-08-09,Google Display Network,North America,96556,25160,17814,49592.56,136056.58,Adults,Home,Mobile,2025,H1_2025,159,3,1,3,8,False,0.260574,0.708029,1.743488,2.743488,1.971087,513.614483,2.783909,5.407654,7.637621,86464.01999999999,0.6355,0.184494,0.7080286168521462,5,New Year,445.0681469820622,1409.0950329342556,1,2025-05-21 12:00:00,False
2025_0464,Campaign_2025_0464,2025-02-09,2025-09-24,Email,South America,84499,49955,25592,17566.46,34261.25,Adults,Clothing,Desktop,2025,H1_2025,227,2,1,2,9,False,0.59119,0.512301,0.950379,1.950379,0.351646,207.889561,0.686404,0.685842,1.338748,16694.79,0.487279,0.302867,0.5123010709638675,6,New Year,894.0579178451817,405.46337826483153,0,2025-06-02 12:00:00,False
2025_0465,Campaign_2025_0465,2025-01-24,2025-09-14,Facebook Ads,South America,41624,41624,41624,2905.85,125342.92,Seniors,Services,Mobile,2025,H1_2025,233,1,1,1,9,False,1.0,1.0,42.134683,43.134683,0.069812,69.811887,0.069812,3.011314,3.011314,122437.06999999999,0.976817,1.0,1.0,5,New Year,2000.0,3011.3136651931577,1,2025-05-20 12:00:00,False
2025_0466,Campaign_2025_0466,2025-03-18,2025-11-08,TikTok Ads,South America,77005,60772,60772,39375.98,30638.96,Adults,Electronics,Tablet,2025,H1_2025,235,3,1,3,11,False,0.789196,1.0,-0.221887,0.778113,0.64793,511.34316,0.64793,0.504162,0.504162,-8737.020000000004,-0.28516,0.789196,1.0,7,New Year,1578.3910135705476,397.882734887345,0,2025-07-13 12:00:00,False
2025_0467,Campaign_2025_0467,2025-01-03,2025-09-13,Facebook Ads,North America,15617,15617,15617,18335.97,28724.65,Seniors,Travel,Mobile,2025,H1_2025,253,1,1,1,9,False,1.0,1.0,0.566574,1.566574,1.174103,1174.103221,1.174103,1.839319,1.839319,10388.68,0.361664,1.0,1.0,5,New Year,2000.0,1839.3193314977268,0,2025-05-09 12:00:00,False
2025_0468,Campaign_2025_0468,2025-03-19,2025-09-11,Google Ads,South America,32484,32484,32484,41768.45,1937.57,Adults,Clothing,Tablet,2025,H1_2025,176,3,1,3,9,False,1.0,1.0,-0.953612,0.046388,1.285816,1285.816094,1.285816,0.059647,0.059647,-39830.88,-20.557131,1.0,1.0,6,New Year,2000.0,59.64690309075237,0,2025-06-15 00:00:00,False
2025_0469,Campaign_2025_0469,2025-01-06,2025-09-09,TikTok Ads,Asia,61188,56361,56361,48943.38,31955.59,Seniors,Clothing,Tablet,2025,H1_2025,246,1,1,1,9,False,0.921112,1.0,-0.347091,0.652909,0.868391,799.885272,0.868391,0.566981,0.566981,-16987.789999999997,-0.531606,0.921112,1.0,5,New Year,1842.223965483428,522.2525658625874,0,2025-05-09 00:00:00,False
2025_0470,Campaign_2025_0470,2025-05-31,2025-11-15,Google Ads,Africa,72242,39745,39679,44760.85,112921.67,Seniors,Clothing,Mobile,2025,H1_2025,168,5,2,5,11,False,0.550165,0.998339,1.522778,2.522778,1.126201,619.595941,1.128074,2.841154,2.84588,68160.82,0.603612,0.549251,0.9983394137627375,8,Summer,1099.4158522743003,1563.102765704161,0,2025-08-23 00:00:00,False
2025_0471,Campaign_2025_0471,2025-04-25,2025-12-25,Google Display Network,Asia,84162,36074,26800,37504.96,64705.11,Adults,Travel,Tablet,2025,H1_2025,244,4,2,4,12,False,0.428626,0.742917,0.725241,1.725241,1.039667,445.628193,1.399439,1.793677,2.41437,27200.15,0.420371,0.318433,0.7429173365859068,8,Summer,747.0592428887146,768.8162115919298,0,2025-08-25 00:00:00,False
2025_0472,Campaign_2025_0472,2025-06-07,2025-09-01,Email,North America,91219,28394,28394,34364.87,50404.93,Seniors,Electronics,Desktop,2025,H1_2025,86,6,2,6,9,False,0.311273,1.0,0.466757,1.466757,1.210286,376.7293,1.210286,1.775197,1.775197,16040.059999999998,0.318224,0.311273,1.0,7,Summer,622.5457415669981,552.5705171071817,0,2025-07-20 00:00:00,False
2025_0473,Campaign_2025_0473,2025-06-15,2025-12-16,Email,South America,16198,16198,16198,43633.76,144687.39,Youth,Home,Desktop,2025,H1_2025,184,6,2,6,12,False,1.0,1.0,2.315951,3.315951,2.693775,2693.77454,2.693775,8.932423,8.932423,101053.63,0.698427,1.0,1.0,9,Summer,2000.0,8932.423138659095,1,2025-09-15 00:00:00,False
2025_0474,Campaign_2025_0474,2025-01-17,2025-08-02,Facebook Ads,South America,50776,50776,40442,19103.37,24268.65,Adults,Clothing,Mobile,2025,H1_2025,197,1,1,1,8,False,1.0,0.796479,0.270386,1.270386,0.376228,376.228336,0.472365,0.477955,0.600085,5165.2800000000025,0.212838,0.796479,0.7964786513313377,4,New Year,1796.4786513313375,477.955136284859,0,2025-04-25 12:00:00,False
2025_0475,Campaign_2025_0475,2025-01-23,2025-12-14,Google Display Network,South America,83439,44005,44005,16145.16,117973.9,Seniors,Home,Tablet,2025,H1_2025,325,1,1,1,12,False,0.527391,1.0,6.307075,7.307075,0.366894,193.496566,0.366894,2.68092,2.68092,101828.73999999999,0.863146,0.527391,1.0,7,New Year,1054.782535744676,1413.8939824302784,1,2025-07-04 12:00:00,False
2025_0476,Campaign_2025_0476,2025-04-29,2025-09-03,Email,North America,85469,27206,27206,19672.23,75789.63,Seniors,Travel,Desktop,2025,H1_2025,127,4,2,4,9,False,0.318314,1.0,2.85262,3.85262,0.723084,230.168014,0.723084,2.785769,2.785769,56117.40000000001,0.740436,0.318314,1.0,7,Summer,636.6284851817619,886.7499327241458,1,2025-07-01 12:00:00,False
2025_0477,Campaign_2025_0477,2025-02-28,2025-07-07,Google Ads,North America,73986,11202,11202,44787.09,65374.87,Adults,Travel,Desktop,2025,H1_2025,129,2,1,2,7,False,0.151407,1.0,0.459681,1.459681,3.998133,605.345471,3.998133,5.836,5.836,20587.780000000006,0.314919,0.151407,1.0,5,New Year,302.81404590057576,883.6113589057389,0,2025-05-03 12:00:00,False
2025_0478,Campaign_2025_0478,2025-04-10,2025-07-22,TikTok Ads,Africa,54238,34138,34138,16399.88,83116.96,Adults,Electronics,Mobile,2025,H1_2025,103,4,2,4,7,False,0.629411,1.0,4.068144,5.068144,0.4804,302.368819,0.4804,2.434734,2.434734,66717.08,0.802689,0.629411,1.0,5,Summer,1258.822227958258,1532.4488366090197,1,2025-05-31 12:00:00,False
2025_0479,Campaign_2025_0479,2025-06-21,2025-12-25,Email,Africa,28788,26760,26760,9502.14,22285.03,Adults,Home,Desktop,2025,H1_2025,187,6,2,6,12,False,0.929554,1.0,1.345264,2.345264,0.355087,330.072947,0.355087,0.832774,0.832774,12782.89,0.573609,0.929554,1.0,9,Summer,1859.1079616506877,774.1083090176462,0,2025-09-22 12:00:00,False
2025_0480,Campaign_2025_0480,2025-03-06,2025-10-05,TikTok Ads,North America,55511,11543,11543,29361.85,99956.49,Seniors,Home,Tablet,2025,H1_2025,213,3,1,3,10,False,0.207941,1.0,2.404298,3.404298,2.543693,528.937508,2.543693,8.65949,8.65949,70594.64000000001,0.706254,0.207941,1.0,6,New Year,415.8815369926681,1800.6609500819657,1,2025-06-20 12:00:00,False
2025_0481,Campaign_2025_0481,2025-04-27,2025-07-16,Email,Europe,15513,15513,6017,8851.34,28160.3,Seniors,Clothing,Desktop,2025,H1_2025,80,4,2,4,7,False,1.0,0.387868,2.181473,3.181473,0.570576,570.575646,1.471055,1.815271,4.680123,19308.96,0.68568,0.387868,0.3878682395410301,6,Summer,1387.86823954103,1815.2710629794365,1,2025-06-06 00:00:00,False
2025_0482,Campaign_2025_0482,2025-02-21,2025-12-08,Google Ads,North America,96284,82332,26463,36783.91,138358.14,Adults,Services,Tablet,2025,H1_2025,290,2,1,2,12,False,0.855095,0.321418,2.761377,3.761377,0.446775,382.035541,1.390013,1.68049,5.228362,101574.23000000001,0.73414,0.274843,0.3214181606179857,7,New Year,1129.9385152257903,1436.979560466952,1,2025-07-16 00:00:00,False
2025_0483,Campaign_2025_0483,2025-06-11,2025-10-11,TikTok Ads,South America,64756,63291,63291,44753.53,70742.64,Seniors,Travel,Tablet,2025,H1_2025,122,6,2,6,10,False,0.977377,1.0,0.580716,1.580716,0.707107,691.110167,0.707107,1.117736,1.117736,25989.11,0.367375,0.977377,1.0,8,Summer,1954.7532275001545,1092.4491938970907,0,2025-08-11 00:00:00,False
2025_0484,Campaign_2025_0484,2025-05-14,2025-11-12,Email,Asia,46250,46250,46250,40625.43,12225.27,Youth,Services,Desktop,2025,H1_2025,182,5,2,5,11,False,1.0,1.0,-0.699073,0.300927,0.878388,878.387676,0.878388,0.26433,0.26433,-28400.16,-2.32307,1.0,1.0,8,Summer,2000.0,264.3301621621622,0,2025-08-13 00:00:00,False
2025_0485,Campaign_2025_0485,2025-06-21,2025-08-01,Google Display Network,South America,99813,50655,8130,8472.74,3420.61,Seniors,Travel,Desktop,2025,H1_2025,41,6,2,6,8,False,0.507499,0.160497,-0.596281,0.403719,0.167264,84.886137,1.042157,0.067528,0.420739,-5052.129999999999,-1.476968,0.081452,0.160497482973053,7,Summer,588.9513390039374,34.27018524641079,0,2025-07-11 12:00:00,False
2025_0486,Campaign_2025_0486,2025-01-26,2025-07-28,Facebook Ads,North America,30909,30909,11300,8804.71,61087.38,Adults,Home,Desktop,2025,H1_2025,183,1,1,1,7,False,1.0,0.365589,5.938034,6.938034,0.284859,284.859103,0.779178,1.976362,5.405963,52282.67,0.855867,0.365589,0.3655893105567958,4,New Year,1365.589310556796,1976.3622245947781,1,2025-04-27 12:00:00,False
2025_0487,Campaign_2025_0487,2025-03-08,2025-10-29,Google Display Network,Europe,29866,7122,7122,19508.18,127152.19,Adults,Services,Tablet,2025,H1_2025,235,3,1,3,10,False,0.238465,1.0,5.517891,6.517891,2.739143,653.19025,2.739143,17.853439,17.853439,107644.01000000001,0.846576,0.238465,1.0,7,New Year,476.9302886225139,4257.42282193799,1,2025-07-03 12:00:00,False
2025_0488,Campaign_2025_0488,2025-04-22,2025-09-23,Facebook Ads,Africa,18054,2843,2843,45226.44,78183.52,Youth,Travel,Tablet,2025,H1_2025,154,4,2,4,9,False,0.157472,1.0,0.728713,1.728713,15.907999,2505.064806,15.907999,27.500359,27.500359,32957.08,0.421535,0.157472,1.0,7,Summer,314.9440567187327,4330.537277057716,0,2025-07-08 00:00:00,False
2025_0489,Campaign_2025_0489,2025-01-05,2025-07-19,TikTok Ads,Europe,77298,44116,17983,9520.98,146761.58,Youth,Home,Desktop,2025,H1_2025,195,1,1,1,7,False,0.570726,0.40763,14.414546,15.414546,0.215817,123.172398,0.529443,3.32672,8.161129,137240.59999999998,0.935126,0.232645,0.40762988484903434,4,New Year,803.371367952599,1898.6465367797355,1,2025-04-12 12:00:00,False
2025_0490,Campaign_2025_0490,2025-04-27,2025-12-01,Email,Europe,39275,39275,39275,5001.99,4019.53,Adults,Home,Tablet,2025,H1_2025,218,4,2,4,12,False,1.0,1.0,-0.196414,0.803586,0.127358,127.358116,0.127358,0.102343,0.102343,-982.4599999999996,-0.244422,1.0,1.0,8,Summer,2000.0,102.34322087842139,0,2025-08-14 00:00:00,False
2025_0491,Campaign_2025_0491,2025-05-07,2025-12-14,Facebook Ads,Europe,2042,2042,2042,27413.71,136860.58,Youth,Services,Mobile,2025,H1_2025,221,5,2,5,12,False,1.0,1.0,3.992414,4.992414,13.424931,13424.93144,13.424931,67.022811,67.022811,109446.87,0.799696,1.0,1.0,8,Summer,2000.0000000000002,67022.8109696376,1,2025-08-25 12:00:00,False
2025_0492,Campaign_2025_0492,2025-02-01,2025-09-05,Google Display Network,South America,64891,2154,2154,18894.23,15786.35,Adults,Travel,Tablet,2025,H1_2025,216,2,1,2,9,False,0.033194,1.0,-0.164488,0.835512,8.771695,291.168729,8.771695,7.328853,7.328853,-3107.879999999999,-0.196871,0.033194,1.0,5,New Year,66.38825106717418,243.27487633107825,0,2025-05-20 00:00:00,False
2025_0493,Campaign_2025_0493,2025-02-01,2025-09-22,Email,North America,20472,20472,20472,29568.15,9477.67,Seniors,Home,Desktop,2025,H1_2025,233,2,1,2,9,False,1.0,1.0,-0.679464,0.320536,1.444322,1444.321512,1.444322,0.462958,0.462958,-20090.480000000003,-2.11977,1.0,1.0,5,New Year,1999.9999999999998,462.9576983196561,0,2025-05-28 12:00:00,False
2025_0494,Campaign_2025_0494,2025-06-17,2025-08-06,Google Ads,North America,52521,40861,12176,28573.57,85155.19,Adults,Travel,Desktop,2025,H1_2025,50,6,2,6,8,False,0.777994,0.297986,1.980208,2.980208,0.699287,544.04086,2.346712,2.084021,6.993692,56581.62,0.664453,0.231831,0.29798585448226916,7,Summer,1009.8246415719426,1621.3550770168124,1,2025-07-12 00:00:00,False
2025_0495,Campaign_2025_0495,2025-02-03,2025-10-28,Google Display Network,North America,2630,2630,2630,41276.47,24709.99,Seniors,Travel,Tablet,2025,H1_2025,267,2,1,2,10,False,1.0,1.0,-0.401354,0.598646,15.694475,15694.475285,15.694475,9.395433,9.395433,-16566.48,-0.670437,1.0,1.0,6,New Year,2000.0,9395.433460076047,0,2025-06-16 12:00:00,False
2025_0496,Campaign_2025_0496,2025-05-20,2025-12-20,Email,North America,83026,8493,8493,29145.05,34132.73,Seniors,Travel,Mobile,2025,H1_2025,214,5,2,5,12,False,0.102293,1.0,0.171133,1.171133,3.431655,351.035218,3.431655,4.018925,4.018925,4987.680000000004,0.146126,0.102293,1.0,9,Summer,204.5865150675692,411.10892973285485,0,2025-09-04 00:00:00,False
2025_0497,Campaign_2025_0497,2025-06-23,2025-08-26,Google Display Network,South America,12234,12234,4651,32650.42,67049.13,Seniors,Electronics,Mobile,2025,H1_2025,64,6,2,6,8,False,1.0,0.38017,1.053546,2.053546,2.668826,2668.826222,7.020086,5.480557,14.416068,34398.71000000001,0.513037,0.38017,0.38017001798267125,7,Summer,1380.1700179826712,5480.556645414419,0,2025-07-25 00:00:00,False
2025_0498,Campaign_2025_0498,2025-05-02,2025-07-19,Google Display Network,South America,41981,41981,41981,45470.59,74439.37,Adults,Services,Mobile,2025,H1_2025,78,5,2,5,7,False,1.0,1.0,0.637088,1.637088,1.083123,1083.123079,1.083123,1.773168,1.773168,28968.78,0.389159,1.0,1.0,6,Summer,2000.0,1773.168099854696,0,2025-06-10 00:00:00,False
2025_0499,Campaign_2025_0499,2025-06-25,2025-10-13,Google Display Network,Europe,36670,36670,36670,23816.56,60359.37,Seniors,Clothing,Tablet,2025,H1_2025,110,6,2,6,10,False,1.0,1.0,1.534345,2.534345,0.649484,649.483501,0.649484,1.646015,1.646015,36542.81,0.605421,1.0,1.0,8,Summer,2000.0,1646.0149986364877,0,2025-08-19 00:00:00,False
2025_0500,Campaign_2025_0500,2025-02-20,2025-09-21,Google Display Network,North America,97262,80896,20752,43732.86,115423.95,Adults,Electronics,Tablet,2025,H1_2025,213,2,1,2,9,False,0.831733,0.256527,1.639296,2.639296,0.540606,449.639736,2.107405,1.426819,5.562064,71691.09,0.621111,0.213362,0.2565268987341772,6,New Year,1045.0946926857355,1186.7322284139746,1,2025-06-06 12:00:00,False
2024_JD_0003,Campaign_2024_JD_0003,2024-07-02,2024-10-12,Email,Asia,199027,25323,2686,9909.42,16071.4,Seniors,Automotive,Mobile,2024,H2_2024,102,7,3,7,10,False,0.127234,0.10607,0.621831,1.621831,0.391321,49.789325,3.689285,0.634656,5.983395,6161.98,0.383413,0.013496,0.10606958101330806,8,Back-to-school,140.72964974601436,80.74984801057143,0,2024-08-22 00:00:00,False
2024_JD_0335,Campaign_2024_JD_0335,2024-11-09,2024-12-31,TikTok Ads,Africa,199018,23717,2092,40203.48,73822.04,Seniors,Electronics,Desktop,2024,H2_2024,52,11,4,11,12,True,0.11917,0.088207,0.83621,1.83621,1.695133,202.009265,19.217725,3.112621,35.287782,33618.55999999999,0.4554,0.010512,0.0882067715141038,12,Holiday Peak,129.68173733029172,370.9314735350571,0,2024-12-05 00:00:00,False
2024_JD_0642,Campaign_2024_JD_0642,2024-11-09,2024-12-31,TikTok Ads,Africa,199018,23717,2092,40203.48,73822.04,Seniors,Electronics,Desktop,2024,H2_2024,52,11,4,11,12,True,0.11917,0.088207,0.83621,1.83621,1.695133,202.009265,19.217725,3.112621,35.287782,33618.55999999999,0.4554,0.010512,0.0882067715141038,12,Holiday Peak,129.68173733029172,370.9314735350571,0,2024-12-05 00:00:00,False
2024_JD_0034,Campaign_2024_JD_0034,2024-08-06,2024-12-31,Email,North America,197506,9133,2147,14664.7,41219.88,Adults,Electronics,Mobile,2024,H2_2024,147,8,3,8,12,False,0.046242,0.235082,1.810823,2.810823,1.605683,74.24939,6.830321,4.51329,19.198826,26555.179999999997,0.644232,0.010871,0.23508157232015767,10,Back-to-school,57.11218899678997,208.7019128532804,1,2024-10-18 12:00:00,False
2024_JD_0022,Campaign_2024_JD_0022,2024-11-06,2024-12-31,TikTok Ads,Europe,197445,8750,1059,43175.8,57751.47,Adults,Home,Mobile,2024,H2_2024,55,11,4,11,12,True,0.044316,0.121029,0.337589,1.337589,4.934377,218.672542,40.770349,6.600168,54.533966,14575.669999999998,0.252386,0.005364,0.12102857142857143,12,Holiday Peak,49.67965762617438,292.4939603433868,0,2024-12-03 12:00:00,False
2024_JD_0282,Campaign_2024_JD_0282,2024-07-24,2024-09-22,Facebook Ads,North America,197018,7669,1317,17524.13,57526.58,Seniors,Health,Tablet,2024,H2_2024,60,7,3,7,9,False,0.038925,0.17173,2.282707,3.282707,2.285061,88.946847,13.306097,7.501184,43.680015,40002.45,0.695373,0.006685,0.1717303429391055,8,Back-to-school,45.61004578261885,291.98641748469686,1,2024-08-23 00:00:00,False
2024_JD_0064,Campaign_2024_JD_0064,2024-11-05,2024-12-31,Facebook Ads,South America,196962,2820,691,34181.25,94703.21,Youth,Health,Mobile,2024,H2_2024,56,11,4,11,12,True,0.014317,0.245035,1.770619,2.770619,12.121011,173.542358,49.466353,33.582699,137.052402,60521.96000000001,0.63907,0.003508,0.2450354609929078,12,Holiday Peak,17.825773499456748,480.81970126217243,1,2024-12-03 00:00:00,False
2024_JD_0550,Campaign_2024_JD_0550,2024-09-23,2024-12-31,Facebook Ads,South America,196758,5643,434,36448.94,44497.76,Youth,Health,Desktop,2024,H2_2024,99,9,3,9,12,False,0.02868,0.076909,0.220825,1.220825,6.459142,185.247563,83.983733,7.885479,102.529401,8048.82,0.180881,0.002206,0.07690944533049796,11,Back-to-school,30.88565649173096,226.15476880228505,0,2024-11-11 12:00:00,False
2024_JD_0344,Campaign_2024_JD_0344,2024-11-24,2024-12-31,Google Display Network,Asia,196675,13120,3521,4775.86,7011.6,Seniors,Home,Desktop,2024,H2_2024,37,11,4,11,12,True,0.066709,0.268369,0.468133,1.468133,0.364014,24.283005,1.356393,0.534421,1.991366,2235.7400000000007,0.318863,0.017903,0.2683689024390244,12,Holiday Peak,84.61166899707639,35.65069276725563,0,2024-12-12 12:00:00,False
2024_JD_0641,Campaign_2024_JD_0641,2024-11-24,2024-12-31,Google Display Network,Asia,196675,13120,3521,4775.86,7011.6,Seniors,Home,Desktop,2024,H2_2024,37,11,4,11,12,True,0.066709,0.268369,0.468133,1.468133,0.364014,24.283005,1.356393,0.534421,1.991366,2235.7400000000007,0.318863,0.017903,0.2683689024390244,12,Holiday Peak,84.61166899707639,35.65069276725563,0,2024-12-12 12:00:00,False
2024_JD_0259,Campaign_2024_JD_0259,2024-09-01,2024-11-27,Facebook Ads,Asia,196648,9814,1210,43666.92,130978.34,Youth,Clothing,Desktop,2024,H2_2024,87,9,3,9,11,False,0.049906,0.123293,1.999487,2.999487,4.449452,222.056263,36.088364,13.346071,108.246562,87311.42,0.66661,0.006153,0.1232932545343387,10,Back-to-school,56.059558195354136,666.0547780806314,1,2024-10-14 12:00:00,False
2024_JD_0264,Campaign_2024_JD_0264,2024-10-10,2024-11-04,Google Display Network,Europe,196305,27500,3264,25521.82,62463.03,Adults,Automotive,Mobile,2024,H2_2024,25,10,4,10,11,True,0.140088,0.118691,1.447436,2.447436,0.928066,130.011054,7.819185,2.271383,19.136958,36941.21,0.591409,0.016627,0.1186909090909091,10,Holiday Peak,156.71531545299405,318.1937800871093,0,2024-10-22 12:00:00,False
2024_JD_0555,Campaign_2024_JD_0555,2024-09-20,2024-11-11,Email,Europe,196102,6331,1250,46702.81,114505.21,Seniors,Home,Mobile,2024,H2_2024,52,9,3,9,11,False,0.032284,0.197441,1.451784,2.451784,7.376846,238.155705,37.362248,18.086433,91.604168,67802.40000000001,0.592134,0.006374,0.197441162533565,10,Back-to-school,38.65845325391888,583.9063854524686,0,2024-10-16 00:00:00,False
2024_JD_0507,Campaign_2024_JD_0507,2024-11-26,2024-12-31,Facebook Ads,Europe,196051,12481,2574,8046.9,19378.22,Seniors,Health,Mobile,2024,H2_2024,35,11,4,11,12,True,0.063662,0.206233,1.40816,2.40816,0.644732,41.044932,3.126224,1.552618,7.528446,11331.320000000002,0.584745,0.013129,0.20623347488182037,12,Holiday Peak,76.79124309490898,98.84275010073911,0,2024-12-13 12:00:00,False
2024_JD_0341,Campaign_2024_JD_0341,2024-08-23,2024-12-18,TikTok Ads,South America,195868,16495,2249,9177.37,14840.12,Adults,Health,Mobile,2024,H2_2024,117,8,3,8,12,False,0.084215,0.136344,0.617034,1.617034,0.556373,46.854872,4.080645,0.899674,6.598542,5662.75,0.381584,0.011482,0.136344346771749,10,Back-to-school,95.69710213000593,75.76592398962568,0,2024-10-20 12:00:00,False
2024_JD_0593,Campaign_2024_JD_0593,2024-08-31,2024-11-29,TikTok Ads,North America,195121,5467,1346,35926.11,75024.05,Adults,Electronics,Mobile,2024,H2_2024,90,8,3,8,11,False,0.028019,0.246204,1.088288,2.088288,6.571449,184.122211,26.691018,13.723075,55.738522,39097.94,0.521139,0.006898,0.2462044997256265,10,Back-to-school,34.916795219376695,384.5001306881371,0,2024-10-15 00:00:00,False
2024_JD_0590,Campaign_2024_JD_0590,2024-08-31,2024-10-23,Facebook Ads,Asia,194919,13526,3706,7875.9,21608.81,Youth,Clothing,Mobile,2024,H2_2024,53,8,3,8,10,False,0.069393,0.273991,1.743662,2.743662,0.582279,40.406015,2.125175,1.597576,5.830764,13732.910000000002,0.635524,0.019013,0.273990832470797,9,Back-to-school,88.40595324211596,110.86045998594288,1,2024-09-26 12:00:00,False
2024_JD_0267,Campaign_2024_JD_0267,2024-10-16,2024-12-31,Google Ads,South America,194420,26540,671,22112.24,72139.92,Youth,Home,Tablet,2024,H2_2024,76,10,4,10,12,True,0.136509,0.025283,2.262443,3.262443,0.833167,113.734389,32.954158,2.718158,107.511058,50027.67999999999,0.693481,0.003451,0.025282592313489075,11,Holiday Peak,139.9598806707129,371.05194938792306,1,2024-11-23 00:00:00,False
2024_JD_0467,Campaign_2024_JD_0467,2024-07-13,2024-11-05,Email,Africa,194344,21934,741,47587.86,133999.95,Adults,Electronics,Tablet,2024,H2_2024,115,7,3,7,11,False,0.112862,0.033783,1.815843,2.815843,2.169593,244.864055,64.221134,6.109235,180.83664,86412.09000000001,0.644867,0.003813,0.0337831676848728,9,Back-to-school,116.67455645659244,689.4987753673898,1,2024-09-08 12:00:00,False
2024_JD_0122,Campaign_2024_JD_0122,2024-09-06,2024-10-09,Google Display Network,North America,194139,18549,4812,12878.08,18855.11,Adults,Health,Mobile,2024,H2_2024,33,9,3,9,10,False,0.095545,0.259421,0.464124,1.464124,0.694274,66.334327,2.676243,1.016503,3.918352,5977.030000000001,0.316998,0.024786,0.2594209930454472,9,Back-to-school,120.33130901055429,97.12170146132411,0,2024-09-22 12:00:00,False
2024_JD_0280,Campaign_2024_JD_0280,2024-09-16,2024-12-16,TikTok Ads,Asia,193856,9359,1013,49401.49,74784.54,Adults,Automotive,Mobile,2024,H2_2024,91,9,3,9,12,False,0.048278,0.108238,0.513811,1.513811,5.278501,254.836012,48.767512,7.990655,73.824817,25383.049999999996,0.339416,0.005226,0.10823805962175446,10,Back-to-school,53.503631561571474,385.77366705183226,0,2024-10-31 12:00:00,False
2024_JD_0515,Campaign_2024_JD_0515,2024-08-30,2024-09-16,TikTok Ads,North America,193799,7747,418,36737.89,125781.15,Seniors,Electronics,Desktop,2024,H2_2024,17,8,3,8,9,False,0.039974,0.053956,2.423745,3.423745,4.742209,189.566974,87.889689,16.236111,300.911842,89043.26,0.707922,0.002157,0.05395637020782238,9,Back-to-school,42.13128034716381,649.0288907579502,1,2024-09-07 12:00:00,False
2024_JD_0184,Campaign_2024_JD_0184,2024-10-16,2024-12-08,Email,South America,192918,8569,1457,33421.1,96823.21,Adults,Electronics,Mobile,2024,H2_2024,53,10,4,10,12,True,0.044418,0.170032,1.897068,2.897068,3.900233,173.239926,22.938298,11.299243,66.453816,63402.11000000001,0.654823,0.007552,0.17003150892752947,11,Holiday Peak,51.97026716014058,501.88790055878667,1,2024-11-11 12:00:00,False
2024_JD_0042,Campaign_2024_JD_0042,2024-08-17,2024-12-31,Google Ads,North America,192907,6571,1280,32628.14,52444.99,Youth,Health,Tablet,2024,H2_2024,136,8,3,8,12,False,0.034063,0.194795,0.607355,1.607355,4.965476,169.139223,25.490734,7.98128,40.972648,19816.85,0.37786,0.006635,0.19479531273778725,10,Back-to-school,40.698367607188956,271.8667026079924,0,2024-10-24 00:00:00,False
2024_JD_0498,Campaign_2024_JD_0498,2024-10-02,2024-12-20,Google Display Network,Europe,192818,23470,6970,8972.29,22428.0,Youth,Clothing,Desktop,2024,H2_2024,79,10,4,10,12,True,0.121721,0.296975,1.499696,2.499696,0.382288,46.53243,1.287273,0.955603,3.217791,13455.71,0.599951,0.036148,0.2969748615253515,11,Holiday Peak,157.86907861299255,116.31694136439543,0,2024-11-10 12:00:00,False
2024_JD_0095,Campaign_2024_JD_0095,2024-09-21,2024-12-31,Email,South America,192469,24908,6246,13320.68,24401.93,Adults,Clothing,Desktop,2024,H2_2024,101,9,3,9,12,False,0.129413,0.250763,0.831883,1.831883,0.534795,69.209483,2.132674,0.979682,3.906809,11081.25,0.454114,0.032452,0.2507628071302393,11,Back-to-school,161.8650276148367,126.7836898409614,0,2024-11-10 12:00:00,False
2024_JD_0576,Campaign_2024_JD_0576,2024-10-06,2024-12-31,Google Ads,Europe,192125,3841,967,2084.93,7034.06,Youth,Automotive,Desktop,2024,H2_2024,86,10,4,10,12,True,0.019992,0.251757,2.373763,3.373763,0.542809,10.851945,2.156081,1.83131,7.274105,4949.130000000001,0.703595,0.005033,0.2517573548555064,11,Holiday Peak,25.02537410540013,36.6118932986337,1,2024-11-18 00:00:00,False
2024_JD_0290,Campaign_2024_JD_0290,2024-07-23,2024-11-06,Google Ads,South America,191994,17382,4898,49631.69,165377.86,Youth,Clothing,Mobile,2024,H2_2024,106,7,3,7,11,False,0.090534,0.281786,2.332102,3.332102,2.85535,258.506464,10.133052,9.514317,33.764365,115746.16999999998,0.699889,0.025511,0.2817857553791278,9,Back-to-school,116.04529308207549,861.3699386439159,1,2024-09-14 00:00:00,False
2024_JD_0475,Campaign_2024_JD_0475,2024-08-23,2024-12-31,Google Ads,Africa,191932,26285,2362,34714.18,60970.06,Seniors,Health,Desktop,2024,H2_2024,130,8,3,8,12,False,0.13695,0.089861,0.756345,1.756345,1.320684,180.867078,14.696943,2.319576,25.812896,26255.879999999997,0.430636,0.012306,0.08986113753091117,10,Back-to-school,149.25598649521706,317.6649021528458,0,2024-10-27 00:00:00,False
2024_JD_0412,Campaign_2024_JD_0412,2024-08-14,2024-11-26,Google Display Network,Europe,191470,2901,278,36348.28,115755.65,Seniors,Home,Desktop,2024,H2_2024,104,8,3,8,11,False,0.015151,0.095829,2.184625,3.184625,12.529569,189.83799,130.749209,39.901982,416.38723,79407.37,0.685991,0.001452,0.0958290244743192,10,Back-to-school,16.603123204679584,604.5628557998642,1,2024-10-05 00:00:00,False
2024_JD_0385,Campaign_2024_JD_0385,2024-11-25,2024-12-31,Facebook Ads,Europe,191368,23360,4063,14684.53,43267.84,Youth,Automotive,Mobile,2024,H2_2024,36,11,4,11,12,True,0.122068,0.17393,1.946491,2.946491,0.628619,76.734512,3.614209,1.852219,10.649235,28583.309999999998,0.660613,0.021231,0.17392979452054794,12,Holiday Peak,143.2998202416287,226.09757117177375,1,2024-12-13 00:00:00,False
2024_JD_0640,Campaign_2024_JD_0640,2024-11-25,2024-12-31,Facebook Ads,Europe,191368,23360,4063,14684.53,43267.84,Youth,Automotive,Mobile,2024,H2_2024,36,11,4,11,12,True,0.122068,0.17393,1.946491,2.946491,0.628619,76.734512,3.614209,1.852219,10.649235,28583.309999999998,0.660613,0.021231,0.17392979452054794,12,Holiday Peak,143.2998202416287,226.09757117177375,1,2024-12-13 00:00:00,False
2024_JD_0192,Campaign_2024_JD_0192,2024-08-21,2024-09-08,TikTok Ads,Asia,190914,26120,5690,30779.1,73229.13,Seniors,Electronics,Desktop,2024,H2_2024,18,8,3,8,9,False,0.136816,0.217841,1.379184,2.379184,1.178373,161.219711,5.409332,2.803565,12.869794,42450.030000000006,0.579688,0.029804,0.21784073506891272,8,Back-to-school,166.61952502173756,383.5712938810145,0,2024-08-30 00:00:00,False
2024_JD_0116,Campaign_2024_JD_0116,2024-10-09,2024-10-29,Facebook Ads,South America,190625,17585,1936,12973.3,30434.97,Seniors,Health,Tablet,2024,H2_2024,20,10,4,10,10,True,0.092249,0.110094,1.34597,2.34597,0.737748,68.056656,6.701085,1.730735,15.720542,17461.670000000002,0.573737,0.010156,0.11009382996872334,10,Holiday Peak,102.40524590163935,159.65885901639345,0,2024-10-19 00:00:00,False
2024_JD_0044,Campaign_2024_JD_0044,2024-08-15,2024-12-02,Google Ads,Europe,190312,27618,466,15979.15,26191.35,Youth,Electronics,Desktop,2024,H2_2024,109,8,3,8,12,False,0.14512,0.016873,0.639095,1.639095,0.578577,83.962914,34.290021,0.948343,56.204614,10212.199999999999,0.389907,0.002449,0.016873053805489174,10,Back-to-school,147.5682037916684,137.6232187145319,0,2024-10-08 12:00:00,False
2024_JD_0098,Campaign_2024_JD_0098,2024-08-26,2024-12-31,Email,Africa,189943,21097,3584,21606.25,64921.1,Seniors,Home,Desktop,2024,H2_2024,127,8,3,8,12,False,0.11107,0.169882,2.004737,3.004737,1.024139,113.751231,6.02853,3.077267,18.114146,43314.85,0.667192,0.018869,0.16988197374034222,10,Back-to-school,129.93898169450836,341.7925377613284,1,2024-10-28 12:00:00,False
2024_JD_0482,Campaign_2024_JD_0482,2024-11-12,2024-12-31,Facebook Ads,Asia,189626,22832,2435,45029.47,148664.43,Youth,Automotive,Desktop,2024,H2_2024,49,11,4,11,12,True,0.120405,0.106649,2.301492,3.301492,1.972209,237.464641,18.492595,6.511231,61.053154,103634.95999999999,0.697107,0.012841,0.10664856341976174,12,Holiday Peak,133.2464957337074,783.9875860905149,1,2024-12-06 12:00:00,False
2024_JD_0171,Campaign_2024_JD_0171,2024-07-29,2024-12-31,Email,North America,189074,23689,2294,18427.96,52589.82,Seniors,Home,Tablet,2024,H2_2024,155,7,3,7,12,False,0.12529,0.096838,1.853806,2.853806,0.777912,97.464273,8.033112,2.22001,22.924943,34161.86,0.649591,0.012133,0.09683819494280045,10,Back-to-school,137.42238488634078,278.14411288701774,1,2024-10-14 12:00:00,False
2024_JD_0225,Campaign_2024_JD_0225,2024-08-02,2024-11-26,TikTok Ads,North America,188720,19049,403,37708.92,57906.6,Adults,Health,Tablet,2024,H2_2024,116,8,3,8,11,False,0.100938,0.021156,0.535621,1.535621,1.979575,199.814116,93.570521,3.039876,143.688834,20197.68,0.348798,0.002135,0.021155966192451046,9,Back-to-school,103.07333615938957,306.8387028401865,0,2024-09-29 00:00:00,False
2024_JD_0226,Campaign_2024_JD_0226,2024-09-14,2024-12-31,TikTok Ads,Asia,188341,7674,667,24635.46,41481.29,Adults,Health,Desktop,2024,H2_2024,108,9,3,9,12,False,0.040745,0.086917,0.683804,1.683804,3.21025,130.802428,36.934723,5.405433,62.19084,16845.83,0.406107,0.003541,0.08691686213187386,11,Back-to-school,44.28669275410027,220.24567141514592,0,2024-11-07 00:00:00,False
2024_JD_0014,Campaign_2024_JD_0014,2024-07-05,2024-08-29,Google Ads,Europe,188323,24545,445,31541.61,61855.16,Youth,Automotive,Desktop,2024,H2_2024,55,7,3,7,8,False,0.130335,0.01813,0.961065,1.961065,1.285052,167.486765,70.880022,2.520072,139.00036,30313.550000000003,0.490073,0.002363,0.018129965369729068,8,Back-to-school,132.69754623705018,328.45249916367095,0,2024-08-01 12:00:00,False
2024_JD_0056,Campaign_2024_JD_0056,2024-10-25,2024-12-31,TikTok Ads,Europe,188062,3030,422,34736.5,46333.12,Adults,Electronics,Mobile,2024,H2_2024,67,10,4,10,12,True,0.016112,0.139274,0.333845,1.333845,11.464191,184.707703,82.313981,15.291459,109.794123,11596.620000000003,0.250288,0.002244,0.13927392739273928,11,Holiday Peak,18.35564866905595,246.37151577671193,0,2024-11-27 12:00:00,False
2024_JD_0583,Campaign_2024_JD_0583,2024-11-23,2024-12-31,TikTok Ads,Africa,187831,10263,2683,24483.74,43575.18,Adults,Automotive,Tablet,2024,H2_2024,38,11,4,11,12,True,0.05464,0.261425,0.77976,1.77976,2.385632,130.349836,9.125509,4.245852,16.241215,19091.44,0.438126,0.014284,0.26142453473643185,12,Holiday Peak,68.92366009870575,231.99141781708028,0,2024-12-12 00:00:00,False
2024_JD_0639,Campaign_2024_JD_0639,2024-11-23,2024-12-31,TikTok Ads,Africa,187831,10263,2683,24483.74,43575.18,Adults,Automotive,Tablet,2024,H2_2024,38,11,4,11,12,True,0.05464,0.261425,0.77976,1.77976,2.385632,130.349836,9.125509,4.245852,16.241215,19091.44,0.438126,0.014284,0.26142453473643185,12,Holiday Peak,68.92366009870575,231.99141781708028,0,2024-12-12 00:00:00,False
2024_JD_0204,Campaign_2024_JD_0204,2024-07-13,2024-11-11,Email,South America,187828,28170,5570,6185.87,17367.94,Seniors,Automotive,Mobile,2024,H2_2024,121,7,3,7,11,False,0.149978,0.197728,1.807679,2.807679,0.219591,32.933695,1.110569,0.61654,3.118122,11182.07,0.643834,0.029655,0.1977280795172169,9,Back-to-school,179.6324296696978,92.46725727793512,1,2024-09-11 12:00:00,False
2024_JD_0371,Campaign_2024_JD_0371,2024-07-08,2024-12-21,Email,Africa,187779,2352,319,29302.07,77930.01,Seniors,Automotive,Mobile,2024,H2_2024,166,7,3,7,12,False,0.012525,0.135629,1.659539,2.659539,12.458363,156.045511,91.856019,33.133508,244.294702,48627.939999999995,0.623995,0.001699,0.13562925170068027,9,Back-to-school,14.22416777168906,415.00918633073985,1,2024-09-29 00:00:00,False
2024_JD_0333,Campaign_2024_JD_0333,2024-07-19,2024-08-25,Google Ads,Asia,187684,7802,2233,32178.28,94944.57,Adults,Clothing,Mobile,2024,H2_2024,37,7,3,7,8,False,0.04157,0.286209,1.950579,2.950579,4.124363,171.449244,14.410336,12.16926,42.51884,62766.29000000001,0.661084,0.011898,0.2862086644450141,8,Back-to-school,53.46753053003985,505.8746083843056,1,2024-08-06 12:00:00,False
2024_JD_0442,Campaign_2024_JD_0442,2024-11-28,2024-12-31,Google Ads,Asia,187170,14862,2956,18751.14,59179.77,Adults,Health,Desktop,2024,H2_2024,33,11,4,11,12,True,0.079404,0.198897,2.156063,3.156063,1.261683,100.182401,6.343417,3.981952,20.02022,40428.63,0.683149,0.015793,0.19889651460099583,12,Holiday Peak,95.19687984185501,316.18192017951594,1,2024-12-14 12:00:00,False
2024_JD_0048,Campaign_2024_JD_0048,2024-07-26,2024-11-16,TikTok Ads,Europe,187065,12517,649,4998.11,6057.34,Youth,Electronics,Tablet,2024,H2_2024,113,7,3,7,11,False,0.066913,0.051849,0.211926,1.211926,0.399306,26.718574,7.701248,0.483929,9.333344,1059.2300000000005,0.174867,0.003469,0.0518494847008069,9,Back-to-school,70.38195279715607,32.380937107422554,0,2024-09-20 12:00:00,False
2024_JD_0215,Campaign_2024_JD_0215,2024-09-13,2024-12-31,Google Ads,North America,187047,15868,3313,33071.05,60470.31,Seniors,Clothing,Tablet,2024,H2_2024,109,9,3,9,12,False,0.084834,0.208785,0.828497,1.828497,2.084135,176.806097,9.982206,3.810834,18.252433,27399.259999999995,0.453103,0.017712,0.20878497605243257,11,Back-to-school,102.54641881452255,323.28938715937704,0,2024-11-06 12:00:00,False
2024_JD_0408,Campaign_2024_JD_0408,2024-10-15,2024-12-22,Email,North America,187024,7333,1645,14943.55,46054.16,Seniors,Automotive,Mobile,2024,H2_2024,68,10,4,10,12,True,0.039209,0.224328,2.081875,3.081875,2.037849,79.901777,9.084225,6.280398,27.99645,31110.610000000004,0.675522,0.008796,0.22432837856266194,11,Holiday Peak,48.00453417743177,246.2473265463256,1,2024-11-18 00:00:00,False
2024_JD_0194,Campaign_2024_JD_0194,2024-10-28,2024-11-17,Facebook Ads,Africa,187020,10115,827,44305.51,147707.05,Seniors,Electronics,Tablet,2024,H2_2024,20,10,4,10,11,True,0.054085,0.08176,2.33383,3.33383,4.380179,236.902524,53.573773,14.602773,178.605865,103401.53999999998,0.700045,0.004422,0.08175976272862086,11,Holiday Peak,58.50711153887284,789.7928029087797,1,2024-11-07 00:00:00,False
2024_JD_0078,Campaign_2024_JD_0078,2024-07-07,2024-12-09,TikTok Ads,North America,186415,8177,1497,41271.14,116564.44,Youth,Electronics,Tablet,2024,H2_2024,155,7,3,7,12,False,0.043864,0.183074,1.824357,2.824357,5.047223,221.393879,27.569232,14.25516,77.865357,75293.3,0.645937,0.00803,0.18307447719212425,9,Back-to-school,51.89496553388944,625.295389319529,1,2024-09-22 12:00:00,False
2024_JD_0355,Campaign_2024_JD_0355,2024-07-14,2024-11-25,TikTok Ads,North America,186129,3875,242,14138.81,22051.99,Seniors,Home,Desktop,2024,H2_2024,134,7,3,7,11,False,0.020819,0.062452,0.559678,1.559678,3.648725,75.962424,58.424835,5.690836,91.123926,7913.180000000002,0.358842,0.0013,0.0624516129032258,9,Back-to-school,22.119067958244013,118.47691654712594,0,2024-09-19 00:00:00,False
2024_JD_0585,Campaign_2024_JD_0585,2024-08-14,2024-11-15,Google Ads,South America,185755,24320,4559,28393.9,55046.49,Youth,Electronics,Desktop,2024,H2_2024,93,8,3,8,11,False,0.130925,0.187459,0.938673,1.938673,1.167512,152.85672,6.228098,2.263425,12.074247,26652.589999999997,0.484183,0.024543,0.18745888157894736,9,Back-to-school,155.4682242739092,296.33921025006055,0,2024-09-29 12:00:00,False
2024_JD_0186,Campaign_2024_JD_0186,2024-07-13,2024-12-15,Facebook Ads,North America,184615,15765,3967,4431.46,5414.43,Seniors,Health,Tablet,2024,H2_2024,155,7,3,7,12,False,0.085394,0.251633,0.221816,1.221816,0.281095,24.003792,1.117081,0.343446,1.364868,982.9700000000003,0.181546,0.021488,0.2516333650491595,9,Back-to-school,106.88188933726944,29.328223600465833,0,2024-09-28 12:00:00,False
2024_JD_0427,Campaign_2024_JD_0427,2024-09-03,2024-10-18,Email,North America,184587,7589,1975,48629.24,83910.7,Seniors,Electronics,Mobile,2024,H2_2024,45,9,3,9,10,False,0.041113,0.260245,0.725519,1.725519,6.407859,263.448889,24.6224,11.056885,42.48643,35281.46,0.420464,0.0107,0.2602450915799183,9,Back-to-school,51.81296624355995,454.5861842925016,0,2024-09-25 12:00:00,False
2024_JD_0036,Campaign_2024_JD_0036,2024-10-12,2024-12-31,Email,Asia,184426,4401,142,48709.53,90259.65,Youth,Automotive,Mobile,2024,H2_2024,80,10,4,10,12,True,0.023863,0.032265,0.853018,1.853018,11.067832,264.114225,343.024859,20.508896,635.631338,41550.119999999995,0.46034,0.00077,0.03226539422858441,11,Holiday Peak,24.633186210187286,489.40848904167524,0,2024-11-21 00:00:00,False
2024_JD_0301,Campaign_2024_JD_0301,2024-11-11,2024-12-20,TikTok Ads,Asia,184316,20756,3171,2264.78,3764.0,Youth,Electronics,Mobile,2024,H2_2024,39,11,4,11,12,True,0.112611,0.152775,0.661972,1.661972,0.109114,12.287485,0.714216,0.181345,1.187007,1499.2199999999998,0.398305,0.017204,0.1527751011755637,11,Holiday Peak,129.8151001540832,20.421450118275136,0,2024-11-30 12:00:00,False
2024_JD_0638,Campaign_2024_JD_0638,2024-11-11,2024-12-20,TikTok Ads,Asia,184316,20756,3171,2264.78,3764.0,Youth,Electronics,Mobile,2024,H2_2024,39,11,4,11,12,True,0.112611,0.152775,0.661972,1.661972,0.109114,12.287485,0.714216,0.181345,1.187007,1499.2199999999998,0.398305,0.017204,0.1527751011755637,11,Holiday Peak,129.8151001540832,20.421450118275136,0,2024-11-30 12:00:00,False
2024_JD_0560,Campaign_2024_JD_0560,2024-10-15,2024-12-05,TikTok Ads,South America,183267,9529,157,15326.77,34040.98,Youth,Clothing,Mobile,2024,H2_2024,51,10,4,10,12,True,0.051995,0.016476,1.221015,2.221015,1.608434,83.630823,97.622739,3.572356,216.821529,18714.210000000003,0.549755,0.000857,0.01647602056879001,11,Holiday Peak,52.85185003301194,185.74527874631005,0,2024-11-09 12:00:00,False
2024_JD_0269,Campaign_2024_JD_0269,2024-11-18,2024-12-21,Facebook Ads,Africa,182953,15474,1117,13582.05,27717.28,Youth,Electronics,Tablet,2024,H2_2024,33,11,4,11,12,True,0.084579,0.072186,1.040729,2.040729,0.877734,74.237919,12.1594,1.791216,24.814038,14135.23,0.509979,0.006105,0.072185601654388,12,Holiday Peak,90.6844927385722,151.49945614447427,0,2024-12-04 12:00:00,False
2024_JD_0169,Campaign_2024_JD_0169,2024-10-06,2024-11-01,Facebook Ads,North America,182900,24349,7207,9593.19,31687.72,Youth,Clothing,Mobile,2024,H2_2024,26,10,4,10,11,True,0.133127,0.295988,2.303147,3.303147,0.393987,52.450465,1.331093,1.301397,4.396798,22094.53,0.697258,0.039404,0.29598751488767505,10,Holiday Peak,172.5314379442318,173.2516129032258,1,2024-10-19 00:00:00,False
2024_JD_0402,Campaign_2024_JD_0402,2024-09-05,2024-12-14,TikTok Ads,Africa,182643,2019,181,24171.96,83703.45,Youth,Health,Mobile,2024,H2_2024,100,9,3,9,12,False,0.011054,0.089648,2.462833,3.462833,11.972244,132.345395,133.54674,41.457875,462.45,59531.49,0.711219,0.000991,0.08964834076275384,10,Back-to-school,12.04535624141084,458.2899426750546,1,2024-10-25 00:00:00,False
2024_JD_0232,Campaign_2024_JD_0232,2024-11-04,2024-11-25,Facebook Ads,Europe,182235,2029,409,41047.59,101156.25,Seniors,Automotive,Tablet,2024,H2_2024,21,11,4,11,11,True,0.011134,0.201577,1.464365,2.464365,20.230453,225.24537,100.360856,49.855224,247.325795,60108.66,0.594216,0.002244,0.2015771315919172,11,Holiday Peak,13.378330178066781,555.0868384229154,0,2024-11-14 12:00:00,False
2024_JD_0637,Campaign_2024_JD_0637,2024-11-04,2024-11-25,Facebook Ads,Europe,182235,2029,409,41047.59,101156.25,Seniors,Automotive,Tablet,2024,H2_2024,21,11,4,11,11,True,0.011134,0.201577,1.464365,2.464365,20.230453,225.24537,100.360856,49.855224,247.325795,60108.66,0.594216,0.002244,0.2015771315919172,11,Holiday Peak,13.378330178066781,555.0868384229154,0,2024-11-14 12:00:00,False
2024_JD_0544,Campaign_2024_JD_0544,2024-10-04,2024-12-05,Google Ads,South America,181872,6013,1142,30285.75,96672.72,Adults,Electronics,Tablet,2024,H2_2024,62,10,4,10,12,True,0.033062,0.189922,2.19202,3.19202,5.036712,166.522334,26.519921,16.077286,84.652119,66386.97,0.686719,0.006279,0.18992183602195242,11,Holiday Peak,39.340855106888355,531.5426233834785,1,2024-11-04 00:00:00,False
2024_JD_0483,Campaign_2024_JD_0483,2024-08-14,2024-10-26,TikTok Ads,Asia,181743,26587,4261,12183.53,21530.59,Seniors,Home,Mobile,2024,H2_2024,73,8,3,8,10,False,0.146289,0.160266,0.767188,1.767188,0.458251,67.037135,2.859312,0.809816,5.052943,9347.06,0.434129,0.023445,0.16026629555797947,9,Back-to-school,169.73418508553289,118.46723120010125,0,2024-09-19 12:00:00,False
2024_JD_0508,Campaign_2024_JD_0508,2024-09-09,2024-12-31,Email,South America,181679,9628,500,38392.31,118757.78,Seniors,Clothing,Mobile,2024,H2_2024,113,9,3,9,12,False,0.052995,0.051932,2.09327,3.09327,3.987569,211.31947,76.78462,12.334626,237.51556,80365.47,0.676718,0.002752,0.0519318653926049,11,Back-to-school,55.74667407900748,653.668172986421,1,2024-11-04 12:00:00,False
2024_JD_0096,Campaign_2024_JD_0096,2024-07-04,2024-11-08,Email,Africa,181615,11831,2199,18549.97,27104.89,Youth,Automotive,Tablet,2024,H2_2024,127,7,3,7,11,False,0.065143,0.185868,0.461182,1.461182,1.567912,102.138975,8.435639,2.291006,12.326007,8554.919999999998,0.315623,0.012108,0.18586763587186206,9,Back-to-school,77.25132835944167,149.24367480659637,0,2024-09-05 12:00:00,False
2024_JD_0461,Campaign_2024_JD_0461,2024-08-03,2024-11-07,Google Ads,Africa,181481,17812,5264,10262.94,30798.45,Adults,Clothing,Tablet,2024,H2_2024,96,8,3,8,11,False,0.098148,0.295531,2.000938,3.000938,0.576181,56.551044,1.949647,1.729084,5.850769,20535.510000000002,0.666771,0.029006,0.2955311026274422,9,Back-to-school,127.1538067345893,169.70619513888508,1,2024-09-20 00:00:00,False
2024_JD_0519,Campaign_2024_JD_0519,2024-07-16,2024-09-27,Google Ads,North America,181118,11825,3103,35756.72,56668.64,Adults,Home,Mobile,2024,H2_2024,73,7,3,7,9,False,0.065289,0.26241,0.584839,1.584839,3.023824,197.422233,11.523274,4.792274,18.262533,20911.92,0.369021,0.017132,0.26241014799154333,8,Back-to-school,82.42140483000033,312.8824302388498,0,2024-08-21 12:00:00,False
2024_JD_0462,Campaign_2024_JD_0462,2024-07-18,2024-11-05,Email,Africa,180829,24544,3659,29580.06,67265.84,Youth,Electronics,Tablet,2024,H2_2024,110,7,3,7,11,False,0.13573,0.149079,1.274026,2.274026,1.205185,163.580289,8.084192,2.740623,18.383668,37685.78,0.560251,0.020235,0.14907920469361147,9,Back-to-school,155.96502773338347,371.98590933976294,0,2024-09-11 00:00:00,False
2024_JD_0409,Campaign_2024_JD_0409,2024-07-21,2024-09-24,Google Ads,Europe,180674,18100,363,43836.9,102366.05,Youth,Automotive,Mobile,2024,H2_2024,65,7,3,7,9,False,0.10018,0.020055,1.335157,2.335157,2.421928,242.629819,120.76281,5.655583,282.000138,58529.15,0.571763,0.002009,0.020055248618784532,8,Back-to-school,102.18957902077776,566.5787551058813,0,2024-08-22 12:00:00,False
2024_JD_0143,Campaign_2024_JD_0143,2024-11-14,2024-12-31,Google Ads,Europe,180399,5171,829,23091.13,37095.72,Adults,Electronics,Tablet,2024,H2_2024,47,11,4,11,12,True,0.028664,0.160317,0.606492,1.606492,4.465506,128.000322,27.854198,7.1738,44.747551,14004.59,0.377526,0.004595,0.16031715335525043,12,Holiday Peak,33.259607869223224,205.6315168044169,0,2024-12-07 12:00:00,False
2024_JD_0636,Campaign_2024_JD_0636,2024-11-14,2024-12-31,Google Ads,Europe,180399,5171,829,23091.13,37095.72,Adults,Electronics,Tablet,2024,H2_2024,47,11,4,11,12,True,0.028664,0.160317,0.606492,1.606492,4.465506,128.000322,27.854198,7.1738,44.747551,14004.59,0.377526,0.004595,0.16031715335525043,12,Holiday Peak,33.259607869223224,205.6315168044169,0,2024-12-07 12:00:00,False
2024_JD_0513,Campaign_2024_JD_0513,2024-10-24,2024-11-30,TikTok Ads,Asia,179956,18763,5145,7265.47,21511.29,Adults,Home,Tablet,2024,H2_2024,37,10,4,10,11,True,0.104264,0.27421,1.960757,2.960757,0.387223,40.373591,1.412142,1.146474,4.181009,14245.82,0.662249,0.02859,0.27420988114906997,11,Holiday Peak,132.85469781502147,119.53638667229768,1,2024-11-11 12:00:00,False
2024_JD_0136,Campaign_2024_JD_0136,2024-07-10,2024-07-29,Google Display Network,North America,179944,15228,3005,27287.59,56520.5,Adults,Clothing,Desktop,2024,H2_2024,19,7,3,7,7,False,0.084626,0.197334,1.07129,2.07129,1.791935,151.644901,9.080729,3.711617,18.808819,29232.91,0.517209,0.0167,0.1973338586813764,7,Back-to-school,101.3259680789579,314.1004979326902,0,2024-07-19 12:00:00,False
2024_JD_0398,Campaign_2024_JD_0398,2024-07-20,2024-11-12,TikTok Ads,North America,179018,9641,2140,26736.75,34091.63,Seniors,Electronics,Mobile,2024,H2_2024,115,7,3,7,11,False,0.053855,0.221969,0.275085,1.275085,2.773234,149.3523,12.493808,3.536109,15.930668,7354.879999999997,0.215739,0.011954,0.2219686754486049,9,Back-to-school,65.80902479080316,190.4368834418885,0,2024-09-15 12:00:00,False
2024_JD_0195,Campaign_2024_JD_0195,2024-10-30,2024-12-31,Google Display Network,Africa,178946,9446,2560,38153.69,106862.66,Youth,Home,Desktop,2024,H2_2024,62,10,4,10,12,True,0.052787,0.271014,1.800847,2.800847,4.039137,213.213428,14.903785,11.313007,41.743227,68708.97,0.642965,0.014306,0.2710141858987931,11,Holiday Peak,67.09286600426944,597.1782548925374,1,2024-11-30 00:00:00,False
2024_JD_0323,Campaign_2024_JD_0323,2024-09-06,2024-12-07,Google Display Network,Europe,178672,14290,519,24434.51,79665.63,Youth,Health,Tablet,2024,H2_2024,92,9,3,9,12,False,0.079979,0.036319,2.260374,3.260374,1.709903,136.756235,47.079981,5.574922,153.498324,55231.12000000001,0.693287,0.002905,0.036319104268719385,10,Back-to-school,82.88371988895854,445.87641040565956,1,2024-10-22 00:00:00,False
2024_JD_0547,Campaign_2024_JD_0547,2024-10-21,2024-12-19,Email,Africa,178123,15099,966,27557.51,92626.26,Youth,Automotive,Mobile,2024,H2_2024,59,10,4,10,12,True,0.084767,0.063978,2.361198,3.361198,1.825122,154.710565,28.527443,6.134596,95.886398,65068.75,0.702487,0.005423,0.06397774687065369,11,Holiday Peak,90.19048634932042,520.0129124256833,1,2024-11-19 12:00:00,False
2024_JD_0368,Campaign_2024_JD_0368,2024-08-27,2024-10-08,Facebook Ads,Asia,176033,23120,4773,28073.17,39767.03,Adults,Automotive,Tablet,2024,H2_2024,42,8,3,8,10,False,0.131339,0.206445,0.416549,1.416549,1.214237,159.476746,5.881661,1.720027,8.331664,11693.86,0.294059,0.027114,0.2064446366782007,9,Back-to-school,158.45324456209917,225.90667658904866,0,2024-09-17 00:00:00,False
2024_JD_0260,Campaign_2024_JD_0260,2024-09-15,2024-12-31,Google Ads,Asia,175954,17499,3347,17024.62,46570.25,Youth,Health,Mobile,2024,H2_2024,107,9,3,9,12,False,0.099452,0.191268,1.735465,2.735465,0.972891,96.756084,5.086531,2.661309,13.914027,29545.63,0.634431,0.019022,0.1912680724612835,11,Back-to-school,118.47414665196585,264.67286904531863,1,2024-11-07 12:00:00,False
2024_JD_0138,Campaign_2024_JD_0138,2024-10-03,2024-12-31,Email,Asia,175738,11904,3482,36092.77,93038.77,Adults,Home,Tablet,2024,H2_2024,89,10,4,10,12,True,0.067737,0.292507,1.577768,2.577768,3.031987,205.37829,10.365528,7.815757,26.719922,56946.00000000001,0.612067,0.019814,0.2925067204301075,11,Holiday Peak,87.5507858289044,529.4174851198944,0,2024-11-16 12:00:00,False
2024_JD_0438,Campaign_2024_JD_0438,2024-10-26,2024-12-31,Facebook Ads,Asia,175047,21296,1352,30356.91,61107.24,Youth,Clothing,Desktop,2024,H2_2024,66,10,4,10,12,True,0.121659,0.063486,1.01296,2.01296,1.425475,173.421481,22.453336,2.869423,45.197663,30750.329999999998,0.503219,0.007724,0.06348610067618332,11,Holiday Peak,129.38239444263542,349.0904728444361,0,2024-11-28 00:00:00,False
2024_JD_0212,Campaign_2024_JD_0212,2024-08-19,2024-09-16,TikTok Ads,Africa,173639,18806,472,22851.96,61458.5,Youth,Automotive,Mobile,2024,H2_2024,28,8,3,8,9,False,0.108305,0.025098,1.689419,2.689419,1.215142,131.606148,48.415169,3.268026,130.208686,38606.54,0.628173,0.002718,0.025098372859725618,9,Back-to-school,111.02344519376406,353.9441024193873,1,2024-09-02 00:00:00,False
2024_JD_0336,Campaign_2024_JD_0336,2024-07-10,2024-12-20,Email,Europe,172807,8173,2359,31133.93,86618.75,Adults,Health,Desktop,2024,H2_2024,163,7,3,7,12,False,0.047296,0.288633,1.782134,2.782134,3.809364,180.165908,13.197936,10.598159,36.718419,55484.82,0.640564,0.013651,0.28863330478404503,9,Back-to-school,60.94660517224418,501.24560926351364,1,2024-09-29 12:00:00,False
2024_JD_0219,Campaign_2024_JD_0219,2024-08-29,2024-12-31,Facebook Ads,Africa,172516,5105,570,38775.17,121870.41,Adults,Home,Desktop,2024,H2_2024,124,8,3,8,12,False,0.029591,0.111655,2.143001,3.143001,7.595528,224.762747,68.026614,23.872754,213.807737,83095.24,0.681833,0.003304,0.11165523996082272,10,Back-to-school,32.89549954786803,706.4296065292496,1,2024-10-30 00:00:00,False
2024_JD_0421,Campaign_2024_JD_0421,2024-11-23,2024-12-31,Google Ads,Asia,172340,3843,1091,22874.56,76398.79,Seniors,Home,Desktop,2024,H2_2024,38,11,4,11,12,True,0.022299,0.283893,2.339902,3.339902,5.952266,132.729256,20.966599,19.879987,70.026389,53524.229999999996,0.70059,0.006331,0.2838927920895134,12,Holiday Peak,28.62945340605779,443.3027155622606,1,2024-12-12 00:00:00,False
2024_JD_0318,Campaign_2024_JD_0318,2024-09-25,2024-11-21,TikTok Ads,North America,172296,9510,502,6163.01,7899.83,Youth,Automotive,Mobile,2024,H2_2024,57,9,3,9,11,False,0.055196,0.052787,0.281814,1.281814,0.648056,35.769896,12.276912,0.830687,15.736713,1736.8199999999997,0.219855,0.002914,0.052786540483701364,10,Back-to-school,58.10930027394716,45.850338951571715,0,2024-10-23 12:00:00,False
2024_JD_0071,Campaign_2024_JD_0071,2024-08-06,2024-09-01,Email,North America,172280,21872,5862,37255.53,65120.55,Youth,Clothing,Mobile,2024,H2_2024,26,8,3,8,9,False,0.126956,0.268014,0.747943,1.747943,1.703344,216.249884,6.35543,2.977348,11.10893,27865.020000000004,0.427899,0.034026,0.26801389904901246,8,Back-to-school,160.98212212677038,377.99251218945903,0,2024-08-19 00:00:00,False
2024_JD_0446,Campaign_2024_JD_0446,2024-10-22,2024-11-27,TikTok Ads,Europe,172260,7567,757,43730.37,105504.77,Adults,Clothing,Desktop,2024,H2_2024,36,10,4,10,11,True,0.043928,0.10004,1.41262,2.41262,5.779089,253.862591,57.767992,13.942747,139.372219,61774.4,0.585513,0.004395,0.10003964583058016,11,Holiday Peak,48.32230349471729,612.473992801579,0,2024-11-09 00:00:00,False
2024_JD_0128,Campaign_2024_JD_0128,2024-07-01,2024-08-24,Google Display Network,North America,172231,12879,3771,42249.61,64281.79,Adults,Automotive,Tablet,2024,H2_2024,54,7,3,7,8,False,0.074777,0.292802,0.521477,1.521477,3.280504,245.307813,11.203821,4.99121,17.046351,22032.18,0.342744,0.021895,0.29280223619846263,7,Back-to-school,96.67249217620521,373.2300805313794,0,2024-07-28 00:00:00,False
2024_JD_0477,Campaign_2024_JD_0477,2024-10-19,2024-12-31,Google Display Network,Asia,172093,23083,4866,23740.66,81099.24,Adults,Automotive,Tablet,2024,H2_2024,73,10,4,10,12,True,0.134131,0.210804,2.416048,3.416048,1.028491,137.952502,4.878886,3.513375,16.66651,57358.58,0.707264,0.028275,0.21080448815145345,11,Holiday Peak,162.40637329815857,471.2524042232979,1,2024-11-24 12:00:00,False
2024_JD_0080,Campaign_2024_JD_0080,2024-08-14,2024-12-31,Facebook Ads,North America,171981,25522,3741,24601.68,50910.01,Youth,Automotive,Tablet,2024,H2_2024,139,8,3,8,12,False,0.1484,0.146579,1.069371,2.069371,0.96394,143.048825,6.576231,1.99475,13.608663,26308.33,0.516761,0.021752,0.1465794216754173,10,Back-to-school,170.15251684779133,296.0211302411313,0,2024-10-22 12:00:00,False
2024_JD_0413,Campaign_2024_JD_0413,2024-09-25,2024-12-31,Email,Europe,171892,24676,972,2987.38,9573.58,Youth,Home,Mobile,2024,H2_2024,97,9,3,9,12,False,0.143555,0.039391,2.204674,3.204674,0.121064,17.379401,3.073436,0.387971,9.849362,6586.2,0.687956,0.005655,0.03939050089155455,11,Back-to-school,149.20996905033394,55.69532031740861,1,2024-11-12 12:00:00,False
2024_JD_0322,Campaign_2024_JD_0322,2024-10-12,2024-12-31,TikTok Ads,North America,171216,21105,3204,1510.96,2700.77,Seniors,Clothing,Mobile,2024,H2_2024,80,10,4,10,12,True,0.123265,0.151812,0.787453,1.787453,0.071593,8.824876,0.471586,0.127968,0.842937,1189.81,0.440545,0.018713,0.15181236673773987,11,Holiday Peak,141.9785534062237,15.774051490514903,0,2024-11-21 00:00:00,False
2024_JD_0252,Campaign_2024_JD_0252,2024-07-12,2024-08-15,Facebook Ads,Europe,171129,2950,279,1242.06,4209.55,Seniors,Automotive,Tablet,2024,H2_2024,34,7,3,7,8,False,0.017238,0.094576,2.389168,3.389168,0.421037,7.258033,4.451828,1.426966,15.087993,2967.4900000000002,0.704942,0.00163,0.09457627118644067,7,Back-to-school,18.868806572819334,24.598694552063066,1,2024-07-29 00:00:00,False
2024_JD_0307,Campaign_2024_JD_0307,2024-07-17,2024-11-09,Email,South America,170243,10713,926,33130.46,104375.41,Adults,Clothing,Mobile,2024,H2_2024,115,7,3,7,11,False,0.062928,0.086437,2.150436,3.150436,3.092547,194.606885,35.778035,9.742874,112.716425,71244.95000000001,0.682584,0.005439,0.08643703911136003,9,Back-to-school,68.36698131494394,613.0966324606592,1,2024-09-12 12:00:00,False
2024_JD_0132,Campaign_2024_JD_0132,2024-11-30,2024-12-31,Facebook Ads,Africa,170088,12946,631,27061.02,40281.58,Seniors,Electronics,Desktop,2024,H2_2024,31,11,4,11,12,True,0.076114,0.048741,0.488546,1.488546,2.0903,159.100113,42.885927,3.111508,63.837686,13220.560000000001,0.328204,0.00371,0.04874092383747876,12,Holiday Peak,79.823385541602,236.8278773340859,0,2024-12-15 12:00:00,False
2024_JD_0635,Campaign_2024_JD_0635,2024-11-30,2024-12-31,Facebook Ads,Africa,170088,12946,631,27061.02,40281.58,Seniors,Electronics,Desktop,2024,H2_2024,31,11,4,11,12,True,0.076114,0.048741,0.488546,1.488546,2.0903,159.100113,42.885927,3.111508,63.837686,13220.560000000001,0.328204,0.00371,0.04874092383747876,12,Holiday Peak,79.823385541602,236.8278773340859,0,2024-12-15 12:00:00,False
2024_JD_0019,Campaign_2024_JD_0019,2024-11-28,2024-12-31,Google Display Network,Asia,169899,24750,5526,30344.41,93394.2,Youth,Electronics,Desktop,2024,H2_2024,33,11,4,11,12,True,0.145675,0.223273,2.077806,3.077806,1.226037,178.60264,5.491207,3.773503,16.900869,63049.78999999999,0.675093,0.032525,0.22327272727272726,12,Holiday Peak,178.19998940547032,549.7042360461215,1,2024-12-14 12:00:00,False
2024_JD_0069,Campaign_2024_JD_0069,2024-10-28,2024-12-31,Google Display Network,Asia,169568,25243,3060,27850.62,60546.78,Youth,Automotive,Tablet,2024,H2_2024,64,10,4,10,12,True,0.148867,0.121222,1.173983,2.173983,1.103301,164.244551,9.10151,2.398557,19.786529,32696.16,0.540015,0.018046,0.12122172483460761,11,Holiday Peak,166.9123891300245,357.06489431968294,0,2024-11-29 00:00:00,False
2024_JD_0361,Campaign_2024_JD_0361,2024-11-04,2024-12-31,TikTok Ads,North America,169437,21140,2547,26646.15,42910.03,Seniors,Electronics,Tablet,2024,H2_2024,57,11,4,11,12,True,0.124766,0.120482,0.610365,1.610365,1.260461,157.262876,10.461779,2.029803,16.847283,16263.879999999997,0.379023,0.015032,0.12048249763481551,12,Holiday Peak,139.7982731044577,253.2506477333758,0,2024-12-02 12:00:00,False
2024_JD_0634,Campaign_2024_JD_0634,2024-11-04,2024-12-31,TikTok Ads,North America,169437,21140,2547,26646.15,42910.03,Seniors,Electronics,Tablet,2024,H2_2024,57,11,4,11,12,True,0.124766,0.120482,0.610365,1.610365,1.260461,157.262876,10.461779,2.029803,16.847283,16263.879999999997,0.379023,0.015032,0.12048249763481551,12,Holiday Peak,139.7982731044577,253.2506477333758,0,2024-12-02 12:00:00,False
2024_JD_0395,Campaign_2024_JD_0395,2024-09-16,2024-11-10,Google Display Network,North America,168834,9947,1086,42760.93,116991.8,Adults,Automotive,Tablet,2024,H2_2024,55,9,3,9,11,False,0.058916,0.109179,1.735951,2.735951,4.298877,253.272031,39.374705,11.761516,107.727256,74230.87,0.634496,0.006432,0.10917864682818941,10,Back-to-school,65.34821185306276,692.9398107016359,1,2024-10-13 12:00:00,False
2024_JD_0479,Campaign_2024_JD_0479,2024-09-30,2024-11-10,Google Display Network,Africa,168317,13639,1841,38737.75,118400.3,Seniors,Clothing,Mobile,2024,H2_2024,41,9,3,9,11,False,0.081032,0.134981,2.056458,3.056458,2.840219,230.147579,21.041689,8.68101,64.313036,79662.55,0.672824,0.010938,0.13498057042305153,10,Back-to-school,91.96931979538608,703.4363730342152,1,2024-10-20 12:00:00,False
2024_JD_0208,Campaign_2024_JD_0208,2024-10-21,2024-11-21,Email,Asia,168038,8689,785,1444.55,4453.49,Seniors,Automotive,Mobile,2024,H2_2024,31,10,4,10,11,True,0.051709,0.090344,2.08296,3.08296,0.16625,8.596567,1.840191,0.512543,5.673236,3008.9399999999996,0.675636,0.004672,0.09034411324663368,11,Holiday Peak,56.38010450017258,26.502874349849435,1,2024-11-05 12:00:00,False
2024_JD_0088,Campaign_2024_JD_0088,2024-11-13,2024-12-31,Facebook Ads,North America,167993,2218,62,13737.54,33886.38,Youth,Electronics,Desktop,2024,H2_2024,48,11,4,11,12,True,0.013203,0.027953,1.466699,2.466699,6.193661,81.774479,221.573226,15.277899,546.554516,20148.839999999997,0.5946,0.000369,0.027953110910730387,12,Holiday Peak,13.571994071181537,201.71304756745815,0,2024-12-07 00:00:00,False
2024_JD_0597,Campaign_2024_JD_0597,2024-08-30,2024-12-31,Email,North America,167781,16697,4417,23692.62,43605.14,Adults,Electronics,Desktop,2024,H2_2024,123,8,3,8,12,False,0.099517,0.264539,0.840452,1.840452,1.418975,141.211579,5.363962,2.611555,9.872117,19912.52,0.456655,0.026326,0.2645385398574594,10,Back-to-school,125.8426162676346,259.89319410421916,0,2024-10-30 12:00:00,False
2024_JD_0157,Campaign_2024_JD_0157,2024-09-10,2024-11-17,Email,North America,167552,21369,3513,9748.69,26334.29,Seniors,Electronics,Tablet,2024,H2_2024,68,9,3,9,11,False,0.127537,0.164397,1.701316,2.701316,0.456207,58.183072,2.775033,1.232359,7.49624,16585.6,0.62981,0.020967,0.16439702372595816,10,Back-to-school,148.5031512605042,157.17084845301758,1,2024-10-14 00:00:00,False
2024_JD_0129,Campaign_2024_JD_0129,2024-10-13,2024-11-10,Email,Africa,166595,22869,6376,12548.9,33350.52,Youth,Automotive,Mobile,2024,H2_2024,28,10,4,10,11,True,0.137273,0.278805,1.657645,2.657645,0.54873,75.32579,1.968146,1.458329,5.230634,20801.619999999995,0.623727,0.038272,0.2788053697144606,10,Holiday Peak,175.5454845583601,200.1892013565833,1,2024-10-27 00:00:00,False
2024_JD_0380,Campaign_2024_JD_0380,2024-08-29,2024-12-31,TikTok Ads,South America,166162,23614,3226,32931.73,63305.98,Youth,Automotive,Desktop,2024,H2_2024,124,8,3,8,12,False,0.142114,0.136614,0.92234,1.92234,1.394585,198.190501,10.208224,2.680866,19.623676,30374.25,0.479801,0.019415,0.13661387312611162,10,Back-to-school,161.52911014552063,380.9895162552208,0,2024-10-30 00:00:00,False
2024_JD_0238,Campaign_2024_JD_0238,2024-10-05,2024-12-31,Google Display Network,Africa,166099,8665,1834,36631.28,106532.0,Adults,Automotive,Tablet,2024,H2_2024,87,10,4,10,12,True,0.052168,0.211656,1.908225,2.908225,4.227499,220.538835,19.973435,12.294518,58.087241,69900.72,0.656148,0.011042,0.21165608770917485,11,Holiday Peak,63.20929084461677,641.376528455921,1,2024-11-17 12:00:00,False
2024_JD_0505,Campaign_2024_JD_0505,2024-11-25,2024-12-31,Facebook Ads,South America,166033,14262,3928,37836.84,71836.91,Seniors,Health,Desktop,2024,H2_2024,36,11,4,11,12,True,0.085899,0.275417,0.898597,1.898597,2.652983,227.887468,9.632597,5.036945,18.288419,34000.07000000001,0.473295,0.023658,0.2754171925396158,12,Holiday Peak,109.55653394204768,432.66645787283255,0,2024-12-13 00:00:00,False
2024_JD_0223,Campaign_2024_JD_0223,2024-09-26,2024-12-21,Google Ads,South America,165831,21830,2986,1569.41,2144.8,Youth,Health,Desktop,2024,H2_2024,86,9,3,9,12,False,0.13164,0.136784,0.366628,1.366628,0.071892,9.463912,0.525589,0.09825,0.718285,575.3900000000001,0.268272,0.018006,0.13678424186898763,11,Back-to-school,149.64632668198348,12.933649317678844,0,2024-11-08 00:00:00,False
2024_JD_0440,Campaign_2024_JD_0440,2024-07-20,2024-09-18,Email,North America,165761,17540,1057,23671.1,81813.74,Youth,Home,Desktop,2024,H2_2024,60,7,3,7,9,False,0.105815,0.060262,2.456271,3.456271,1.34955,142.802589,22.394607,4.664409,77.401835,58142.64000000001,0.710671,0.006377,0.06026225769669327,8,Back-to-school,112.19164942296439,493.5644693263193,1,2024-08-19 00:00:00,False
2024_JD_0172,Campaign_2024_JD_0172,2024-08-08,2024-10-15,TikTok Ads,Asia,164841,22182,2932,46904.66,135316.0,Youth,Health,Desktop,2024,H2_2024,68,8,3,8,10,False,0.134566,0.132179,1.884916,2.884916,2.114537,284.544864,15.997497,6.100261,46.151432,88411.34,0.653369,0.017787,0.13217924443242268,9,Back-to-school,152.35287337494918,820.8880072312106,1,2024-09-11 00:00:00,False
2024_JD_0321,Campaign_2024_JD_0321,2024-11-15,2024-12-31,TikTok Ads,Africa,164342,14922,3440,45046.14,148638.16,Adults,Health,Mobile,2024,H2_2024,46,11,4,11,12,True,0.090798,0.230532,2.299687,3.299687,3.018774,274.099987,13.094808,9.961008,43.208767,103592.02,0.696941,0.020932,0.23053210025465756,12,Holiday Peak,111.73041584013824,904.4441469618234,1,2024-12-08 00:00:00,False
2024_JD_0633,Campaign_2024_JD_0633,2024-11-15,2024-12-31,TikTok Ads,Africa,164342,14922,3440,45046.14,148638.16,Adults,Health,Mobile,2024,H2_2024,46,11,4,11,12,True,0.090798,0.230532,2.299687,3.299687,3.018774,274.099987,13.094808,9.961008,43.208767,103592.02,0.696941,0.020932,0.23053210025465756,12,Holiday Peak,111.73041584013824,904.4441469618234,1,2024-12-08 00:00:00,False
2024_JD_0329,Campaign_2024_JD_0329,2024-07-18,2024-12-28,Email,North America,164116,8806,2015,37661.4,93512.14,Seniors,Clothing,Mobile,2024,H2_2024,163,7,3,7,12,False,0.053657,0.228821,1.48297,2.48297,4.276789,229.480368,18.690521,10.619139,46.40801,55850.74,0.597257,0.012278,0.22882125823302293,10,Back-to-school,65.93507031611786,569.79295132711,0,2024-10-07 12:00:00,False
2024_JD_0047,Campaign_2024_JD_0047,2024-11-07,2024-12-08,Email,Africa,163823,9734,342,18615.07,38398.93,Adults,Home,Desktop,2024,H2_2024,31,11,4,11,12,True,0.059418,0.035135,1.062787,2.062787,1.912376,113.629161,54.430029,3.944825,112.277573,19783.86,0.515219,0.002088,0.035134579823299775,11,Holiday Peak,61.5054052239307,234.39278977921293,0,2024-11-22 12:00:00,False
2024_JD_0499,Campaign_2024_JD_0499,2024-09-24,2024-12-31,Facebook Ads,South America,163763,14061,2608,1442.88,2916.3,Adults,Clothing,Desktop,2024,H2_2024,98,9,3,9,12,False,0.085862,0.185478,1.021166,2.021166,0.102616,8.810781,0.553252,0.207403,1.118213,1473.42,0.505236,0.015925,0.18547756205106322,11,Back-to-school,101.78733902041364,17.808051879850762,0,2024-11-12 00:00:00,False
2024_JD_0082,Campaign_2024_JD_0082,2024-11-25,2024-12-31,Facebook Ads,Africa,161542,11191,2069,37556.2,105004.24,Youth,Clothing,Tablet,2024,H2_2024,36,11,4,11,12,True,0.069276,0.184881,1.795923,2.795923,3.355929,232.485669,18.151861,9.382918,50.751203,67448.04000000001,0.642336,0.012808,0.18488070771155393,12,Holiday Peak,82.08391625707246,650.0120092607496,1,2024-12-13 00:00:00,False
2024_JD_0317,Campaign_2024_JD_0317,2024-11-22,2024-12-31,Google Display Network,Africa,161503,16531,2313,3343.71,4735.35,Adults,Health,Desktop,2024,H2_2024,39,11,4,11,12,True,0.102357,0.139919,0.416196,1.416196,0.202269,20.703702,1.445616,0.286453,2.047276,1391.6400000000003,0.293883,0.014322,0.1399189401730083,12,Holiday Peak,116.6789471403008,29.320507978179975,0,2024-12-11 12:00:00,False
2024_JD_0632,Campaign_2024_JD_0632,2024-11-22,2024-12-31,Google Display Network,Africa,161503,16531,2313,3343.71,4735.35,Adults,Health,Desktop,2024,H2_2024,39,11,4,11,12,True,0.102357,0.139919,0.416196,1.416196,0.202269,20.703702,1.445616,0.286453,2.047276,1391.6400000000003,0.293883,0.014322,0.1399189401730083,12,Holiday Peak,116.6789471403008,29.320507978179975,0,2024-12-11 12:00:00,False
2024_JD_0324,Campaign_2024_JD_0324,2024-07-10,2024-12-20,Google Ads,Africa,161299,7590,1586,6583.88,15260.35,Seniors,Home,Desktop,2024,H2_2024,163,7,3,7,12,False,0.047055,0.208959,1.317835,2.317835,0.867441,40.81786,4.151248,2.010586,9.62191,8676.470000000001,0.568563,0.009833,0.20895915678524374,9,Back-to-school,56.88813941809931,94.6090800314943,0,2024-09-29 12:00:00,False
2024_JD_0091,Campaign_2024_JD_0091,2024-08-25,2024-10-08,Facebook Ads,South America,159865,6722,1209,21151.5,63210.95,Adults,Clothing,Mobile,2024,H2_2024,44,8,3,8,10,False,0.042048,0.179857,1.988485,2.988485,3.146608,132.30851,17.495037,9.403593,52.283664,42059.45,0.665382,0.007563,0.17985718536149956,9,Back-to-school,49.61060895130266,395.40205798642603,1,2024-09-16 00:00:00,False
2024_JD_0339,Campaign_2024_JD_0339,2024-09-08,2024-11-17,Facebook Ads,South America,159834,19106,888,19047.17,42509.56,Adults,Health,Tablet,2024,H2_2024,70,9,3,9,11,False,0.119537,0.046478,1.231805,2.231805,0.996921,119.16845,21.449516,2.224932,47.871126,23462.39,0.551932,0.005556,0.046477546320527585,10,Back-to-school,125.09228324386551,265.96068420986774,0,2024-10-13 00:00:00,False
2024_JD_0025,Campaign_2024_JD_0025,2024-11-07,2024-12-31,Email,South America,159736,3233,656,49889.28,99526.92,Youth,Electronics,Mobile,2024,H2_2024,54,11,4,11,12,True,0.02024,0.202908,0.994956,1.994956,15.431265,312.323334,76.050732,30.784695,151.717866,49637.64,0.498736,0.004107,0.2029075162387875,12,Holiday Peak,24.346421595632794,623.0713176741624,0,2024-12-04 00:00:00,False
2024_JD_0473,Campaign_2024_JD_0473,2024-08-05,2024-09-06,Google Display Network,Europe,159626,17959,1118,20361.41,57834.06,Seniors,Automotive,Desktop,2024,H2_2024,32,8,3,8,9,False,0.112507,0.062253,1.840376,2.840376,1.133772,127.556977,18.212352,3.220339,51.729928,37472.649999999994,0.647934,0.007004,0.06225290940475527,8,Back-to-school,119.51060604162228,362.30977409695157,1,2024-08-21 00:00:00,False
2024_JD_0362,Campaign_2024_JD_0362,2024-10-06,2024-11-17,Email,Asia,159553,20069,6000,39793.3,97984.19,Adults,Electronics,Mobile,2024,H2_2024,42,10,4,10,11,True,0.125783,0.298969,1.462329,2.462329,1.982824,249.4049,6.632217,4.882365,16.330698,58190.89,0.59388,0.037605,0.29896855847326725,10,Holiday Peak,163.38771442718095,614.1168765237884,0,2024-10-27 00:00:00,False
2024_JD_0206,Campaign_2024_JD_0206,2024-11-15,2024-12-31,TikTok Ads,South America,158962,13289,3873,45526.36,60223.81,Youth,Electronics,Tablet,2024,H2_2024,46,11,4,11,12,True,0.083599,0.291444,0.322834,1.322834,3.425868,286.397755,11.754805,4.531854,15.549654,14697.449999999997,0.244047,0.024364,0.29144405147114155,12,Holiday Peak,107.96290937456752,378.8566449843359,0,2024-12-08 00:00:00,False
2024_JD_0586,Campaign_2024_JD_0586,2024-09-21,2024-10-08,Email,Africa,158407,13911,2245,35625.08,73434.15,Seniors,Automotive,Desktop,2024,H2_2024,17,9,3,9,10,False,0.087818,0.161383,1.061305,2.061305,2.560929,224.89587,15.868633,5.278855,32.710089,37809.06999999999,0.51487,0.014172,0.16138307813960176,9,Back-to-school,101.99044234156318,463.5789453748887,0,2024-09-29 12:00:00,False
2024_JD_0430,Campaign_2024_JD_0430,2024-10-30,2024-12-31,Google Ads,South America,158124,7894,201,16384.37,53139.89,Seniors,Health,Desktop,2024,H2_2024,62,10,4,10,12,True,0.049923,0.025462,2.243328,3.243328,2.075547,103.617224,81.514279,6.731681,264.377562,36755.520000000004,0.691675,0.001271,0.025462376488472258,11,Holiday Peak,51.19399964584756,336.0646707647163,1,2024-11-30 00:00:00,False
2024_JD_0345,Campaign_2024_JD_0345,2024-10-17,2024-12-31,Google Display Network,South America,157889,6671,1206,39642.13,94733.54,Youth,Health,Tablet,2024,H2_2024,75,10,4,10,12,True,0.042251,0.180782,1.389719,2.389719,5.942457,251.075946,32.870755,14.2008,78.551857,55091.409999999996,0.581541,0.007638,0.1807824913806026,11,Holiday Peak,49.88947931774854,600.0008866988833,0,2024-11-23 12:00:00,False
2024_JD_0200,Campaign_2024_JD_0200,2024-08-07,2024-11-01,TikTok Ads,Africa,157826,5550,1254,25297.91,35073.18,Youth,Automotive,Mobile,2024,H2_2024,86,8,3,8,11,False,0.035165,0.225946,0.386406,1.386406,4.558182,160.289876,20.173772,6.319492,27.969043,9775.27,0.278711,0.007945,0.22594594594594594,9,Back-to-school,43.11076755414191,222.2268827696324,0,2024-09-19 00:00:00,False
2024_JD_0490,Campaign_2024_JD_0490,2024-07-15,2024-09-28,Email,Asia,157697,7996,1660,4735.72,8674.98,Adults,Clothing,Desktop,2024,H2_2024,75,7,3,7,9,False,0.050705,0.207604,0.831819,1.831819,0.592261,30.030502,2.852843,1.084915,5.225892,3939.2599999999993,0.454094,0.010527,0.20760380190095049,8,Back-to-school,61.23134872572084,55.01043139691941,0,2024-08-21 12:00:00,False
2024_JD_0410,Campaign_2024_JD_0410,2024-07-11,2024-12-19,TikTok Ads,Asia,157458,19314,2367,14461.84,30478.69,Seniors,Clothing,Tablet,2024,H2_2024,161,7,3,7,12,False,0.122661,0.122554,1.107525,2.107525,0.748775,91.845699,6.109776,1.578062,12.876506,16016.849999999999,0.52551,0.015033,0.12255358807082944,9,Back-to-school,137.6938612201349,193.56710995948126,0,2024-09-29 12:00:00,False
2024_JD_0233,Campaign_2024_JD_0233,2024-07-03,2024-11-21,Facebook Ads,Europe,157360,5682,1026,36516.5,93648.06,Youth,Electronics,Tablet,2024,H2_2024,141,7,3,7,11,False,0.036108,0.18057,1.564541,2.564541,6.426698,232.057067,35.591131,16.481531,91.274912,57131.56,0.610067,0.00652,0.1805702217529039,9,Back-to-school,42.62836807320793,595.1198525673614,0,2024-09-11 12:00:00,False
2024_JD_0565,Campaign_2024_JD_0565,2024-07-27,2024-10-05,Facebook Ads,Africa,157297,5178,327,37384.01,51450.21,Adults,Clothing,Mobile,2024,H2_2024,70,7,3,7,10,False,0.032919,0.063152,0.376262,1.376262,7.219778,237.665118,114.32419,9.936309,157.340092,14066.199999999997,0.273394,0.002079,0.06315179606025492,8,Back-to-school,34.99748882686892,327.0895821280762,0,2024-08-31 00:00:00,False
2024_JD_0372,Campaign_2024_JD_0372,2024-08-24,2024-12-31,Google Display Network,Europe,157110,9649,2063,44950.94,107722.15,Adults,Electronics,Mobile,2024,H2_2024,129,8,3,8,12,False,0.061416,0.213805,1.396438,2.396438,4.658611,286.11126,21.789113,11.164074,52.216263,62771.20999999999,0.582714,0.013131,0.21380453933050056,10,Back-to-school,74.54649608554516,685.6479536630385,0,2024-10-27 12:00:00,False
2024_JD_0151,Campaign_2024_JD_0151,2024-10-12,2024-12-14,Google Display Network,Africa,156878,11552,1874,4286.75,12538.35,Seniors,Automotive,Desktop,2024,H2_2024,63,10,4,10,12,True,0.073637,0.162223,1.924908,2.924908,0.371083,27.325374,2.287487,1.085383,6.690688,8251.6,0.658109,0.011946,0.16222299168975068,11,Holiday Peak,85.58242710896366,79.92420862071164,1,2024-11-12 12:00:00,False
2024_JD_0066,Campaign_2024_JD_0066,2024-09-12,2024-11-08,TikTok Ads,Africa,156836,12204,133,5938.12,7374.61,Seniors,Health,Desktop,2024,H2_2024,57,9,3,9,11,False,0.077814,0.010898,0.24191,1.24191,0.486572,37.86197,44.647519,0.604278,55.448195,1436.4899999999998,0.194789,0.000848,0.01089806620780072,10,Back-to-school,78.6617868346553,47.02115585707362,0,2024-10-10 12:00:00,False
2024_JD_0480,Campaign_2024_JD_0480,2024-11-11,2024-12-31,Google Ads,Africa,156519,19473,4954,38883.95,102281.9,Seniors,Health,Mobile,2024,H2_2024,50,11,4,11,12,True,0.124413,0.254404,1.63044,2.63044,1.996814,248.429584,7.849001,5.252498,20.646326,63397.95,0.619835,0.031651,0.25440353309710884,12,Holiday Peak,156.0641200109891,653.4791303292252,1,2024-12-06 00:00:00,False
2024_JD_0478,Campaign_2024_JD_0478,2024-09-28,2024-12-16,Google Display Network,South America,156379,5777,1236,14095.38,24040.41,Youth,Home,Tablet,2024,H2_2024,79,9,3,9,12,False,0.036942,0.213952,0.705552,1.705552,2.439913,90.136016,11.404029,4.1614,19.45017,9945.03,0.41368,0.007904,0.21395187813744157,11,Back-to-school,44.84617499792172,153.73170310591576,0,2024-11-06 12:00:00,False
2024_JD_0500,Campaign_2024_JD_0500,2024-10-12,2024-12-31,Email,Africa,156094,12255,1065,5674.56,12404.67,Youth,Clothing,Tablet,2024,H2_2024,80,10,4,10,12,True,0.07851,0.086903,1.186014,2.186014,0.46304,36.353479,5.328225,1.012213,11.647577,6730.11,0.542546,0.006823,0.08690330477356181,11,Holiday Peak,85.33319666354889,79.46923007931119,0,2024-11-21 00:00:00,False
2024_JD_0352,Campaign_2024_JD_0352,2024-09-08,2024-12-21,Email,Asia,155787,16635,3144,22405.68,64480.61,Seniors,Clothing,Tablet,2024,H2_2024,104,9,3,9,12,False,0.10678,0.188999,1.877869,2.877869,1.3469,143.822527,7.126489,3.876201,20.5091,42074.93,0.652521,0.020181,0.18899909828674483,10,Back-to-school,126.9618132450076,413.9023795310263,1,2024-10-30 00:00:00,False
2024_JD_0108,Campaign_2024_JD_0108,2024-08-25,2024-12-11,Google Ads,North America,155334,22080,3864,1127.16,3603.63,Seniors,Health,Desktop,2024,H2_2024,108,8,3,8,12,False,0.142145,0.175,2.197088,3.197088,0.051049,7.256364,0.291708,0.163208,0.932616,2476.4700000000003,0.687215,0.024875,0.175,10,Back-to-school,167.0207424002472,23.199235196415465,1,2024-10-18 00:00:00,False
2024_JD_0086,Campaign_2024_JD_0086,2024-10-26,2024-11-12,Email,Europe,155159,10213,1137,47976.42,63956.74,Youth,Home,Mobile,2024,H2_2024,17,10,4,10,11,True,0.065823,0.111329,0.333087,1.333087,4.697583,309.208103,42.19562,6.262287,56.250431,15980.32,0.249861,0.007328,0.11132869871732107,11,Holiday Peak,73.15076792193814,412.20129028931615,0,2024-11-03 12:00:00,False
2024_JD_0469,Campaign_2024_JD_0469,2024-08-17,2024-12-12,TikTok Ads,Africa,155043,2928,331,6437.9,17119.51,Adults,Clothing,Mobile,2024,H2_2024,117,8,3,8,12,False,0.018885,0.113046,1.659176,2.659176,2.198736,41.523319,19.449849,5.846827,51.720574,10681.609999999999,0.623944,0.002135,0.1130464480874317,10,Back-to-school,21.019975103680913,110.41781957263467,1,2024-10-14 12:00:00,False
2024_JD_0429,Campaign_2024_JD_0429,2024-08-20,2024-10-23,Facebook Ads,Africa,154765,15685,1066,24904.71,37334.9,Adults,Health,Tablet,2024,H2_2024,64,8,3,8,10,False,0.101347,0.067963,0.49911,1.49911,1.587804,160.919523,23.362767,2.380293,35.023358,12430.190000000002,0.332938,0.006888,0.06796302199553714,9,Back-to-school,108.23506606790941,241.23606758634062,0,2024-09-21 00:00:00,False
2024_JD_0153,Campaign_2024_JD_0153,2024-11-21,2024-12-24,Google Ads,North America,154521,2313,612,35988.9,95548.69,Adults,Home,Desktop,2024,H2_2024,33,11,4,11,12,True,0.014969,0.264591,1.654949,2.654949,15.559403,232.906207,58.805392,41.309421,156.12531,59559.79,0.623345,0.003961,0.26459143968871596,12,Holiday Peak,18.92946589783913,618.3540748506676,1,2024-12-07 12:00:00,False
2024_JD_0631,Campaign_2024_JD_0631,2024-11-21,2024-12-24,Google Ads,North America,154521,2313,612,35988.9,95548.69,Adults,Home,Desktop,2024,H2_2024,33,11,4,11,12,True,0.014969,0.264591,1.654949,2.654949,15.559403,232.906207,58.805392,41.309421,156.12531,59559.79,0.623345,0.003961,0.26459143968871596,12,Holiday Peak,18.92946589783913,618.3540748506676,1,2024-12-07 12:00:00,False
2024_JD_0558,Campaign_2024_JD_0558,2024-08-06,2024-12-31,Facebook Ads,South America,154329,14398,3401,23262.93,61636.73,Seniors,Home,Desktop,2024,H2_2024,147,8,3,8,12,False,0.093294,0.236213,1.649569,2.649569,1.615706,150.73596,6.840026,4.280923,18.12312,38373.8,0.62258,0.022037,0.23621336296707876,10,Back-to-school,115.33153198685923,399.3852743165575,1,2024-10-18 12:00:00,False
2024_JD_0401,Campaign_2024_JD_0401,2024-11-09,2024-12-31,Facebook Ads,Asia,153934,12126,2708,12475.04,41298.35,Youth,Clothing,Desktop,2024,H2_2024,52,11,4,11,12,True,0.078774,0.223322,2.310478,3.310478,1.028784,81.041485,4.606736,3.405769,15.250499,28823.309999999998,0.697929,0.017592,0.22332178789378196,12,Holiday Peak,96.36597502825886,268.286083646238,1,2024-12-05 00:00:00,False
2024_JD_0406,Campaign_2024_JD_0406,2024-11-18,2024-12-31,Facebook Ads,South America,153781,22897,1441,41832.54,144536.83,Seniors,Automotive,Tablet,2024,H2_2024,43,11,4,11,12,True,0.148894,0.062934,2.455129,3.455129,1.826988,272.026713,29.030215,6.312479,100.303144,102704.28999999998,0.710575,0.00937,0.06293400882211643,12,Holiday Peak,158.26402481450893,939.887437329709,1,2024-12-09 12:00:00,False
2024_JD_0103,Campaign_2024_JD_0103,2024-10-23,2024-12-31,TikTok Ads,Europe,153216,8882,2230,20614.72,57816.77,Seniors,Health,Desktop,2024,H2_2024,69,10,4,10,12,True,0.05797,0.25107,1.804635,2.804635,2.320955,134.546784,9.244269,6.509431,25.926803,37202.049999999996,0.643447,0.014555,0.2510695789236658,11,Holiday Peak,72.5250626566416,377.35464964494565,1,2024-11-26 12:00:00,False
2024_JD_0130,Campaign_2024_JD_0130,2024-08-31,2024-12-31,Google Display Network,South America,153056,15590,1220,20229.81,62270.97,Adults,Electronics,Desktop,2024,H2_2024,122,8,3,8,12,False,0.101858,0.078255,2.078179,3.078179,1.297614,132.172603,16.581811,3.994289,51.041779,42041.16,0.675133,0.007971,0.0782552918537524,10,Back-to-school,109.8290821660046,406.8508911770855,1,2024-10-31 00:00:00,False
2024_JD_0073,Campaign_2024_JD_0073,2024-07-19,2024-11-10,Email,North America,152851,8928,164,18390.35,62539.0,Seniors,Health,Mobile,2024,H2_2024,114,7,3,7,11,False,0.05841,0.018369,2.400642,3.400642,2.059851,120.315536,112.13628,7.004816,381.335366,44148.65,0.705938,0.001073,0.018369175627240143,9,Back-to-school,59.48276426061982,409.15008733995853,1,2024-09-14 00:00:00,False
2024_JD_0459,Campaign_2024_JD_0459,2024-07-14,2024-12-31,Email,North America,152309,10726,159,40393.97,99803.49,Adults,Electronics,Desktop,2024,H2_2024,170,7,3,7,12,False,0.070423,0.014824,1.470752,2.470752,3.765986,265.210657,254.050126,9.304819,627.694906,59409.520000000004,0.595265,0.001044,0.014823792653365654,10,Back-to-school,71.46655811541012,655.2698133399865,0,2024-10-07 00:00:00,False
2024_JD_0253,Campaign_2024_JD_0253,2024-08-19,2024-10-01,Google Display Network,Asia,151470,8152,999,33676.35,51228.39,Adults,Electronics,Desktop,2024,H2_2024,43,8,3,8,10,False,0.053819,0.122547,0.521198,1.521198,4.131054,222.330164,33.71006,6.28415,51.27967,17552.04,0.342623,0.006595,0.12254661432777232,9,Back-to-school,60.414603551858455,338.20816003168943,0,2024-09-09 12:00:00,False
2024_JD_0118,Campaign_2024_JD_0118,2024-08-31,2024-12-17,Email,South America,149990,21618,3086,42273.39,55748.52,Seniors,Automotive,Mobile,2024,H2_2024,108,8,3,8,12,False,0.14413,0.142751,0.318762,1.318762,1.955472,281.841389,13.698441,2.578801,18.064977,13475.129999999997,0.241713,0.020575,0.14275141086131926,10,Back-to-school,164.70431362090804,371.6815787719181,0,2024-10-24 00:00:00,False
2024_JD_0510,Campaign_2024_JD_0510,2024-11-24,2024-12-31,Facebook Ads,Africa,149941,13256,3708,18853.36,38969.17,Seniors,Home,Mobile,2024,H2_2024,37,11,4,11,12,True,0.088408,0.279722,1.066962,2.066962,1.422251,125.738524,5.084509,2.939738,10.509485,20115.809999999998,0.516198,0.02473,0.2797223898611949,12,Holiday Peak,113.13783421479116,259.8966926991283,0,2024-12-12 12:00:00,False
2024_JD_0210,Campaign_2024_JD_0210,2024-08-06,2024-09-11,Facebook Ads,South America,149579,8554,1972,38771.85,131001.75,Seniors,Clothing,Tablet,2024,H2_2024,36,8,3,8,9,False,0.057187,0.230535,2.378785,3.378785,4.532599,259.206506,19.661182,15.314677,66.430908,92229.9,0.704036,0.013184,0.23053542202478372,8,Back-to-school,70.37084082658662,875.8030873317778,1,2024-08-24 00:00:00,False
2024_JD_0058,Campaign_2024_JD_0058,2024-11-06,2024-12-06,Google Display Network,South America,149572,21949,5018,28163.35,80762.73,Seniors,Health,Tablet,2024,H2_2024,30,11,4,11,12,True,0.146745,0.228621,1.867654,2.867654,1.283127,188.292929,5.612465,3.679563,16.094605,52599.38,0.651283,0.033549,0.22862089389038226,11,Holiday Peak,180.2944401358543,539.9588826785762,1,2024-11-21 00:00:00,False
2024_JD_0353,Campaign_2024_JD_0353,2024-09-08,2024-11-02,Facebook Ads,Africa,149565,18564,4468,20542.97,68244.42,Adults,Home,Mobile,2024,H2_2024,55,9,3,9,11,False,0.12412,0.240681,2.322033,3.322033,1.106603,137.351453,4.5978,3.67617,15.274042,47701.45,0.698979,0.029873,0.24068088773971127,10,Back-to-school,153.99324708320796,456.286029485508,1,2024-10-05 12:00:00,False
2024_JD_0270,Campaign_2024_JD_0270,2024-07-27,2024-12-31,Facebook Ads,Africa,149539,17984,1860,20595.36,70981.25,Youth,Home,Desktop,2024,H2_2024,157,7,3,7,12,False,0.120263,0.103425,2.446468,3.446468,1.145205,137.725677,11.072774,3.946911,38.161962,50385.89,0.709848,0.012438,0.10342526690391458,10,Back-to-school,132.7011682571102,474.66714368826865,1,2024-10-13 12:00:00,False
2024_JD_0382,Campaign_2024_JD_0382,2024-08-03,2024-09-27,Facebook Ads,Asia,149302,6926,1167,32906.23,86482.04,Seniors,Clothing,Mobile,2024,H2_2024,55,8,3,8,9,False,0.046389,0.168496,1.628136,2.628136,4.751116,220.400463,28.197284,12.486578,74.10629,53575.80999999999,0.619502,0.007816,0.16849552411204158,8,Back-to-school,54.2055699186883,579.2423410269118,1,2024-08-30 12:00:00,False
2024_JD_0449,Campaign_2024_JD_0449,2024-07-30,2024-12-26,Google Ads,South America,148938,2577,316,41873.09,121561.56,Seniors,Automotive,Tablet,2024,H2_2024,149,7,3,7,12,False,0.017303,0.122623,1.903095,2.903095,16.248774,281.144436,132.509778,47.171735,384.688481,79688.47,0.65554,0.002122,0.1226232052774544,10,Back-to-school,19.424189931380845,816.1890182492044,1,2024-10-12 12:00:00,False
2024_JD_0188,Campaign_2024_JD_0188,2024-11-30,2024-12-31,Facebook Ads,North America,148748,12303,2173,23898.23,49503.21,Youth,Electronics,Mobile,2024,H2_2024,31,11,4,11,12,True,0.08271,0.176624,1.071417,2.071417,1.942472,160.66253,10.997805,4.02367,22.781045,25604.98,0.517239,0.014609,0.17662358774282697,12,Holiday Peak,97.31895554898217,332.79916368623446,0,2024-12-15 12:00:00,False
2024_JD_0296,Campaign_2024_JD_0296,2024-07-12,2024-09-13,Email,North America,148401,3310,190,44020.74,140713.63,Youth,Clothing,Tablet,2024,H2_2024,63,7,3,7,9,False,0.022304,0.057402,2.19653,3.19653,13.299317,296.633715,231.688105,42.511671,740.598053,96692.89000000001,0.687161,0.00128,0.05740181268882175,8,Back-to-school,23.584746733512574,948.1986644294849,1,2024-08-12 12:00:00,False
2024_JD_0241,Campaign_2024_JD_0241,2024-07-06,2024-08-28,Google Display Network,Africa,148273,19260,4473,45705.8,76992.47,Adults,Clothing,Mobile,2024,H2_2024,53,7,3,7,8,False,0.129896,0.232243,0.684523,1.684523,2.373094,308.254369,10.218153,3.997532,17.212714,31286.67,0.40636,0.030167,0.23224299065420562,8,Back-to-school,160.06285702724028,519.2615648162512,0,2024-08-01 12:00:00,False
2024_JD_0367,Campaign_2024_JD_0367,2024-11-20,2024-12-31,Google Ads,North America,147055,19603,2871,43658.34,84005.39,Youth,Clothing,Mobile,2024,H2_2024,41,11,4,11,12,True,0.133304,0.146457,0.924154,1.924154,2.227125,296.884431,15.206667,4.285333,29.259976,40347.05,0.480291,0.019523,0.14645717492220578,12,Holiday Peak,152.82717350651117,571.251504539118,0,2024-12-10 12:00:00,False
2024_JD_0630,Campaign_2024_JD_0630,2024-11-20,2024-12-31,Google Ads,North America,147055,19603,2871,43658.34,84005.39,Youth,Clothing,Mobile,2024,H2_2024,41,11,4,11,12,True,0.133304,0.146457,0.924154,1.924154,2.227125,296.884431,15.206667,4.285333,29.259976,40347.05,0.480291,0.019523,0.14645717492220578,12,Holiday Peak,152.82717350651117,571.251504539118,0,2024-12-10 12:00:00,False
2024_JD_0580,Campaign_2024_JD_0580,2024-07-26,2024-12-11,Email,Asia,145431,5347,720,35166.5,103075.41,Youth,Clothing,Mobile,2024,H2_2024,138,7,3,7,12,False,0.036767,0.134655,1.931068,2.931068,6.576866,241.80883,48.842361,19.277241,143.160292,67908.91,0.658827,0.004951,0.1346549466990836,10,Back-to-school,41.71737800056384,708.7581739794128,1,2024-10-03 00:00:00,False
2024_JD_0181,Campaign_2024_JD_0181,2024-07-14,2024-10-15,Email,Asia,144892,5680,938,46295.41,158952.23,Youth,Home,Desktop,2024,H2_2024,93,7,3,7,10,False,0.039202,0.165141,2.433434,3.433434,8.1506,319.516674,49.355448,27.984548,169.458667,112656.82,0.708746,0.006474,0.16514084507042254,8,Back-to-school,45.67539960798388,1097.039381056235,1,2024-08-29 12:00:00,False
2024_JD_0426,Campaign_2024_JD_0426,2024-10-21,2024-12-12,Email,Europe,144839,15151,1080,42244.44,107068.93,Youth,Health,Tablet,2024,H2_2024,52,10,4,10,12,True,0.104606,0.071282,1.534509,2.534509,2.788228,291.664814,39.115222,7.06679,99.137898,64824.48999999999,0.605446,0.007457,0.07128242360240249,11,Holiday Peak,112.06235889504899,739.2272109031406,0,2024-11-16 00:00:00,False
2024_JD_0497,Campaign_2024_JD_0497,2024-09-18,2024-12-31,TikTok Ads,Asia,144783,21043,2619,24368.11,69501.79,Youth,Home,Desktop,2024,H2_2024,104,9,3,9,12,False,0.145342,0.124459,1.852162,2.852162,1.158015,168.307812,9.304357,3.302846,26.53753,45133.67999999999,0.649389,0.018089,0.1244594401938887,11,Back-to-school,163.43078952639468,480.0410959850259,1,2024-11-09 00:00:00,False
2024_JD_0161,Campaign_2024_JD_0161,2024-07-29,2024-11-02,Facebook Ads,South America,144777,11559,2977,31613.3,62356.96,Seniors,Home,Desktop,2024,H2_2024,96,7,3,7,11,False,0.07984,0.257548,0.972491,1.972491,2.734951,218.358579,10.61918,5.394667,20.946241,30743.66,0.493027,0.020563,0.2575482308158145,9,Back-to-school,100.40268827230845,430.71040289548756,0,2024-09-15 00:00:00,False
2024_JD_0127,Campaign_2024_JD_0127,2024-09-16,2024-12-31,Google Ads,Africa,144639,4976,1209,11045.09,22887.92,Adults,Automotive,Mobile,2024,H2_2024,106,9,3,9,12,False,0.034403,0.242966,1.072226,2.072226,2.219672,76.363152,9.135724,4.599662,18.931282,11842.829999999998,0.517427,0.008359,0.2429662379421222,11,Back-to-school,42.76163413740416,158.24169138337513,0,2024-11-08 00:00:00,False
2024_JD_0349,Campaign_2024_JD_0349,2024-09-07,2024-11-21,Google Display Network,Europe,144401,3541,1007,35312.35,89953.39,Youth,Clothing,Desktop,2024,H2_2024,75,9,3,9,11,False,0.024522,0.284383,1.547363,2.547363,9.972423,244.543667,35.066882,25.403386,89.328093,54641.04,0.607437,0.006974,0.2843829426715617,10,Back-to-school,31.49562676158752,622.9416001274229,0,2024-10-14 12:00:00,False
2024_JD_0387,Campaign_2024_JD_0387,2024-10-25,2024-12-24,Google Display Network,North America,144251,17455,633,12405.39,37923.41,Seniors,Automotive,Tablet,2024,H2_2024,60,10,4,10,12,True,0.121004,0.036265,2.057011,3.057011,0.710707,85.998641,19.597773,2.172639,59.9106,25518.020000000004,0.672883,0.004388,0.036264680607275855,11,Holiday Peak,125.39254493902988,262.89876673298625,1,2024-11-24 00:00:00,False
2024_JD_0016,Campaign_2024_JD_0016,2024-08-04,2024-11-27,Facebook Ads,North America,144182,15214,2842,38278.47,95349.28,Seniors,Electronics,Tablet,2024,H2_2024,115,8,3,8,11,False,0.105519,0.186802,1.490938,2.490938,2.516003,265.487162,13.468849,6.267207,33.550063,57070.81,0.598545,0.019711,0.18680163007756015,9,Back-to-school,125.23061131070453,661.311952948357,0,2024-09-30 12:00:00,False
2024_JD_0378,Campaign_2024_JD_0378,2024-11-05,2024-12-16,Google Ads,Africa,144076,11192,2289,26842.58,84284.75,Adults,Electronics,Tablet,2024,H2_2024,41,11,4,11,12,True,0.077681,0.204521,2.139965,3.139965,2.398372,186.308476,11.726772,7.530803,36.821647,57442.17,0.681525,0.015887,0.20452108649035025,11,Holiday Peak,93.56867208973043,585.0020128265638,1,2024-11-25 12:00:00,False
2024_JD_0629,Campaign_2024_JD_0629,2024-11-05,2024-12-16,Google Ads,Africa,144076,11192,2289,26842.58,84284.75,Adults,Electronics,Tablet,2024,H2_2024,41,11,4,11,12,True,0.077681,0.204521,2.139965,3.139965,2.398372,186.308476,11.726772,7.530803,36.821647,57442.17,0.681525,0.015887,0.20452108649035025,11,Holiday Peak,93.56867208973043,585.0020128265638,1,2024-11-25 12:00:00,False
2024_JD_0536,Campaign_2024_JD_0536,2024-10-31,2024-12-31,Google Ads,Africa,143918,7871,1242,39458.23,113916.68,Seniors,Home,Tablet,2024,H2_2024,61,10,4,10,12,True,0.054691,0.157794,1.88702,2.88702,5.013115,274.171612,31.769911,14.472962,91.720354,74458.44999999998,0.653622,0.00863,0.15779443526870793,11,Holiday Peak,63.32077988854764,791.5387929237481,1,2024-11-30 12:00:00,False
2024_JD_0115,Campaign_2024_JD_0115,2024-11-23,2024-12-31,Google Ads,Africa,142443,15793,4164,22151.32,36389.7,Youth,Electronics,Desktop,2024,H2_2024,38,11,4,11,12,True,0.110872,0.263661,0.642778,1.642778,1.402604,155.510064,5.319721,2.304166,8.739121,14238.379999999997,0.391275,0.029233,0.2636611156841639,12,Holiday Peak,140.10516487296672,255.46850319074994,0,2024-12-12 00:00:00,False
2024_JD_0315,Campaign_2024_JD_0315,2024-08-29,2024-10-30,Email,North America,142244,10734,3188,46585.63,83017.19,Youth,Automotive,Tablet,2024,H2_2024,62,8,3,8,10,False,0.075462,0.297,0.782034,1.782034,4.340007,327.505062,14.612807,7.73404,26.040524,36431.560000000005,0.438844,0.022412,0.2970001863238308,9,Back-to-school,97.87407553218414,583.6252495711594,0,2024-09-29 00:00:00,False
2024_JD_0481,Campaign_2024_JD_0481,2024-08-26,2024-12-31,Facebook Ads,Asia,142227,15261,871,15690.23,42157.37,Seniors,Health,Mobile,2024,H2_2024,127,8,3,8,12,False,0.1073,0.057074,1.686855,2.686855,1.028126,110.318224,18.014041,2.762425,48.401114,26467.140000000003,0.627818,0.006124,0.05707358626564445,10,Back-to-school,113.42431465192966,296.4090503209658,1,2024-10-28 12:00:00,False
2024_JD_0111,Campaign_2024_JD_0111,2024-08-25,2024-12-31,TikTok Ads,Africa,141198,6533,1711,42377.59,123917.05,Youth,Automotive,Desktop,2024,H2_2024,128,8,3,8,12,False,0.046268,0.261901,1.924117,2.924117,6.486697,300.128826,24.767732,18.967863,72.423758,81539.46,0.658016,0.012118,0.26190111740394917,10,Back-to-school,58.38609612034165,877.6119350132437,1,2024-10-28 00:00:00,False
2024_JD_0587,Campaign_2024_JD_0587,2024-08-29,2024-12-31,Google Ads,North America,138962,12247,2265,1409.82,2397.59,Adults,Automotive,Mobile,2024,H2_2024,124,8,3,8,12,False,0.088132,0.184943,0.700636,1.700636,0.115116,10.145363,0.622437,0.19577,1.058539,987.7700000000002,0.411985,0.016299,0.1849432514085082,10,Back-to-school,104.43142729667105,17.253565723003412,0,2024-10-30 00:00:00,False
2024_JD_0521,Campaign_2024_JD_0521,2024-10-09,2024-12-31,TikTok Ads,Asia,138872,6698,1818,9432.37,32414.96,Seniors,Health,Mobile,2024,H2_2024,83,10,4,10,12,True,0.048231,0.271424,2.436566,3.436566,1.408237,67.921323,5.188322,4.839498,17.830011,22982.589999999997,0.709012,0.013091,0.2714243057629143,11,Holiday Peak,61.322656835071136,233.41609539720028,1,2024-11-19 12:00:00,False
2024_JD_0389,Campaign_2024_JD_0389,2024-10-28,2024-12-27,Google Display Network,Asia,138669,1527,114,19698.99,29476.62,Seniors,Clothing,Desktop,2024,H2_2024,60,10,4,10,12,True,0.011012,0.074656,0.496352,1.496352,12.900452,142.057634,172.798158,19.303615,258.566842,9777.629999999997,0.331708,0.000822,0.07465618860510806,11,Holiday Peak,11.833935486662483,212.56820197737053,0,2024-11-27 00:00:00,False
2024_JD_0376,Campaign_2024_JD_0376,2024-10-18,2024-11-20,Facebook Ads,North America,138663,16535,4123,48389.2,104561.82,Adults,Electronics,Tablet,2024,H2_2024,33,10,4,10,11,True,0.119246,0.24935,1.16085,2.16085,2.926471,348.969804,11.736406,6.323666,25.360616,56172.62000000001,0.537219,0.029734,0.24934986392500755,11,Holiday Peak,148.9799009108414,754.0715259297722,0,2024-11-03 12:00:00,False
2024_JD_0566,Campaign_2024_JD_0566,2024-09-26,2024-12-31,Email,Africa,138663,13513,3595,17010.38,34278.93,Adults,Automotive,Mobile,2024,H2_2024,96,9,3,9,12,False,0.097452,0.26604,1.015177,2.015177,1.258816,122.674253,4.731677,2.536737,9.535168,17268.55,0.503766,0.025926,0.2660401095241619,11,Back-to-school,123.37826240597707,247.2103589277601,0,2024-11-13 00:00:00,False
2024_JD_0327,Campaign_2024_JD_0327,2024-10-22,2024-11-27,Google Ads,Europe,138533,15676,3399,10676.05,34589.63,Seniors,Automotive,Desktop,2024,H2_2024,36,10,4,10,11,True,0.113157,0.216828,2.239928,3.239928,0.681044,77.065031,3.140939,2.206534,10.176414,23913.579999999998,0.691351,0.024536,0.21682827251849962,11,Holiday Peak,137.69282409245452,249.68512917499802,1,2024-11-09 00:00:00,False
2024_JD_0230,Campaign_2024_JD_0230,2024-08-30,2024-12-31,Facebook Ads,North America,137997,19819,3342,3546.59,8671.35,Youth,Electronics,Desktop,2024,H2_2024,123,8,3,8,12,False,0.143619,0.168626,1.444982,2.444982,0.178949,25.700486,1.061218,0.437527,2.594659,5124.76,0.590999,0.024218,0.1686260658963621,10,Back-to-school,167.836981963376,62.83723559207809,0,2024-10-30 12:00:00,False
2024_JD_0144,Campaign_2024_JD_0144,2024-11-26,2024-12-31,Google Ads,North America,137717,16132,1366,42037.05,90813.92,Seniors,Automotive,Desktop,2024,H2_2024,35,11,4,11,12,True,0.117139,0.084676,1.16033,2.16033,2.605818,305.242272,30.773829,5.629427,66.48164,48776.869999999995,0.537108,0.009919,0.08467641953880486,12,Holiday Peak,127.05766172658421,659.4241814736016,0,2024-12-13 12:00:00,False
2024_JD_0234,Campaign_2024_JD_0234,2024-07-12,2024-12-14,TikTok Ads,Africa,137632,14988,1415,11741.49,40443.45,Seniors,Home,Desktop,2024,H2_2024,155,7,3,7,12,False,0.108899,0.094409,2.44449,3.44449,0.783393,85.310756,8.297873,2.698389,28.581943,28701.96,0.709681,0.010281,0.09440886042167067,9,Back-to-school,119.18013252731923,293.8520838177168,1,2024-09-27 12:00:00,False
2024_JD_0174,Campaign_2024_JD_0174,2024-10-17,2024-12-31,Google Ads,North America,137596,3495,746,18225.47,39174.28,Adults,Electronics,Mobile,2024,H2_2024,75,10,4,10,12,True,0.0254,0.213448,1.149425,2.149425,5.214727,132.456394,24.430925,11.208664,52.51244,20948.809999999998,0.534759,0.005422,0.213447782546495,11,Holiday Peak,30.822116922003545,284.7050786360068,0,2024-11-23 12:00:00,False
2024_JD_0354,Campaign_2024_JD_0354,2024-08-05,2024-12-31,Facebook Ads,Africa,137503,10442,721,14827.17,26717.42,Youth,Automotive,Mobile,2024,H2_2024,148,8,3,8,12,False,0.07594,0.069048,0.801923,1.801923,1.419955,107.831611,20.56473,2.55865,37.056061,11890.249999999998,0.445037,0.005244,0.06904807508140202,10,Back-to-school,81.18368326509241,194.3042697250242,0,2024-10-18 00:00:00,False
2024_JD_0251,Campaign_2024_JD_0251,2024-07-01,2024-11-11,Google Display Network,North America,137130,12095,1202,16491.65,39029.8,Youth,Automotive,Mobile,2024,H2_2024,133,7,3,7,11,False,0.088201,0.09938,1.36664,2.36664,1.36351,120.262889,13.720175,3.226937,32.470715,22538.15,0.57746,0.008765,0.09937990905332782,9,Back-to-school,96.96638226500401,284.6189746955444,0,2024-09-05 12:00:00,False
2024_JD_0529,Campaign_2024_JD_0529,2024-07-27,2024-10-29,Email,Asia,136461,2363,547,48114.15,136795.49,Adults,Health,Tablet,2024,H2_2024,94,7,3,7,10,False,0.017316,0.231485,1.843145,2.843145,20.361468,352.585354,87.960055,57.890601,250.083163,88681.34,0.648277,0.004008,0.23148539991536182,9,Back-to-school,21.32477411128454,1002.4511765266265,1,2024-09-12 00:00:00,False
2024_JD_0120,Campaign_2024_JD_0120,2024-09-13,2024-10-01,Google Display Network,Africa,136189,15278,2703,36421.91,112470.18,Adults,Home,Desktop,2024,H2_2024,18,9,3,9,10,False,0.112182,0.176921,2.087981,3.087981,2.383945,267.436504,13.474624,7.361577,41.60939,76048.26999999999,0.676164,0.019847,0.17692106296635685,9,Back-to-school,132.0297527700475,825.8389444081387,1,2024-09-22 00:00:00,False
2024_JD_0155,Campaign_2024_JD_0155,2024-08-01,2024-08-25,Google Ads,South America,136026,11453,2323,21027.97,26461.36,Adults,Home,Desktop,2024,H2_2024,24,8,3,8,8,False,0.084197,0.202829,0.258389,1.258389,1.836023,154.587873,9.052075,2.31043,11.391029,5433.389999999999,0.205333,0.017078,0.20282895311272156,8,Back-to-school,101.27475629659035,194.5316336582712,0,2024-08-13 00:00:00,False
2024_JD_0057,Campaign_2024_JD_0057,2024-10-30,2024-11-14,TikTok Ads,Asia,135798,14764,706,9960.43,33363.58,Adults,Clothing,Desktop,2024,H2_2024,15,10,4,10,11,True,0.10872,0.047819,2.349612,3.349612,0.674643,73.347398,14.108258,2.259793,47.257195,23403.15,0.701458,0.005199,0.04781901923597941,11,Holiday Peak,113.91920352287957,245.68535619081283,1,2024-11-06 12:00:00,False
2024_JD_0503,Campaign_2024_JD_0503,2024-10-25,2024-12-31,Google Display Network,Asia,135722,9135,364,49629.67,103653.71,Seniors,Clothing,Desktop,2024,H2_2024,67,10,4,10,12,True,0.067307,0.039847,1.088543,2.088543,5.432914,365.67152,136.345247,11.346876,284.76294,54024.04000000001,0.521197,0.002682,0.03984674329501916,11,Holiday Peak,69.9886532765506,763.7207674511133,0,2024-11-27 12:00:00,False
2024_JD_0004,Campaign_2024_JD_0004,2024-08-27,2024-10-02,Google Ads,Asia,135608,10022,1182,20593.19,26922.12,Youth,Home,Tablet,2024,H2_2024,36,8,3,8,10,False,0.073904,0.117941,0.307331,1.307331,2.054798,151.858224,17.422327,2.686302,22.776751,6328.93,0.235083,0.008716,0.11794053083216922,9,Back-to-school,82.62049436611409,198.528995339508,0,2024-09-14 00:00:00,False
2024_JD_0434,Campaign_2024_JD_0434,2024-10-17,2024-12-21,Google Display Network,Africa,135544,1695,445,34191.98,59514.07,Youth,Clothing,Tablet,2024,H2_2024,65,10,4,10,12,True,0.012505,0.262537,0.740586,1.740586,20.17226,252.257422,76.83591,35.111546,133.739483,25322.089999999997,0.425481,0.003283,0.26253687315634217,11,Holiday Peak,15.788231127899426,439.07565071120814,0,2024-11-18 12:00:00,False
2024_JD_0543,Campaign_2024_JD_0543,2024-09-04,2024-12-31,Facebook Ads,North America,135356,16606,1908,28619.34,64009.41,Youth,Clothing,Tablet,2024,H2_2024,118,9,3,9,12,False,0.122684,0.114898,1.236579,2.236579,1.723434,211.437542,14.999654,3.854595,33.547909,35390.07000000001,0.552889,0.014096,0.11489822955558232,11,Back-to-school,136.78004669168712,472.8967315819026,0,2024-11-02 00:00:00,False
2024_JD_0375,Campaign_2024_JD_0375,2024-07-08,2024-10-31,Google Ads,Africa,134951,15552,842,8453.11,18704.57,Seniors,Home,Tablet,2024,H2_2024,115,7,3,7,10,False,0.115242,0.054141,1.212744,2.212744,0.543538,62.638365,10.039323,1.202712,22.214454,10251.46,0.548072,0.006239,0.05414094650205761,9,Back-to-school,121.48113018799417,138.60267800905515,0,2024-09-03 12:00:00,False
2024_JD_0526,Campaign_2024_JD_0526,2024-10-08,2024-11-23,Google Display Network,Europe,134887,2499,475,19833.4,24949.32,Adults,Home,Tablet,2024,H2_2024,46,10,4,10,11,True,0.018527,0.190076,0.257945,1.257945,7.936535,147.03715,41.754526,9.983721,52.524884,5115.919999999998,0.205052,0.003521,0.19007603041216486,10,Holiday Peak,22.048084693113495,184.9645999985173,0,2024-10-31 00:00:00,False
2024_JD_0384,Campaign_2024_JD_0384,2024-08-02,2024-12-19,Facebook Ads,South America,134295,2431,506,34630.03,47102.89,Seniors,Automotive,Tablet,2024,H2_2024,139,8,3,8,12,False,0.018102,0.208145,0.360175,1.360175,14.245179,257.865371,68.438794,19.375932,93.088715,12472.86,0.2648,0.003768,0.2081447963800905,10,Back-to-school,21.869764324807328,350.7419486950371,0,2024-10-10 12:00:00,False
2024_JD_0598,Campaign_2024_JD_0598,2024-10-08,2024-12-31,TikTok Ads,South America,133585,17131,1145,41260.75,93311.3,Youth,Health,Mobile,2024,H2_2024,84,10,4,10,12,True,0.12824,0.066838,1.261503,2.261503,2.408543,308.872628,36.03559,5.446927,81.494585,52050.55,0.557816,0.008571,0.06683789621154632,11,Holiday Peak,136.81176778829956,698.5163004828386,0,2024-11-19 00:00:00,False
2024_JD_0170,Campaign_2024_JD_0170,2024-10-30,2024-12-29,Email,Europe,133575,4402,862,5426.51,16134.47,Adults,Electronics,Mobile,2024,H2_2024,60,10,4,10,12,True,0.032955,0.19582,1.973268,2.973268,1.232737,40.625192,6.295255,3.665259,18.717483,10707.96,0.66367,0.006453,0.19582008178100863,11,Holiday Peak,39.40857196331649,120.78959386112672,1,2024-11-29 00:00:00,False
2024_JD_0084,Campaign_2024_JD_0084,2024-08-30,2024-10-30,Google Display Network,North America,133148,12334,1375,13396.52,37502.83,Youth,Clothing,Mobile,2024,H2_2024,61,8,3,8,10,False,0.092634,0.11148,1.799446,2.799446,1.086146,100.613753,9.742924,3.040606,27.274785,24106.31,0.642786,0.010327,0.1114804605156478,9,Back-to-school,102.96061525520474,281.66273620332265,1,2024-09-29 12:00:00,False
2024_JD_0276,Campaign_2024_JD_0276,2024-08-18,2024-12-31,Google Ads,Asia,132834,2644,605,14465.5,44727.51,Adults,Automotive,Desktop,2024,H2_2024,135,8,3,8,12,False,0.019905,0.22882,2.092013,3.092013,5.471067,108.899077,23.909917,16.916607,73.929769,30262.010000000002,0.676586,0.004555,0.2288199697428139,10,Back-to-school,24.459099326979537,336.71733140611593,1,2024-10-24 12:00:00,False
2024_JD_0294,Campaign_2024_JD_0294,2024-07-02,2024-09-29,Google Display Network,Asia,132810,6627,1791,22912.92,59146.65,Seniors,Health,Mobile,2024,H2_2024,89,7,3,7,9,False,0.049898,0.270258,1.581367,2.581367,3.45751,172.524057,12.793367,8.925102,33.024372,36233.73,0.612608,0.013485,0.27025803531009507,8,Back-to-school,63.38378134176643,445.34786537158345,0,2024-08-15 12:00:00,False
2024_JD_0316,Campaign_2024_JD_0316,2024-07-21,2024-09-01,Google Ads,South America,132734,18486,4210,23056.1,39703.04,Youth,Automotive,Mobile,2024,H2_2024,42,7,3,7,9,False,0.139271,0.22774,0.722019,1.722019,1.24722,173.701538,5.476508,2.147736,9.430651,16646.940000000002,0.419286,0.031718,0.22773991128421509,8,Back-to-school,170.988593728811,299.11733240917926,0,2024-08-11 00:00:00,False
2024_JD_0159,Campaign_2024_JD_0159,2024-11-21,2024-12-31,Email,Europe,132157,16391,985,44920.46,60772.66,Seniors,Automotive,Tablet,2024,H2_2024,40,11,4,11,12,True,0.124027,0.060094,0.352895,1.352895,2.740556,339.902237,45.604528,3.707685,61.698132,15852.200000000004,0.260844,0.007453,0.060093953999145876,12,Holiday Peak,131.47998214245177,459.8519942189971,0,2024-12-11 00:00:00,False
2024_JD_0396,Campaign_2024_JD_0396,2024-10-18,2024-12-31,TikTok Ads,Europe,131888,6692,760,27034.51,84557.19,Seniors,Automotive,Desktop,2024,H2_2024,74,10,4,10,12,True,0.05074,0.113568,2.12775,3.12775,4.039825,204.980817,35.571724,12.635563,111.259461,57522.68000000001,0.680281,0.005762,0.11356843992827256,11,Holiday Peak,56.502486958631565,641.1287607667111,1,2024-11-24 00:00:00,False
2024_JD_0388,Campaign_2024_JD_0388,2024-09-15,2024-12-31,TikTok Ads,North America,131688,8734,2353,28461.59,41419.46,Youth,Home,Desktop,2024,H2_2024,107,9,3,9,12,False,0.066323,0.269407,0.455276,1.455276,3.258712,216.128956,12.095873,4.742324,17.60283,12957.869999999999,0.312845,0.017868,0.2694069155026334,11,Back-to-school,84.19142214932265,314.52721584350894,0,2024-11-07 12:00:00,False
2024_JD_0518,Campaign_2024_JD_0518,2024-10-26,2024-12-18,Google Ads,Africa,131479,6455,276,27581.08,42587.49,Youth,Electronics,Desktop,2024,H2_2024,53,10,4,10,12,True,0.049095,0.042758,0.544083,1.544083,4.272824,209.775554,99.931449,6.597597,154.3025,15006.409999999996,0.352367,0.002099,0.04275755228505035,11,Holiday Peak,51.19448733257782,323.9109667703587,0,2024-11-21 12:00:00,False
2024_JD_0002,Campaign_2024_JD_0002,2024-09-13,2024-12-24,Facebook Ads,Europe,131324,12676,3045,35695.56,44524.65,Seniors,Electronics,Tablet,2024,H2_2024,102,9,3,9,12,False,0.096525,0.240218,0.247344,1.247344,2.815996,271.812921,11.72268,3.512516,14.622217,8829.090000000004,0.198297,0.023187,0.24021773430104135,11,Back-to-school,119.71155310529682,339.0442721817794,0,2024-11-03 00:00:00,False
2024_JD_0139,Campaign_2024_JD_0139,2024-11-25,2024-12-20,Google Ads,Asia,131205,15465,3073,29586.2,69058.75,Youth,Home,Mobile,2024,H2_2024,25,11,4,11,12,True,0.117869,0.198707,1.334154,2.334154,1.913107,225.49598,9.62779,4.465487,22.472747,39472.55,0.571579,0.023421,0.1987067571936631,12,Holiday Peak,141.2903471666476,526.3423650013337,0,2024-12-07 12:00:00,False
2024_JD_0628,Campaign_2024_JD_0628,2024-11-25,2024-12-20,Google Ads,Asia,131205,15465,3073,29586.2,69058.75,Youth,Home,Mobile,2024,H2_2024,25,11,4,11,12,True,0.117869,0.198707,1.334154,2.334154,1.913107,225.49598,9.62779,4.465487,22.472747,39472.55,0.571579,0.023421,0.1987067571936631,12,Holiday Peak,141.2903471666476,526.3423650013337,0,2024-12-07 12:00:00,False
2024_JD_0076,Campaign_2024_JD_0076,2024-08-11,2024-12-31,Google Display Network,North America,131174,6040,1216,37114.74,91139.19,Seniors,Home,Tablet,2024,H2_2024,142,8,3,8,12,False,0.046046,0.201325,1.455606,2.455606,6.144825,282.942809,30.52199,15.08927,74.949992,54024.450000000004,0.592769,0.00927,0.20132450331125828,10,Back-to-school,55.31584002927409,694.7961486270145,0,2024-10-21 00:00:00,False
2024_JD_0104,Campaign_2024_JD_0104,2024-11-09,2024-12-31,TikTok Ads,Africa,130827,11219,392,44942.63,113216.01,Youth,Clothing,Desktop,2024,H2_2024,52,11,4,11,12,True,0.085754,0.034941,1.519123,2.519123,4.005939,343.527177,114.649566,10.091453,288.816352,68273.38,0.603036,0.002996,0.03494072555486229,12,Holiday Peak,88.75079303201939,865.3871907175125,0,2024-12-05 00:00:00,False
2024_JD_0320,Campaign_2024_JD_0320,2024-11-20,2024-12-31,Google Display Network,Asia,130426,10268,2499,41696.19,62287.58,Adults,Electronics,Mobile,2024,H2_2024,41,11,4,11,12,True,0.078727,0.243377,0.493843,1.493843,4.06079,319.692316,16.68515,6.066184,24.925002,20591.39,0.330586,0.01916,0.2433774834437086,12,Holiday Peak,97.88692438624201,477.57026973149533,0,2024-12-10 12:00:00,False
2024_JD_0627,Campaign_2024_JD_0627,2024-11-20,2024-12-31,Google Display Network,Asia,130426,10268,2499,41696.19,62287.58,Adults,Electronics,Mobile,2024,H2_2024,41,11,4,11,12,True,0.078727,0.243377,0.493843,1.493843,4.06079,319.692316,16.68515,6.066184,24.925002,20591.39,0.330586,0.01916,0.2433774834437086,12,Holiday Peak,97.88692438624201,477.57026973149533,0,2024-12-10 12:00:00,False
2024_JD_0299,Campaign_2024_JD_0299,2024-07-10,2024-08-18,Facebook Ads,North America,129865,10282,2402,43238.71,143653.76,Seniors,Clothing,Desktop,2024,H2_2024,39,7,3,7,8,False,0.079175,0.233612,2.322341,3.322341,4.205282,332.951219,18.001128,13.971383,59.805895,100415.05000000002,0.699007,0.018496,0.23361213771639758,7,Back-to-school,97.67065799099063,1106.1776460170177,1,2024-07-29 12:00:00,False
2024_JD_0013,Campaign_2024_JD_0013,2024-11-06,2024-12-31,Google Ads,Asia,129375,16715,558,36721.35,120127.07,Seniors,Home,Desktop,2024,H2_2024,55,11,4,11,12,True,0.129198,0.033383,2.271314,3.271314,2.19691,283.836522,65.808871,7.186783,215.281487,83405.72,0.694312,0.004313,0.03338318875261741,12,Holiday Peak,133.51111111111112,928.5184154589373,1,2024-12-03 12:00:00,False
2024_JD_0626,Campaign_2024_JD_0626,2024-11-06,2024-12-31,Google Ads,Asia,129375,16715,558,36721.35,120127.07,Seniors,Home,Desktop,2024,H2_2024,55,11,4,11,12,True,0.129198,0.033383,2.271314,3.271314,2.19691,283.836522,65.808871,7.186783,215.281487,83405.72,0.694312,0.004313,0.03338318875261741,12,Holiday Peak,133.51111111111112,928.5184154589373,1,2024-12-03 12:00:00,False
2024_JD_0191,Campaign_2024_JD_0191,2024-11-01,2024-12-24,TikTok Ads,North America,129343,9495,1179,31057.16,54120.08,Seniors,Health,Desktop,2024,H2_2024,53,11,4,11,12,True,0.073409,0.124171,0.742596,1.742596,3.270896,240.114734,26.341951,5.69985,45.903376,23062.920000000002,0.426143,0.009115,0.12417061611374408,11,Holiday Peak,82.52475974733848,418.4229529236217,0,2024-11-27 12:00:00,False
2024_JD_0357,Campaign_2024_JD_0357,2024-07-07,2024-09-29,Email,Europe,129302,15582,826,33525.69,114517.29,Adults,Automotive,Mobile,2024,H2_2024,84,7,3,7,9,False,0.120509,0.05301,2.415807,3.415807,2.151565,259.282068,40.588002,7.349332,138.640787,80991.59999999999,0.707243,0.006388,0.053009883198562445,8,Back-to-school,126.896722401819,885.6575304326306,1,2024-08-18 00:00:00,False
2024_JD_0030,Campaign_2024_JD_0030,2024-11-25,2024-12-31,Google Display Network,South America,129249,3278,542,12098.29,35717.63,Youth,Automotive,Mobile,2024,H2_2024,36,11,4,11,12,True,0.025362,0.165345,1.952287,2.952287,3.690754,93.604515,22.321568,10.896165,65.899686,23619.339999999997,0.66128,0.004193,0.16534472239170225,12,Holiday Peak,29.55535439345759,276.3474378912022,1,2024-12-13 00:00:00,False
2024_JD_0625,Campaign_2024_JD_0625,2024-11-25,2024-12-31,Google Display Network,South America,129249,3278,542,12098.29,35717.63,Youth,Automotive,Mobile,2024,H2_2024,36,11,4,11,12,True,0.025362,0.165345,1.952287,2.952287,3.690754,93.604515,22.321568,10.896165,65.899686,23619.339999999997,0.66128,0.004193,0.16534472239170225,12,Holiday Peak,29.55535439345759,276.3474378912022,1,2024-12-13 00:00:00,False
2024_JD_0457,Campaign_2024_JD_0457,2024-07-19,2024-09-28,TikTok Ads,Africa,129184,16352,2547,36269.78,115843.75,Seniors,Clothing,Tablet,2024,H2_2024,71,7,3,7,9,False,0.126579,0.155761,2.193947,3.193947,2.218064,280.760621,14.240196,7.084378,45.48243,79573.97,0.686908,0.019716,0.15576076320939333,8,Back-to-school,146.29520683675997,896.7345027247957,1,2024-08-23 12:00:00,False
2024_JD_0211,Campaign_2024_JD_0211,2024-07-17,2024-08-12,Google Display Network,South America,128797,9360,978,17948.27,47169.95,Adults,Automotive,Mobile,2024,H2_2024,26,7,3,7,8,False,0.072673,0.104487,1.628106,2.628106,1.91755,139.353168,18.352014,5.039525,48.231033,29221.679999999997,0.619498,0.007593,0.10448717948717949,7,Back-to-school,80.26584470135174,366.23485019061,1,2024-07-30 00:00:00,False
2024_JD_0124,Campaign_2024_JD_0124,2024-07-03,2024-12-25,Facebook Ads,Europe,128781,14264,2181,7586.32,10209.38,Youth,Automotive,Desktop,2024,H2_2024,175,7,3,7,12,False,0.110762,0.152902,0.345762,1.345762,0.531851,58.90869,3.478368,0.715745,4.681055,2623.0599999999995,0.256926,0.016936,0.1529024116657319,9,Back-to-school,127.69740877924538,79.27706726924002,0,2024-09-28 12:00:00,False
2024_JD_0214,Campaign_2024_JD_0214,2024-07-26,2024-09-07,Google Display Network,South America,128395,15571,193,26824.18,83144.7,Adults,Health,Desktop,2024,H2_2024,43,7,3,7,9,False,0.121274,0.012395,2.099618,3.099618,1.722701,208.919195,138.985389,5.339715,430.801554,56320.52,0.67738,0.001503,0.012394836555134545,8,Back-to-school,122.77736671988784,647.569609408466,1,2024-08-16 12:00:00,False
2024_JD_0571,Campaign_2024_JD_0571,2024-10-12,2024-12-31,Facebook Ads,Africa,128364,10120,2768,26231.73,41213.57,Seniors,Clothing,Desktop,2024,H2_2024,80,10,4,10,12,True,0.078838,0.273518,0.571134,1.571134,2.592068,204.354258,9.476781,4.072487,14.889296,14981.84,0.363517,0.021564,0.2735177865612648,11,Holiday Peak,100.40198186407403,321.0679785609672,0,2024-11-21 00:00:00,False
2024_JD_0255,Campaign_2024_JD_0255,2024-07-08,2024-10-15,Google Display Network,Africa,128008,10486,1903,8652.03,15050.13,Adults,Clothing,Mobile,2024,H2_2024,99,7,3,7,10,False,0.081917,0.18148,0.739491,1.739491,0.825103,67.58976,4.546521,1.435259,7.908634,6398.0999999999985,0.425119,0.014866,0.18148006866297922,8,Back-to-school,96.7830135616524,117.57179238797573,0,2024-08-26 12:00:00,False
2024_JD_0190,Campaign_2024_JD_0190,2024-09-11,2024-12-31,TikTok Ads,Asia,127744,10432,2338,47548.1,143052.91,Adults,Clothing,Tablet,2024,H2_2024,111,9,3,9,12,False,0.081663,0.224118,2.008594,3.008594,4.557908,372.213959,20.337083,13.712894,61.186018,95504.81,0.667619,0.018302,0.2241180981595092,11,Back-to-school,99.96555611222445,1119.8405404559119,1,2024-11-05 12:00:00,False
2024_JD_0018,Campaign_2024_JD_0018,2024-09-01,2024-12-20,TikTok Ads,South America,127096,10025,1120,25919.96,85209.35,Adults,Health,Mobile,2024,H2_2024,110,9,3,9,12,False,0.078877,0.111721,2.287403,3.287403,2.585532,203.940014,23.142821,8.499686,76.079777,59289.39000000001,0.695808,0.008812,0.11172069825436409,10,Back-to-school,87.6896204443885,670.4329797948008,1,2024-10-26 00:00:00,False
2024_JD_0522,Campaign_2024_JD_0522,2024-11-04,2024-12-31,Google Display Network,Asia,127049,8533,1999,40372.39,65756.01,Youth,Health,Desktop,2024,H2_2024,57,11,4,11,12,True,0.067163,0.234267,0.628737,1.628737,4.731324,317.77023,20.196293,7.706083,32.894452,25383.619999999995,0.386027,0.015734,0.2342669635532638,12,Holiday Peak,82.89714991853536,517.5641681555934,0,2024-12-02 12:00:00,False
2024_JD_0017,Campaign_2024_JD_0017,2024-11-19,2024-12-31,Facebook Ads,Africa,126626,1472,28,6433.65,15643.56,Seniors,Home,Mobile,2024,H2_2024,42,11,4,11,12,True,0.011625,0.019022,1.431522,2.431522,4.370686,50.808286,229.773214,10.627418,558.698571,9209.91,0.588735,0.000221,0.019021739130434784,12,Holiday Peak,11.845908423230616,123.54145278220902,0,2024-12-10 00:00:00,False
2024_JD_0428,Campaign_2024_JD_0428,2024-09-26,2024-12-16,Google Ads,Asia,125906,5911,1748,2910.8,3700.2,Seniors,Health,Desktop,2024,H2_2024,81,9,3,9,12,False,0.046948,0.29572,0.271197,1.271197,0.492438,23.118835,1.665217,0.625985,2.116819,789.3999999999996,0.21334,0.013883,0.29571984435797666,11,Back-to-school,60.83109621463631,29.388591488888533,0,2024-11-05 12:00:00,False
2024_JD_0134,Campaign_2024_JD_0134,2024-08-11,2024-09-09,TikTok Ads,Europe,125430,7042,1382,27139.59,88365.23,Adults,Home,Mobile,2024,H2_2024,29,8,3,8,9,False,0.056143,0.196251,2.255953,3.255953,3.853961,216.372399,19.637909,12.548314,63.940109,61225.64,0.69287,0.011018,0.1962510650383414,8,Back-to-school,67.16096627601053,704.4983656222594,1,2024-08-25 12:00:00,False
2024_JD_0163,Campaign_2024_JD_0163,2024-08-22,2024-12-13,Google Display Network,South America,125307,12346,1510,7865.55,25149.91,Seniors,Health,Desktop,2024,H2_2024,113,8,3,8,12,False,0.098526,0.122307,2.197476,3.197476,0.637093,62.770236,5.208974,2.03709,16.65557,17284.36,0.687253,0.01205,0.12230682002267941,10,Back-to-school,110.5764243019145,200.70634521614915,1,2024-10-17 12:00:00,False
2024_JD_0425,Campaign_2024_JD_0425,2024-11-23,2024-12-31,Email,Asia,125234,12498,1626,39794.29,112532.35,Seniors,Home,Tablet,2024,H2_2024,38,11,4,11,12,True,0.099797,0.130101,1.827852,2.827852,3.184053,317.759474,24.473733,9.004029,69.208087,72738.06,0.646375,0.012984,0.1301008161305809,12,Holiday Peak,112.78087420349107,898.5766644840859,1,2024-12-12 00:00:00,False
2024_JD_0145,Campaign_2024_JD_0145,2024-08-24,2024-12-31,Facebook Ads,Asia,124719,3955,1007,37468.23,62678.11,Seniors,Home,Mobile,2024,H2_2024,129,8,3,8,12,False,0.031711,0.254614,0.672833,1.672833,9.473636,300.421187,37.207776,15.847815,62.242413,25209.879999999997,0.402212,0.008074,0.254614412136536,10,Back-to-school,39.78543766386838,502.5546227920365,0,2024-10-27 12:00:00,False
2024_JD_0435,Campaign_2024_JD_0435,2024-11-16,2024-12-31,Google Display Network,North America,124619,10960,1736,29566.24,113808.62,Adults,Home,Desktop,2024,H2_2024,45,11,4,11,12,True,0.087948,0.158394,2.849276,3.849276,2.69765,237.253067,17.031244,10.383998,65.557961,84242.37999999999,0.740211,0.01393,0.1583941605839416,12,Holiday Peak,101.87852574647526,913.2525537839334,1,2024-12-08 12:00:00,False
2024_JD_0624,Campaign_2024_JD_0624,2024-11-16,2024-12-31,Google Display Network,North America,124619,10960,1736,29566.24,113808.62,Adults,Home,Desktop,2024,H2_2024,45,11,4,11,12,True,0.087948,0.158394,2.849276,3.849276,2.69765,237.253067,17.031244,10.383998,65.557961,84242.37999999999,0.740211,0.01393,0.1583941605839416,12,Holiday Peak,101.87852574647526,913.2525537839334,1,2024-12-08 12:00:00,False
2024_JD_0293,Campaign_2024_JD_0293,2024-11-19,2024-12-31,TikTok Ads,Asia,124264,7024,183,17742.05,40517.54,Adults,Health,Desktop,2024,H2_2024,42,11,4,11,12,True,0.056525,0.026054,1.283701,2.283701,2.525918,142.777071,96.951093,5.768442,221.407322,22775.49,0.562114,0.001473,0.02605353075170843,12,Holiday Peak,57.99748921650679,326.06016223524114,0,2024-12-10 00:00:00,False
2024_JD_0623,Campaign_2024_JD_0623,2024-11-19,2024-12-31,TikTok Ads,Asia,124264,7024,183,17742.05,40517.54,Adults,Health,Desktop,2024,H2_2024,42,11,4,11,12,True,0.056525,0.026054,1.283701,2.283701,2.525918,142.777071,96.951093,5.768442,221.407322,22775.49,0.562114,0.001473,0.02605353075170843,12,Holiday Peak,57.99748921650679,326.06016223524114,0,2024-12-10 00:00:00,False
2024_JD_0331,Campaign_2024_JD_0331,2024-07-02,2024-08-14,Google Display Network,North America,124246,17163,3849,24931.31,38557.64,Seniors,Electronics,Desktop,2024,H2_2024,43,7,3,7,8,False,0.138137,0.224261,0.546555,1.546555,1.45262,200.660866,6.477347,2.246556,10.017573,13626.329999999998,0.353402,0.030979,0.22426149274602342,7,Back-to-school,169.1161083656617,310.33304895127407,0,2024-07-23 12:00:00,False
2024_JD_0582,Campaign_2024_JD_0582,2024-09-21,2024-12-31,Google Display Network,Europe,123696,6230,200,4709.29,9851.83,Seniors,Home,Tablet,2024,H2_2024,101,9,3,9,12,False,0.050365,0.032103,1.091999,2.091999,0.755905,38.071482,23.54645,1.581353,49.25915,5142.54,0.521988,0.001617,0.03210272873194221,11,Back-to-school,51.98227913594619,79.6455018755659,0,2024-11-10 12:00:00,False
2024_JD_0246,Campaign_2024_JD_0246,2024-08-14,2024-12-31,Google Ads,Asia,123154,13201,761,9318.14,22321.42,Adults,Automotive,Mobile,2024,H2_2024,139,8,3,8,12,False,0.107191,0.057647,1.39548,2.39548,0.705866,75.662504,12.244599,1.690889,29.331695,13003.279999999999,0.582547,0.006179,0.057647147943337626,10,Back-to-school,113.3702518797603,181.24803092063595,0,2024-10-22 12:00:00,False
2024_JD_0584,Campaign_2024_JD_0584,2024-10-12,2024-12-01,Facebook Ads,Asia,123094,12294,3242,4631.17,9556.78,Seniors,Clothing,Mobile,2024,H2_2024,50,10,4,10,12,True,0.099875,0.263706,1.063578,2.063578,0.376702,37.623036,1.428492,0.777353,2.947804,4925.610000000001,0.515405,0.026338,0.26370587278347163,11,Holiday Peak,126.21248801728761,77.63806521845095,0,2024-11-06 00:00:00,False
2024_JD_0303,Campaign_2024_JD_0303,2024-08-29,2024-12-31,Google Display Network,Europe,122407,13554,388,30525.11,62241.8,Adults,Clothing,Tablet,2024,H2_2024,124,8,3,8,12,False,0.110729,0.028626,1.039036,2.039036,2.252111,249.373892,78.672964,4.592135,160.41701,31716.690000000002,0.509572,0.00317,0.02862623579755054,10,Back-to-school,113.89871494277288,508.48235803507976,0,2024-10-30 00:00:00,False
2024_JD_0314,Campaign_2024_JD_0314,2024-08-11,2024-09-15,Facebook Ads,South America,122360,1239,131,16454.94,45789.32,Seniors,Home,Tablet,2024,H2_2024,35,8,3,8,9,False,0.010126,0.10573,1.78271,2.78271,13.280823,134.479732,125.610229,36.956675,349.536794,29334.38,0.640638,0.001071,0.10573042776432606,8,Back-to-school,11.196469434455704,374.21804511278197,1,2024-08-28 12:00:00,False
2024_JD_0337,Campaign_2024_JD_0337,2024-10-20,2024-11-16,Email,Europe,122235,16155,2442,38288.55,49055.91,Youth,Automotive,Mobile,2024,H2_2024,27,10,4,10,11,True,0.132163,0.151161,0.281216,1.281216,2.370074,313.237207,15.679177,3.036578,20.088415,10767.36,0.219492,0.019978,0.1511606313834726,11,Holiday Peak,152.14136703890048,401.3245797030311,0,2024-11-02 12:00:00,False
2024_JD_0310,Campaign_2024_JD_0310,2024-08-31,2024-12-31,Google Display Network,Asia,121981,6056,1674,29525.26,81674.02,Youth,Automotive,Tablet,2024,H2_2024,122,8,3,8,12,False,0.049647,0.27642,1.766242,2.766242,4.875373,242.048024,17.637551,13.486463,48.789737,52148.76000000001,0.638499,0.013723,0.27642007926023776,10,Back-to-school,63.370524917815075,669.5634566038974,1,2024-10-31 00:00:00,False
2024_JD_0162,Campaign_2024_JD_0162,2024-11-07,2024-12-31,Email,North America,121243,15808,962,21061.17,57216.45,Adults,Health,Tablet,2024,H2_2024,54,11,4,11,12,True,0.130383,0.060855,1.71668,2.71668,1.332311,173.7104,21.893108,3.619462,59.476559,36155.28,0.631904,0.007934,0.06085526315789474,12,Holiday Peak,138.31726367707827,471.91549202840577,1,2024-12-04 00:00:00,False
2024_JD_0117,Campaign_2024_JD_0117,2024-10-29,2024-12-15,Email,North America,121148,2816,530,24902.68,78614.78,Adults,Health,Tablet,2024,H2_2024,47,10,4,10,12,True,0.023244,0.18821,2.15688,3.15688,8.843281,205.555849,46.986189,27.91718,148.329774,53712.1,0.683232,0.004375,0.18821022727272727,11,Holiday Peak,27.619110509459507,648.9152111466966,1,2024-11-21 12:00:00,False
2024_JD_0292,Campaign_2024_JD_0292,2024-08-01,2024-12-31,Google Display Network,Asia,120700,12230,2629,39319.38,111278.28,Adults,Clothing,Tablet,2024,H2_2024,152,8,3,8,12,False,0.101326,0.214963,1.830113,2.830113,3.214994,325.761226,14.956021,9.098796,42.327227,71958.9,0.646657,0.021781,0.21496320523303353,10,Back-to-school,123.10687655343827,921.9410107705054,1,2024-10-16 00:00:00,False
2024_JD_0377,Campaign_2024_JD_0377,2024-10-27,2024-12-01,Google Display Network,Europe,120357,2486,125,49009.34,132771.61,Seniors,Automotive,Mobile,2024,H2_2024,35,10,4,10,12,True,0.020655,0.050282,1.709108,2.709108,19.714135,407.199747,392.07472,53.407727,1062.17288,83762.26999999999,0.630875,0.001039,0.0502815768302494,11,Holiday Peak,21.6937942953048,1103.1482173866082,1,2024-11-13 12:00:00,False
2024_JD_0173,Campaign_2024_JD_0173,2024-08-02,2024-09-21,TikTok Ads,South America,119130,2953,272,3519.86,8242.25,Adults,Clothing,Mobile,2024,H2_2024,50,8,3,8,9,False,0.024788,0.09211,1.341641,2.341641,1.191961,29.546378,12.940662,2.791145,30.30239,4722.389999999999,0.572949,0.002283,0.0921097189299018,8,Back-to-school,27.07126668345505,69.18702258037439,0,2024-08-27 00:00:00,False
2024_JD_0511,Campaign_2024_JD_0511,2024-11-06,2024-12-31,Google Display Network,Africa,118943,12735,166,3334.42,10532.35,Adults,Electronics,Tablet,2024,H2_2024,55,11,4,11,12,True,0.107068,0.013035,2.158675,3.158675,0.261831,28.033764,20.086867,0.82704,63.447892,7197.93,0.683412,0.001396,0.013034943070278759,12,Holiday Peak,108.46371791530397,88.54955735100006,1,2024-12-03 12:00:00,False
2024_JD_0486,Campaign_2024_JD_0486,2024-10-14,2024-11-23,Google Ads,Asia,118688,14891,608,40745.06,108491.7,Seniors,Health,Mobile,2024,H2_2024,40,10,4,10,11,True,0.125463,0.04083,1.662696,2.662696,2.736221,343.295531,67.014901,7.285723,178.440296,67746.64,0.624441,0.005123,0.04083003156268887,11,Holiday Peak,130.58607441358856,914.0915678080345,1,2024-11-03 00:00:00,False
2024_JD_0340,Campaign_2024_JD_0340,2024-07-20,2024-12-19,Email,Europe,118175,2194,247,7753.32,21127.77,Adults,Clothing,Desktop,2024,H2_2024,152,7,3,7,12,False,0.018566,0.11258,1.724997,2.724997,3.533874,65.608801,31.38996,9.629795,85.53753,13374.45,0.633027,0.00209,0.11257976298997266,10,Back-to-school,20.655807065792256,178.78375290882167,1,2024-10-04 00:00:00,False
2024_JD_0489,Campaign_2024_JD_0489,2024-09-22,2024-11-27,Google Display Network,Asia,118000,15974,2454,7579.47,25794.82,Youth,Clothing,Tablet,2024,H2_2024,66,9,3,9,11,False,0.135373,0.153625,2.403249,3.403249,0.474488,64.232797,3.088619,1.6148,10.511337,18215.35,0.706163,0.020797,0.1536246400400651,10,Back-to-school,156.16949152542372,218.60016949152543,1,2024-10-25 00:00:00,False
2024_JD_0026,Campaign_2024_JD_0026,2024-07-02,2024-11-23,Facebook Ads,Europe,117859,15055,1004,14653.68,48196.12,Seniors,Automotive,Tablet,2024,H2_2024,144,7,3,7,11,False,0.127737,0.066689,2.289011,3.289011,0.973343,124.332295,14.595299,3.201336,48.004104,33542.44,0.695957,0.008519,0.06668880770508137,9,Back-to-school,136.25603475339176,408.9303320068896,1,2024-09-12 00:00:00,False
2024_JD_0599,Campaign_2024_JD_0599,2024-10-27,2024-12-31,Email,Africa,117599,17552,4115,37644.09,58212.77,Youth,Automotive,Mobile,2024,H2_2024,65,10,4,10,12,True,0.149253,0.234446,0.546399,1.546399,2.144718,320.105528,9.148017,3.316589,14.146481,20568.68,0.353336,0.034992,0.23444621695533271,11,Holiday Peak,184.24476398608832,495.0107568941912,0,2024-11-28 12:00:00,False
2024_JD_0189,Campaign_2024_JD_0189,2024-09-06,2024-12-31,Facebook Ads,North America,117573,9007,521,1875.82,6512.4,Seniors,Health,Desktop,2024,H2_2024,116,9,3,9,12,False,0.076608,0.057844,2.471762,3.471762,0.208262,15.954513,3.600422,0.723038,12.499808,4636.58,0.711962,0.004431,0.057843899189519266,11,Back-to-school,81.03901405935036,55.390268173815414,1,2024-11-03 00:00:00,False
2024_JD_0542,Campaign_2024_JD_0542,2024-07-20,2024-09-13,TikTok Ads,Africa,116541,3360,140,23443.09,33097.4,Seniors,Home,Desktop,2024,H2_2024,55,7,3,7,9,False,0.028831,0.041667,0.411819,1.411819,6.97711,201.157447,167.450643,9.850417,236.41,9654.310000000001,0.291694,0.001201,0.041666666666666664,8,Back-to-school,30.032349130348976,283.9979063162321,0,2024-08-16 12:00:00,False
2024_JD_0033,Campaign_2024_JD_0033,2024-10-20,2024-12-31,Google Display Network,Europe,116472,3213,928,5562.04,18152.25,Seniors,Health,Mobile,2024,H2_2024,72,10,4,10,12,True,0.027586,0.288827,2.263596,3.263596,1.731105,47.75431,5.993578,5.649627,19.560614,12590.21,0.693589,0.007968,0.28882664176781825,11,Holiday Peak,35.553609451198575,155.85076241500104,1,2024-11-25 00:00:00,False
2024_JD_0247,Campaign_2024_JD_0247,2024-07-10,2024-10-08,Email,North America,116453,4596,1325,23022.26,58755.89,Seniors,Home,Mobile,2024,H2_2024,90,7,3,7,10,False,0.039467,0.288294,1.552134,2.552134,5.009195,197.695723,17.375291,12.784136,44.344068,35733.630000000005,0.608171,0.011378,0.2882941688424717,8,Back-to-school,50.84454672700574,504.5459541617648,0,2024-08-24 00:00:00,False
2024_JD_0283,Campaign_2024_JD_0283,2024-10-17,2024-12-06,Google Display Network,South America,116335,15215,224,16845.21,28995.82,Seniors,Health,Desktop,2024,H2_2024,50,10,4,10,12,True,0.130786,0.014722,0.721309,1.721309,1.107145,144.799158,75.20183,1.905739,129.445625,12150.61,0.419047,0.001925,0.01472231350640815,11,Holiday Peak,132.71156573688057,249.2441655563674,0,2024-11-11 00:00:00,False
2024_JD_0596,Campaign_2024_JD_0596,2024-09-28,2024-11-04,Google Ads,North America,116249,8647,1478,14325.36,40002.5,Seniors,Electronics,Tablet,2024,H2_2024,37,9,3,9,11,False,0.074383,0.170926,1.792425,2.792425,1.656686,123.229963,9.692395,4.626171,27.065291,25677.14,0.641888,0.012714,0.17092633283219613,10,Back-to-school,87.0975234195563,344.110486971931,1,2024-10-16 12:00:00,False
2024_JD_0454,Campaign_2024_JD_0454,2024-11-21,2024-12-31,Google Ads,Europe,116041,2657,38,33675.87,62438.92,Seniors,Clothing,Desktop,2024,H2_2024,40,11,4,11,12,True,0.022897,0.014302,0.854115,1.854115,12.674396,290.206651,886.207105,23.499782,1643.129474,28763.049999999996,0.460659,0.000327,0.014301844185171246,12,Holiday Peak,23.224549943554432,538.0763695590351,0,2024-12-11 00:00:00,False
2024_JD_0432,Campaign_2024_JD_0432,2024-10-17,2024-11-22,TikTok Ads,Asia,115659,12488,3360,24416.04,59189.18,Seniors,Electronics,Mobile,2024,H2_2024,36,10,4,10,11,True,0.107973,0.269058,1.424192,2.424192,1.95516,211.103675,7.266679,4.739684,17.615827,34773.14,0.587491,0.029051,0.26905829596412556,11,Holiday Peak,137.0234914706162,511.75593771345075,0,2024-11-04 00:00:00,False
2024_JD_0072,Campaign_2024_JD_0072,2024-07-30,2024-08-30,Facebook Ads,North America,115448,15551,750,41496.42,80341.8,Adults,Home,Desktop,2024,H2_2024,31,7,3,7,8,False,0.134701,0.048228,0.936114,1.936114,2.668408,359.438189,55.32856,5.166343,107.1224,38845.380000000005,0.483501,0.006496,0.04822840974856923,8,Back-to-school,141.1977686923983,695.9133116208163,0,2024-08-14 12:00:00,False
2024_JD_0185,Campaign_2024_JD_0185,2024-07-16,2024-11-15,Google Display Network,North America,115017,9652,834,43634.84,54496.41,Seniors,Automotive,Mobile,2024,H2_2024,122,7,3,7,11,False,0.083918,0.086407,0.24892,1.24892,4.520808,379.377309,52.319952,5.646126,65.343417,10861.570000000007,0.199308,0.007251,0.08640696228760879,9,Back-to-school,91.16913151968839,473.81178434492296,0,2024-09-15 00:00:00,False
2024_JD_0114,Campaign_2024_JD_0114,2024-11-22,2024-12-19,TikTok Ads,Europe,114779,7315,1676,18400.11,54492.33,Youth,Health,Desktop,2024,H2_2024,27,11,4,11,12,True,0.063731,0.229118,1.961522,2.961522,2.515394,160.309029,10.978586,7.449396,32.513323,36092.22,0.662336,0.014602,0.22911825017088175,12,Holiday Peak,78.3331445647723,474.7587102170258,1,2024-12-05 12:00:00,False
2024_JD_0156,Campaign_2024_JD_0156,2024-08-01,2024-12-28,Facebook Ads,North America,114575,1977,331,11876.64,20564.07,Adults,Clothing,Desktop,2024,H2_2024,149,8,3,8,12,False,0.017255,0.167425,0.731472,1.731472,6.007405,103.658215,35.881088,10.401654,62.1271,8687.43,0.422457,0.002889,0.16742539200809306,10,Back-to-school,20.14401047348898,179.48130045821514,0,2024-10-14 12:00:00,False
2024_JD_0020,Campaign_2024_JD_0020,2024-07-28,2024-10-16,TikTok Ads,North America,114225,16034,1757,32036.78,102657.36,Youth,Home,Tablet,2024,H2_2024,80,7,3,7,10,False,0.140372,0.10958,2.204359,3.204359,1.998053,280.470825,18.233796,6.40248,58.427638,70620.58,0.687925,0.015382,0.10957964325807659,9,Back-to-school,155.75399430947692,898.7293499671702,1,2024-09-06 00:00:00,False
2024_JD_0273,Campaign_2024_JD_0273,2024-08-05,2024-11-11,Google Ads,Europe,112971,13278,1930,40971.68,84363.65,Youth,Clothing,Mobile,2024,H2_2024,98,8,3,8,11,False,0.117535,0.145353,1.059072,2.059072,3.085682,362.674315,21.22885,6.353641,43.711736,43391.969999999994,0.514344,0.017084,0.14535321584575991,9,Back-to-school,134.61861893760346,746.7726230625558,0,2024-09-23 00:00:00,False
2024_JD_0472,Campaign_2024_JD_0472,2024-10-08,2024-12-31,Google Display Network,Africa,112692,2898,189,20341.98,67959.64,Adults,Home,Desktop,2024,H2_2024,84,10,4,10,12,True,0.025716,0.065217,2.340857,3.340857,7.019317,180.50953,107.629524,23.450531,359.574815,47617.66,0.700676,0.001677,0.06521739130434782,11,Holiday Peak,27.393248855286977,603.05647250914,1,2024-11-19 00:00:00,False
2024_JD_0572,Campaign_2024_JD_0572,2024-08-02,2024-12-31,Google Display Network,South America,112216,5855,292,36888.28,119068.86,Youth,Clothing,Desktop,2024,H2_2024,151,8,3,8,12,False,0.052176,0.049872,2.227824,3.227824,6.300304,328.725672,126.329726,20.33627,407.770068,82180.58,0.690194,0.002602,0.04987190435525192,10,Back-to-school,54.77828473657946,1061.068475083767,1,2024-10-16 12:00:00,False
2024_JD_0502,Campaign_2024_JD_0502,2024-08-03,2024-12-24,Google Display Network,Europe,112096,11964,445,19214.48,40401.4,Adults,Health,Tablet,2024,H2_2024,143,8,3,8,12,False,0.10673,0.037195,1.102654,2.102654,1.606025,171.410933,43.178607,3.376914,90.789663,21186.920000000002,0.524411,0.00397,0.03719491808759612,10,Back-to-school,110.69975735084213,360.41785612332285,0,2024-10-13 12:00:00,False
2024_JD_0533,Campaign_2024_JD_0533,2024-09-10,2024-12-31,Email,North America,111464,1226,23,15094.0,28762.92,Seniors,Health,Tablet,2024,H2_2024,112,9,3,9,12,False,0.010999,0.01876,0.905586,1.905586,12.311582,135.415919,656.26087,23.460783,1250.561739,13668.919999999998,0.475227,0.000206,0.018760195758564437,11,Back-to-school,11.205411612718008,258.0467236058279,0,2024-11-05 00:00:00,False
2024_JD_0093,Campaign_2024_JD_0093,2024-10-06,2024-12-31,Email,North America,110570,9807,482,1669.93,2293.36,Youth,Electronics,Desktop,2024,H2_2024,86,10,4,10,12,True,0.088695,0.049149,0.373327,1.373327,0.170279,15.102921,3.464585,0.233849,4.758008,623.4300000000001,0.271841,0.004359,0.049148567349852144,11,Holiday Peak,93.05417382653523,20.741249886949447,0,2024-11-18 00:00:00,False
2024_JD_0112,Campaign_2024_JD_0112,2024-07-18,2024-09-08,Email,Europe,110186,3007,44,6138.59,17777.55,Seniors,Automotive,Desktop,2024,H2_2024,52,7,3,7,9,False,0.02729,0.014633,1.896031,2.896031,2.041433,55.711161,139.513409,5.912055,404.035227,11638.96,0.6547,0.000399,0.014632524110409046,8,Back-to-school,27.689543136151595,161.34127747626738,1,2024-08-13 00:00:00,False
2024_JD_0142,Campaign_2024_JD_0142,2024-10-28,2024-12-18,Google Display Network,North America,109263,1218,117,38791.09,79956.25,Youth,Health,Tablet,2024,H2_2024,51,10,4,10,12,True,0.011147,0.096059,1.061201,2.061201,31.848186,355.02494,331.547778,65.645525,683.386752,41165.16,0.514846,0.001071,0.0960591133004926,11,Holiday Peak,12.218225748881139,731.7779120104701,0,2024-11-22 12:00:00,False
2024_JD_0537,Campaign_2024_JD_0537,2024-07-14,2024-12-22,TikTok Ads,Africa,109245,8736,846,49527.73,96484.18,Adults,Electronics,Desktop,2024,H2_2024,161,7,3,7,12,False,0.079967,0.096841,0.948084,1.948084,5.669383,453.363815,58.543416,11.044435,114.047494,46956.44999999999,0.486675,0.007744,0.09684065934065934,10,Back-to-school,87.71110805986544,883.1908096480387,0,2024-10-02 12:00:00,False
2024_JD_0222,Campaign_2024_JD_0222,2024-09-22,2024-10-15,Google Ads,Europe,109101,10299,2875,29516.6,53681.39,Seniors,Health,Desktop,2024,H2_2024,23,9,3,9,10,False,0.094399,0.279153,0.818685,1.818685,2.865968,270.543808,10.266643,5.212291,18.671788,24164.79,0.450152,0.026352,0.27915331585590836,10,Back-to-school,120.75049724567144,492.0338951980275,0,2024-10-03 12:00:00,False
2024_JD_0370,Campaign_2024_JD_0370,2024-09-27,2024-12-31,Google Ads,Asia,108850,7940,385,10584.85,17247.63,Adults,Home,Mobile,2024,H2_2024,95,9,3,9,12,False,0.072944,0.048489,0.629464,1.629464,1.333105,97.242536,27.493117,2.172246,44.799039,6662.780000000001,0.386301,0.003537,0.04848866498740554,11,Back-to-school,76.48139641708774,158.45319246669732,0,2024-11-13 12:00:00,False
2024_JD_0001,Campaign_2024_JD_0001,2024-10-11,2024-12-31,Google Ads,Asia,108694,14504,3917,30245.66,67309.16,Seniors,Clothing,Mobile,2024,H2_2024,81,10,4,10,12,True,0.133439,0.270063,1.225415,2.225415,2.085332,278.264302,7.721639,4.640731,17.183855,37063.5,0.550646,0.036037,0.2700634307777165,11,Holiday Peak,169.47577603179568,619.2536846560068,0,2024-11-20 12:00:00,False
2024_JD_0077,Campaign_2024_JD_0077,2024-09-13,2024-12-31,Google Display Network,Europe,108150,7812,1031,31292.69,44829.35,Seniors,Clothing,Tablet,2024,H2_2024,109,9,3,9,12,False,0.072233,0.131976,0.432582,1.432582,4.005721,289.345261,30.351785,5.738524,43.481426,13536.66,0.30196,0.009533,0.13197644649257553,11,Back-to-school,81.76606564956079,414.51086453999073,0,2024-11-06 12:00:00,False
2024_JD_0231,Campaign_2024_JD_0231,2024-10-22,2024-11-13,Google Ads,North America,107215,10977,1992,40284.68,79793.29,Adults,Clothing,Desktop,2024,H2_2024,22,10,4,10,11,True,0.102383,0.18147,0.980735,1.980735,3.669917,375.73735,20.223233,7.269135,40.056872,39508.60999999999,0.495137,0.018579,0.18147034708936868,11,Holiday Peak,120.96255188173296,744.2362542554679,0,2024-11-02 00:00:00,False
2024_JD_0415,Campaign_2024_JD_0415,2024-09-22,2024-12-31,Email,North America,107112,1402,391,16732.97,48938.19,Adults,Health,Mobile,2024,H2_2024,100,9,3,9,12,False,0.013089,0.278887,1.924657,2.924657,11.935071,156.219378,42.79532,34.905984,125.161611,32205.22,0.65808,0.00365,0.2788873038516405,11,Back-to-school,16.73948763910673,456.88802375084026,1,2024-11-11 00:00:00,False
2024_JD_0523,Campaign_2024_JD_0523,2024-10-30,2024-12-31,Email,Europe,106968,4558,807,3542.87,5409.93,Seniors,Home,Mobile,2024,H2_2024,62,10,4,10,12,True,0.042611,0.177051,0.526991,1.526991,0.777286,33.12084,4.390173,1.186909,6.703755,1867.0600000000004,0.345117,0.007544,0.17705133830627467,11,Holiday Peak,50.15518659786104,50.57521875701144,0,2024-11-30 00:00:00,False
2024_JD_0561,Campaign_2024_JD_0561,2024-07-04,2024-11-30,Facebook Ads,Africa,106948,6039,881,2387.25,4017.9,Adults,Home,Tablet,2024,H2_2024,149,7,3,7,11,False,0.056467,0.145885,0.683066,1.683066,0.395306,22.321596,2.709705,0.665325,4.560613,1630.65,0.405846,0.008238,0.1458850803113098,9,Back-to-school,64.70434229719116,37.56872498784456,0,2024-09-16 12:00:00,False
2024_JD_0065,Campaign_2024_JD_0065,2024-08-02,2024-12-31,Email,Africa,106042,12750,1763,31671.04,97767.92,Youth,Health,Mobile,2024,H2_2024,151,8,3,8,12,False,0.120235,0.138275,2.086982,3.086982,2.484003,298.665057,17.964288,7.668072,55.455428,66096.88,0.676059,0.016625,0.13827450980392156,10,Back-to-school,136.8608664491428,921.97355764697,1,2024-10-16 12:00:00,False
2024_JD_0591,Campaign_2024_JD_0591,2024-08-13,2024-09-25,TikTok Ads,Europe,105922,5737,1172,10553.78,34278.06,Seniors,Automotive,Desktop,2024,H2_2024,43,8,3,8,9,False,0.054162,0.204288,2.247941,3.247941,1.839599,99.63728,9.004932,5.97491,29.247491,23724.28,0.692113,0.011065,0.20428795537737493,9,Back-to-school,65.2272426880157,323.6160570986197,1,2024-09-03 12:00:00,False
2024_JD_0217,Campaign_2024_JD_0217,2024-09-22,2024-10-12,TikTok Ads,North America,104986,15313,4116,36496.71,106403.43,Adults,Health,Tablet,2024,H2_2024,20,9,3,9,10,False,0.145858,0.268791,1.915425,2.915425,2.383381,347.634065,8.867034,6.948569,25.851173,69906.72,0.656997,0.039205,0.2687912231437341,10,Back-to-school,185.0627702741318,1013.5011334844645,1,2024-10-02 00:00:00,False
2024_JD_0418,Campaign_2024_JD_0418,2024-10-25,2024-11-10,Google Ads,Europe,104932,15038,536,27164.41,41477.76,Adults,Electronics,Desktop,2024,H2_2024,16,10,4,10,11,True,0.143312,0.035643,0.526916,1.526916,1.806384,258.87632,50.679869,2.758197,77.383881,14313.350000000002,0.345085,0.005108,0.03564303763798377,11,Holiday Peak,148.41992909693897,395.28227804673503,0,2024-11-02 00:00:00,False
2024_JD_0546,Campaign_2024_JD_0546,2024-08-17,2024-12-31,Email,Africa,104575,2858,637,19304.19,25406.72,Youth,Electronics,Mobile,2024,H2_2024,136,8,3,8,12,False,0.02733,0.222883,0.316125,1.316125,6.75444,184.596605,30.304851,8.889685,39.884961,6102.5300000000025,0.240194,0.006091,0.22288313505948215,10,Back-to-school,33.42098972029644,242.95213961271816,0,2024-10-24 00:00:00,False
2024_JD_0261,Campaign_2024_JD_0261,2024-09-20,2024-12-31,TikTok Ads,South America,104304,10085,1488,41073.88,60644.8,Adults,Health,Desktop,2024,H2_2024,102,9,3,9,12,False,0.096689,0.147546,0.476481,1.476481,4.072769,393.790075,27.603414,6.013366,40.755914,19570.920000000006,0.322714,0.014266,0.1475458601883986,11,Back-to-school,110.95451756404356,581.4235312164443,0,2024-11-10 00:00:00,False
2024_JD_0291,Campaign_2024_JD_0291,2024-10-16,2024-12-31,Email,Asia,103452,14429,4181,13595.32,40951.48,Seniors,Health,Tablet,2024,H2_2024,76,10,4,10,12,True,0.139475,0.289764,2.012175,3.012175,0.942222,131.416696,3.251691,2.838137,9.794662,27356.160000000003,0.668014,0.040415,0.2897636703860281,11,Holiday Peak,179.89019061980434,395.85005606464836,1,2024-11-23 00:00:00,False
2024_JD_0146,Campaign_2024_JD_0146,2024-08-26,2024-12-31,Google Display Network,Africa,102945,14253,716,21310.72,67897.91,Youth,Health,Mobile,2024,H2_2024,127,8,3,8,12,False,0.138453,0.050235,2.186092,3.186092,1.495174,207.010734,29.763575,4.763763,94.829483,46587.19,0.686136,0.006955,0.05023503823756402,10,Back-to-school,145.40774199815436,659.5551993783089,1,2024-10-28 12:00:00,False
2024_JD_0041,Campaign_2024_JD_0041,2024-07-21,2024-09-03,Email,South America,102888,8050,1039,43344.21,74960.61,Youth,Home,Mobile,2024,H2_2024,44,7,3,7,9,False,0.07824,0.129068,0.729426,1.729426,5.384374,421.275659,41.717238,9.311877,72.146882,31616.4,0.421774,0.010098,0.12906832298136647,8,Back-to-school,88.33877614493429,728.5651387916957,0,2024-08-12 00:00:00,False
2024_JD_0216,Campaign_2024_JD_0216,2024-09-19,2024-12-31,Email,South America,102883,2016,40,45566.7,144534.3,Youth,Automotive,Tablet,2024,H2_2024,103,9,3,9,12,False,0.019595,0.019841,2.171928,3.171928,22.60253,442.898244,1139.1675,71.693601,3613.3575,98967.59999999999,0.684734,0.000389,0.01984126984126984,11,Back-to-school,19.983865167228796,1404.8414218092396,1,2024-11-09 12:00:00,False
2024_JD_0126,Campaign_2024_JD_0126,2024-11-20,2024-12-31,Facebook Ads,South America,102829,11258,1230,46546.93,159258.79,Adults,Health,Tablet,2024,H2_2024,41,11,4,11,12,True,0.109483,0.109256,2.421467,3.421467,4.134565,452.663451,37.843033,14.146277,129.478691,112711.86000000002,0.707728,0.011962,0.10925564043346954,12,Holiday Peak,121.44433963181594,1548.7731087533675,1,2024-12-10 12:00:00,False
2024_JD_0062,Campaign_2024_JD_0062,2024-07-10,2024-10-01,Email,Africa,102379,3872,799,46738.38,109946.98,Youth,Electronics,Tablet,2024,H2_2024,83,7,3,7,10,False,0.03782,0.206353,1.352392,2.352392,12.070863,456.523115,58.496095,28.395398,137.605732,63208.6,0.574901,0.007804,0.20635330578512398,8,Back-to-school,45.62459098057219,1073.9212143115287,0,2024-08-20 12:00:00,False
2024_JD_0306,Campaign_2024_JD_0306,2024-10-23,2024-11-13,Google Ads,North America,102359,9614,704,25961.68,90668.64,Adults,Automotive,Desktop,2024,H2_2024,21,10,4,10,11,True,0.093924,0.073227,2.492403,3.492403,2.700404,253.633584,36.877386,9.430897,128.790682,64706.96,0.713664,0.006878,0.07322654462242563,11,Holiday Peak,100.80207895739505,885.7905997518538,1,2024-11-02 12:00:00,False
2024_JD_0556,Campaign_2024_JD_0556,2024-11-08,2024-12-31,Google Display Network,Africa,102088,2034,513,19184.53,70014.7,Seniors,Health,Tablet,2024,H2_2024,53,11,4,11,12,True,0.019924,0.252212,2.649539,3.649539,9.431922,187.921499,37.396745,34.422173,136.480897,50830.17,0.725993,0.005025,0.252212389380531,12,Holiday Peak,24.949063553013087,685.8269336258915,1,2024-12-04 12:00:00,False
2024_JD_0364,Campaign_2024_JD_0364,2024-10-06,2024-12-31,Google Ads,Europe,101111,13733,773,37714.9,70464.69,Adults,Clothing,Mobile,2024,H2_2024,86,10,4,10,12,True,0.135821,0.056288,0.868352,1.868352,2.746297,373.004915,48.790298,5.131049,91.157426,32749.79,0.464769,0.007645,0.05628777397509648,11,Holiday Peak,143.4660917209799,696.9042933014211,0,2024-11-18 00:00:00,False
2024_JD_0407,Campaign_2024_JD_0407,2024-10-05,2024-12-31,Google Ads,North America,101038,1350,257,29030.38,69067.22,Adults,Automotive,Mobile,2024,H2_2024,87,10,4,10,12,True,0.013361,0.19037,1.379136,2.379136,21.503985,287.321404,112.958677,51.160904,268.744047,40036.84,0.579679,0.002544,0.19037037037037038,11,Holiday Peak,15.90490706466874,683.5766741226074,0,2024-11-17 12:00:00,False
2024_JD_0539,Campaign_2024_JD_0539,2024-09-04,2024-09-24,Facebook Ads,North America,100556,14728,1488,28219.28,46182.97,Adults,Home,Tablet,2024,H2_2024,20,9,3,9,9,False,0.146466,0.101032,0.636575,1.636575,1.916029,280.632483,18.96457,3.135726,31.036942,17963.690000000002,0.388968,0.014798,0.10103204780010863,9,Back-to-school,161.2633756314889,459.27612474641,0,2024-09-14 00:00:00,False
2024_JD_0052,Campaign_2024_JD_0052,2024-09-08,2024-10-07,Email,South America,100285,3493,646,26589.92,78998.26,Youth,Automotive,Mobile,2024,H2_2024,29,9,3,9,10,False,0.034831,0.184941,1.970985,2.970985,7.612345,265.143541,41.160867,22.616164,122.288328,52408.34,0.663411,0.006442,0.1849413111938162,9,Back-to-school,41.27237373485566,787.7375479882335,1,2024-09-22 12:00:00,False
2024_JD_0393,Campaign_2024_JD_0393,2024-11-01,2024-12-31,TikTok Ads,Asia,99840,2529,422,11703.72,19009.48,Adults,Health,Mobile,2024,H2_2024,60,11,4,11,12,True,0.025331,0.166864,0.624225,1.624225,4.627805,117.22476,27.733934,7.516599,45.046161,7305.76,0.384322,0.004227,0.16686437327006723,12,Holiday Peak,29.557291666666664,190.3994391025641,0,2024-12-01 00:00:00,False
2024_JD_0622,Campaign_2024_JD_0622,2024-11-01,2024-12-31,TikTok Ads,Asia,99840,2529,422,11703.72,19009.48,Adults,Health,Mobile,2024,H2_2024,60,11,4,11,12,True,0.025331,0.166864,0.624225,1.624225,4.627805,117.22476,27.733934,7.516599,45.046161,7305.76,0.384322,0.004227,0.16686437327006723,12,Holiday Peak,29.557291666666664,190.3994391025641,0,2024-12-01 00:00:00,False
2024_JD_0538,Campaign_2024_JD_0538,2024-09-01,2024-12-29,TikTok Ads,Africa,99776,10604,2371,23055.71,79480.87,Adults,Automotive,Desktop,2024,H2_2024,119,9,3,9,12,False,0.106278,0.223595,2.44734,3.44734,2.174247,231.074707,9.724045,7.495367,33.522088,56425.159999999996,0.709921,0.023763,0.22359486986043003,10,Back-to-school,130.04129249518923,796.5930684733803,1,2024-10-30 12:00:00,False
2024_JD_0061,Campaign_2024_JD_0061,2024-11-21,2024-12-31,Google Display Network,Asia,99758,10824,1420,23769.02,70449.65,Youth,Health,Desktop,2024,H2_2024,40,11,4,11,12,True,0.108503,0.13119,1.963927,2.963927,2.195955,238.266806,16.738746,6.508652,49.61243,46680.62999999999,0.66261,0.014234,0.131189948263119,12,Holiday Peak,122.737023597105,706.2055173519918,1,2024-12-11 00:00:00,False
2024_JD_0100,Campaign_2024_JD_0100,2024-09-29,2024-12-04,Google Display Network,Asia,99456,5255,1556,39399.0,83212.59,Seniors,Clothing,Tablet,2024,H2_2024,66,9,3,9,12,False,0.052837,0.296099,1.112048,2.112048,7.497431,396.145029,25.320694,15.834936,53.478528,43813.59,0.526526,0.015645,0.2960989533777355,11,Back-to-school,68.48254504504504,836.6774251930501,0,2024-11-01 00:00:00,False
2024_JD_0319,Campaign_2024_JD_0319,2024-11-25,2024-12-30,Google Display Network,Europe,99439,13083,2080,15530.24,34240.28,Seniors,Automotive,Tablet,2024,H2_2024,35,11,4,11,12,True,0.131568,0.158985,1.204749,2.204749,1.187055,156.178562,7.466462,2.617158,16.461673,18710.04,0.546434,0.020917,0.15898494229152335,12,Holiday Peak,152.48544333712127,344.3345166383411,0,2024-12-12 12:00:00,False
2024_JD_0621,Campaign_2024_JD_0621,2024-11-25,2024-12-30,Google Display Network,Europe,99439,13083,2080,15530.24,34240.28,Seniors,Automotive,Tablet,2024,H2_2024,35,11,4,11,12,True,0.131568,0.158985,1.204749,2.204749,1.187055,156.178562,7.466462,2.617158,16.461673,18710.04,0.546434,0.020917,0.15898494229152335,12,Holiday Peak,152.48544333712127,344.3345166383411,0,2024-12-12 12:00:00,False
2024_JD_0067,Campaign_2024_JD_0067,2024-08-04,2024-11-07,Google Display Network,Europe,99297,9959,2751,42398.89,53148.09,Seniors,Clothing,Mobile,2024,H2_2024,95,8,3,8,11,False,0.100295,0.276233,0.253526,1.253526,4.257344,426.990644,15.412174,5.336689,19.319553,10749.199999999997,0.20225,0.027705,0.2762325534692238,9,Back-to-school,127.99983886723668,535.2436629505423,0,2024-09-20 12:00:00,False
2024_JD_0097,Campaign_2024_JD_0097,2024-10-26,2024-11-12,Facebook Ads,North America,99074,5353,1130,48430.71,67964.7,Youth,Automotive,Mobile,2024,H2_2024,17,10,4,10,11,True,0.05403,0.211097,0.403339,1.403339,9.047396,488.8337,42.859035,12.696563,60.145752,19533.989999999998,0.287414,0.011406,0.21109658135624884,11,Holiday Peak,65.43593677453217,685.9993540182086,0,2024-11-03 12:00:00,False
2024_JD_0281,Campaign_2024_JD_0281,2024-09-23,2024-12-31,Google Ads,North America,99018,10759,2791,36162.29,100986.92,Seniors,Home,Mobile,2024,H2_2024,99,9,3,9,12,False,0.108657,0.259411,1.792603,2.792603,3.36112,365.209255,12.95675,9.386274,36.18306,64824.63,0.641911,0.028187,0.2594107259038944,11,Back-to-school,136.84380617665474,1019.8844654507261,1,2024-11-11 12:00:00,False
2024_JD_0577,Campaign_2024_JD_0577,2024-08-17,2024-11-03,Google Display Network,Africa,98500,12149,415,7999.26,22332.09,Youth,Health,Mobile,2024,H2_2024,78,8,3,8,11,False,0.12334,0.034159,1.791769,2.791769,0.65843,81.210761,19.275325,1.838183,53.812265,14332.83,0.641804,0.004213,0.0341591900567948,9,Back-to-school,127.55329949238579,226.72172588832487,1,2024-09-25 00:00:00,False
2024_JD_0029,Campaign_2024_JD_0029,2024-11-21,2024-12-31,Google Ads,Africa,98384,10322,289,10139.41,14430.01,Adults,Clothing,Mobile,2024,H2_2024,40,11,4,11,12,True,0.104915,0.027998,0.423161,1.423161,0.982311,103.059542,35.084464,1.397986,49.93083,4290.6,0.297339,0.002937,0.027998449912807595,12,Holiday Peak,107.85290291104245,146.67029191738493,0,2024-12-11 00:00:00,False
2024_JD_0279,Campaign_2024_JD_0279,2024-08-06,2024-12-31,TikTok Ads,Asia,97578,1962,473,27788.17,48170.19,Youth,Automotive,Desktop,2024,H2_2024,147,8,3,8,12,False,0.020107,0.241081,0.733478,1.733478,14.163186,284.779049,58.748774,24.551575,101.839725,20382.020000000004,0.423125,0.004847,0.24108053007135577,10,Back-to-school,24.95439545799258,493.65830412593004,0,2024-10-18 12:00:00,False
2024_JD_0207,Campaign_2024_JD_0207,2024-07-02,2024-10-01,Email,Europe,97124,10710,401,10463.51,14580.13,Seniors,Home,Desktop,2024,H2_2024,91,7,3,7,10,False,0.110271,0.037442,0.393426,1.393426,0.976985,107.733516,26.093541,1.361357,36.359426,4116.619999999999,0.282345,0.004129,0.037441643323996264,8,Back-to-school,114.4001482640748,150.11871422099583,0,2024-08-16 12:00:00,False
2024_JD_0589,Campaign_2024_JD_0589,2024-08-17,2024-12-31,Email,South America,97067,6225,1286,29601.97,88761.74,Youth,Health,Desktop,2024,H2_2024,136,8,3,8,12,False,0.064131,0.206586,1.998508,2.998508,4.755337,304.964303,23.018639,14.258914,69.021571,59159.770000000004,0.666501,0.013249,0.2065863453815261,10,Back-to-school,77.37954196585864,914.4378625073404,1,2024-10-24 00:00:00,False
2024_JD_0424,Campaign_2024_JD_0424,2024-07-07,2024-12-31,Email,North America,96703,5895,1274,47385.58,93893.02,Youth,Clothing,Tablet,2024,H2_2024,177,7,3,7,12,False,0.06096,0.216115,0.981468,1.981468,8.038266,490.011478,37.194333,15.927569,73.699388,46507.44,0.495324,0.013174,0.21611535199321458,10,Back-to-school,74.13420472994633,970.9421631180005,0,2024-10-03 12:00:00,False
2024_JD_0038,Campaign_2024_JD_0038,2024-08-02,2024-12-31,Facebook Ads,North America,96412,5875,1585,32832.01,103526.35,Seniors,Health,Desktop,2024,H2_2024,151,8,3,8,12,False,0.060936,0.269787,2.153214,3.153214,5.588427,340.538626,20.714202,17.621506,65.316309,70694.34,0.682863,0.01644,0.26978723404255317,10,Back-to-school,77.37626021657054,1073.7911255860267,1,2024-10-16 12:00:00,False
2024_JD_0465,Campaign_2024_JD_0465,2024-08-20,2024-12-31,Google Ads,Europe,96218,3186,228,19488.58,66599.89,Youth,Automotive,Desktop,2024,H2_2024,133,8,3,8,12,False,0.033112,0.071563,2.41738,3.41738,6.116943,202.546093,85.476228,20.90392,292.104781,47111.31,0.707378,0.00237,0.07156308851224105,10,Back-to-school,35.48192645866678,692.1770354819264,1,2024-10-25 12:00:00,False
2024_JD_0164,Campaign_2024_JD_0164,2024-10-28,2024-12-31,Google Display Network,South America,95093,5173,786,21835.46,27331.0,Adults,Clothing,Desktop,2024,H2_2024,64,10,4,10,12,True,0.054399,0.151943,0.25168,1.25168,4.221044,229.622159,27.780483,5.283395,34.772265,5495.540000000001,0.201074,0.008266,0.15194277981828727,11,Holiday Peak,62.664970081919805,287.41337427570903,0,2024-11-29 00:00:00,False
2024_JD_0458,Campaign_2024_JD_0458,2024-09-12,2024-10-06,Google Display Network,Africa,94571,6520,1654,4517.01,12512.21,Seniors,Health,Desktop,2024,H2_2024,24,9,3,9,10,False,0.068943,0.253681,1.77002,2.77002,0.692793,47.763162,2.730961,1.919051,7.564819,7995.199999999999,0.638992,0.01749,0.253680981595092,9,Back-to-school,86.43241585686944,132.3049349166235,1,2024-09-24 00:00:00,False
2024_JD_0243,Campaign_2024_JD_0243,2024-09-25,2024-11-20,Google Ads,Africa,93397,934,49,13114.32,42001.56,Seniors,Automotive,Desktop,2024,H2_2024,56,9,3,9,11,False,0.01,0.052463,2.202725,3.202725,14.041028,140.414788,267.639184,44.96955,857.174694,28887.239999999998,0.687766,0.000525,0.05246252676659529,10,Back-to-school,10.524963328586571,449.7099478569975,1,2024-10-23 00:00:00,False
2024_JD_0541,Campaign_2024_JD_0541,2024-07-24,2024-10-20,Facebook Ads,South America,93229,5049,203,30578.22,42107.82,Youth,Health,Desktop,2024,H2_2024,88,7,3,7,10,False,0.054157,0.040206,0.377053,1.377053,6.056292,327.990432,150.631626,8.339834,207.427685,11529.599999999999,0.273811,0.002177,0.04020598138245197,9,Back-to-school,56.334402385523816,451.66010576108295,0,2024-09-06 00:00:00,False
2024_JD_0274,Campaign_2024_JD_0274,2024-10-14,2024-12-14,Email,North America,93204,8217,1382,44326.12,76444.09,Youth,Home,Desktop,2024,H2_2024,61,10,4,10,12,True,0.088161,0.168188,0.724583,1.724583,5.394441,475.581735,32.073893,9.303163,55.314103,32117.969999999994,0.42015,0.014828,0.16818790312766216,11,Holiday Peak,102.98914209690572,820.1803570662204,0,2024-11-13 12:00:00,False
2024_JD_0075,Campaign_2024_JD_0075,2024-07-25,2024-12-09,Google Display Network,Asia,92508,8576,1252,39691.29,55955.75,Youth,Health,Mobile,2024,H2_2024,137,7,3,7,12,False,0.092705,0.145989,0.409774,1.409774,4.628182,429.057919,31.702308,6.524691,44.693091,16264.46,0.290666,0.013534,0.14598880597014927,10,Back-to-school,106.23946037099495,604.8747135382886,0,2024-10-01 12:00:00,False
2024_JD_0006,Campaign_2024_JD_0006,2024-08-20,2024-12-31,Email,South America,92313,11550,715,48315.97,147813.72,Youth,Automotive,Tablet,2024,H2_2024,133,8,3,8,12,False,0.125118,0.061905,2.059314,3.059314,4.183201,523.392913,67.574783,12.797725,206.732476,99497.75,0.673129,0.007745,0.06190476190476191,10,Back-to-school,132.8631936996956,1601.2232296642942,1,2024-10-25 12:00:00,False
2024_JD_0053,Campaign_2024_JD_0053,2024-10-16,2024-11-04,Google Display Network,South America,92235,5791,933,10524.62,22587.03,Youth,Electronics,Desktop,2024,H2_2024,19,10,4,10,11,True,0.062785,0.161112,1.146114,2.146114,1.81741,114.106576,11.280407,3.900368,24.209035,12062.409999999998,0.534041,0.010115,0.161112070454153,10,Holiday Peak,72.90074266818453,244.8856724670678,0,2024-10-25 12:00:00,False
2024_JD_0433,Campaign_2024_JD_0433,2024-10-17,2024-12-31,TikTok Ads,South America,91836,6416,406,22581.63,42800.46,Adults,Automotive,Mobile,2024,H2_2024,75,10,4,10,12,True,0.069864,0.063279,0.895366,1.895366,3.519581,245.890827,55.619778,6.670895,105.419852,20218.829999999998,0.472397,0.004421,0.06327930174563591,11,Holiday Peak,74.28459427675422,466.0531817587874,0,2024-11-23 12:00:00,False
2024_JD_0011,Campaign_2024_JD_0011,2024-10-19,2024-12-25,Google Ads,South America,91807,13103,2395,14765.79,36149.62,Youth,Health,Desktop,2024,H2_2024,67,10,4,10,12,True,0.142723,0.182783,1.448201,2.448201,1.126901,160.835122,6.165257,2.758881,15.093787,21383.83,0.591537,0.026087,0.18278256887735633,11,Holiday Peak,168.8106571394338,393.7566852200813,0,2024-11-21 12:00:00,False
2024_JD_0271,Campaign_2024_JD_0271,2024-09-28,2024-12-31,Facebook Ads,Africa,91365,4443,1330,34374.77,55594.6,Youth,Clothing,Mobile,2024,H2_2024,94,9,3,9,12,False,0.048629,0.299347,0.617308,1.617308,7.736838,376.235648,25.845692,12.512852,41.800451,21219.83,0.381689,0.014557,0.2993472878685573,11,Back-to-school,63.18612160017513,608.4890275269523,0,2024-11-14 00:00:00,False
2024_JD_0554,Campaign_2024_JD_0554,2024-08-27,2024-12-31,Facebook Ads,North America,91346,2464,361,19237.82,37821.17,Adults,Automotive,Mobile,2024,H2_2024,126,8,3,8,12,False,0.026974,0.14651,0.96598,1.96598,7.807557,210.603858,53.29036,15.349501,104.767784,18583.35,0.491348,0.003952,0.14650974025974026,10,Back-to-school,30.926367875988,414.04297944080747,0,2024-10-29 00:00:00,False
2024_JD_0416,Campaign_2024_JD_0416,2024-07-02,2024-08-14,Email,Asia,91120,1112,317,30089.38,36808.39,Youth,Clothing,Desktop,2024,H2_2024,43,7,3,7,8,False,0.012204,0.285072,0.223302,1.223302,27.058795,330.217076,94.91918,33.10107,116.114795,6719.009999999998,0.18254,0.003479,0.28507194244604317,7,Back-to-school,15.682616330114135,403.9551141352063,0,2024-07-23 12:00:00,False
2024_JD_0070,Campaign_2024_JD_0070,2024-11-29,2024-12-31,Email,Asia,90999,2480,119,17699.37,65041.93,Youth,Health,Mobile,2024,H2_2024,32,11,4,11,12,True,0.027253,0.047984,2.674816,3.674816,7.136843,194.500709,148.734202,26.226585,546.57084,47342.56,0.727878,0.001308,0.04798387096774193,12,Holiday Peak,28.560753414872693,714.7543379597579,1,2024-12-15 00:00:00,False
2024_JD_0032,Campaign_2024_JD_0032,2024-11-28,2024-12-31,Google Display Network,Africa,90981,12470,1758,12198.95,21502.31,Seniors,Home,Mobile,2024,H2_2024,33,11,4,11,12,True,0.137062,0.140978,0.762636,1.762636,0.978264,134.082391,6.939107,1.724323,12.231121,9303.36,0.432668,0.019323,0.1409783480352847,12,Holiday Peak,156.38430001868522,236.33846627317794,0,2024-12-14 12:00:00,False
2024_JD_0620,Campaign_2024_JD_0620,2024-11-28,2024-12-31,Google Display Network,Africa,90981,12470,1758,12198.95,21502.31,Seniors,Home,Mobile,2024,H2_2024,33,11,4,11,12,True,0.137062,0.140978,0.762636,1.762636,0.978264,134.082391,6.939107,1.724323,12.231121,9303.36,0.432668,0.019323,0.1409783480352847,12,Holiday Peak,156.38430001868522,236.33846627317794,0,2024-12-14 12:00:00,False
2024_JD_0201,Campaign_2024_JD_0201,2024-08-29,2024-10-10,Google Display Network,North America,90956,5977,651,4014.33,12969.03,Adults,Electronics,Desktop,2024,H2_2024,42,8,3,8,10,False,0.065713,0.108918,2.230684,3.230684,0.67163,44.134856,6.166406,2.169823,19.921705,8954.7,0.690468,0.007157,0.10891751714907144,9,Back-to-school,72.87039887418092,142.58575575003297,1,2024-09-19 00:00:00,False
2024_JD_0512,Campaign_2024_JD_0512,2024-07-24,2024-08-31,Facebook Ads,Africa,89995,12997,418,43918.27,107156.95,Adults,Electronics,Tablet,2024,H2_2024,38,7,3,7,8,False,0.144419,0.032161,1.439917,2.439917,3.379108,488.007889,105.067632,8.244745,256.35634,63238.68,0.59015,0.004645,0.0321612679849196,8,Back-to-school,149.06383687982665,1190.6989277182065,0,2024-08-12 00:00:00,False
2024_JD_0242,Campaign_2024_JD_0242,2024-07-18,2024-09-10,TikTok Ads,North America,89878,8802,881,36075.42,118716.08,Youth,Health,Tablet,2024,H2_2024,54,7,3,7,9,False,0.097933,0.100091,2.290775,3.290775,4.098548,401.382096,40.948263,13.487398,134.75151,82640.66,0.69612,0.009802,0.10009088843444672,8,Back-to-school,107.73492957119652,1320.8580520260798,1,2024-08-14 00:00:00,False
2024_JD_0567,Campaign_2024_JD_0567,2024-10-14,2024-12-25,Google Ads,Africa,89774,11984,2263,16611.84,54456.68,Seniors,Automotive,Mobile,2024,H2_2024,72,10,4,10,12,True,0.133491,0.188835,2.278185,3.278185,1.386168,185.040658,7.340627,4.544115,24.063933,37844.84,0.694953,0.025208,0.18883511348464618,11,Holiday Peak,158.6985095907501,606.5974558335375,1,2024-11-19 00:00:00,False
2024_JD_0568,Campaign_2024_JD_0568,2024-07-06,2024-11-06,Google Ads,Africa,89514,8101,742,26558.37,80400.6,Seniors,Clothing,Tablet,2024,H2_2024,123,7,3,7,11,False,0.0905,0.091594,2.027317,3.027317,3.278406,296.695154,35.792951,9.924775,108.356604,53842.23000000001,0.669674,0.008289,0.09159363041599802,9,Back-to-school,98.78901624326922,898.1902272270261,1,2024-09-05 12:00:00,False
2024_JD_0202,Campaign_2024_JD_0202,2024-08-31,2024-12-16,Email,Asia,89082,3635,75,28720.87,52104.4,Seniors,Health,Desktop,2024,H2_2024,107,8,3,8,12,False,0.040805,0.020633,0.814165,1.814165,7.901202,322.409353,382.944933,14.334085,694.725333,23383.530000000002,0.448782,0.000842,0.02063273727647868,10,Back-to-school,41.64702184504165,584.9037965020992,0,2024-10-23 12:00:00,False
2024_JD_0348,Campaign_2024_JD_0348,2024-11-20,2024-12-31,TikTok Ads,Africa,89045,3061,104,37259.33,138764.6,Adults,Electronics,Desktop,2024,H2_2024,41,11,4,11,12,True,0.034376,0.033976,2.724291,3.724291,12.172274,418.43259,358.262788,45.333094,1334.275,101505.27,0.731493,0.001168,0.03397582489382555,12,Holiday Peak,35.543826155314726,1558.3648716940872,1,2024-12-10 12:00:00,False
2024_JD_0619,Campaign_2024_JD_0619,2024-11-20,2024-12-31,TikTok Ads,Africa,89045,3061,104,37259.33,138764.6,Adults,Electronics,Desktop,2024,H2_2024,41,11,4,11,12,True,0.034376,0.033976,2.724291,3.724291,12.172274,418.43259,358.262788,45.333094,1334.275,101505.27,0.731493,0.001168,0.03397582489382555,12,Holiday Peak,35.543826155314726,1558.3648716940872,1,2024-12-10 12:00:00,False
2024_JD_0350,Campaign_2024_JD_0350,2024-10-26,2024-12-31,Facebook Ads,Europe,88820,3498,790,3750.67,11856.9,Youth,Home,Mobile,2024,H2_2024,66,10,4,10,12,True,0.039383,0.225843,2.161275,3.161275,1.072233,42.227764,4.747684,3.389623,15.008734,8106.23,0.683672,0.008894,0.22584333905088622,11,Holiday Peak,48.27741499662238,133.493582526458,1,2024-11-28 00:00:00,False
2024_JD_0501,Campaign_2024_JD_0501,2024-10-29,2024-12-31,Google Display Network,Europe,88596,2081,29,45167.77,70179.7,Youth,Electronics,Desktop,2024,H2_2024,63,10,4,10,12,True,0.023489,0.013936,0.553756,1.553756,21.704839,509.81726,1557.50931,33.724027,2419.989655,25011.93,0.356398,0.000327,0.013935607880826525,11,Holiday Peak,23.815973633121132,792.1316989480337,0,2024-11-29 12:00:00,False
2024_JD_0423,Campaign_2024_JD_0423,2024-08-26,2024-12-31,Email,North America,88555,4885,726,26072.39,41219.02,Youth,Clothing,Mobile,2024,H2_2024,127,8,3,8,12,False,0.055163,0.148618,0.580945,1.580945,5.337234,294.420304,35.912383,8.437875,56.77551,15146.629999999997,0.367467,0.008198,0.14861821903787104,10,Back-to-school,63.361752583140415,465.4623680198746,0,2024-10-28 12:00:00,False
2024_JD_0295,Campaign_2024_JD_0295,2024-08-24,2024-09-13,Facebook Ads,South America,88362,9480,2284,49615.74,156700.27,Youth,Electronics,Desktop,2024,H2_2024,20,8,3,8,9,False,0.107286,0.240928,2.158277,3.158277,5.233728,561.505398,21.723179,16.529564,68.607824,107084.53,0.683372,0.025848,0.24092827004219408,9,Back-to-school,133.1341526900704,1773.3898055725313,1,2024-09-03 00:00:00,False
2024_JD_0224,Campaign_2024_JD_0224,2024-09-02,2024-12-07,Google Ads,Europe,88309,12641,732,36372.49,98608.11,Adults,Home,Mobile,2024,H2_2024,96,9,3,9,12,False,0.143145,0.057907,1.711063,2.711063,2.877343,411.877498,49.689194,7.800657,134.710533,62235.62,0.631141,0.008289,0.057906811170002376,10,Back-to-school,151.4341686577812,1116.625825227327,1,2024-10-20 00:00:00,False
2024_JD_0197,Campaign_2024_JD_0197,2024-09-06,2024-12-31,TikTok Ads,South America,88300,12756,1417,43995.58,79670.72,Youth,Automotive,Desktop,2024,H2_2024,116,9,3,9,12,False,0.144462,0.111085,0.81088,1.81088,3.449011,498.251189,31.048398,6.245745,56.224926,35675.14,0.447782,0.016048,0.11108497961743494,11,Back-to-school,160.50962627406568,902.2731596828993,0,2024-11-03 00:00:00,False
2024_JD_0220,Campaign_2024_JD_0220,2024-11-08,2024-12-31,Google Ads,North America,87879,6937,761,45679.97,172113.15,Seniors,Automotive,Tablet,2024,H2_2024,53,11,4,11,12,True,0.078938,0.109702,2.767803,3.767803,6.584975,519.8053,60.026242,24.810891,226.167083,126433.18,0.734593,0.00866,0.10970160011532362,12,Holiday Peak,87.59771959171132,1958.5242208036047,1,2024-12-04 12:00:00,False
2024_JD_0218,Campaign_2024_JD_0218,2024-09-02,2024-10-11,TikTok Ads,South America,87711,10878,1402,24105.09,59043.86,Adults,Home,Tablet,2024,H2_2024,39,9,3,9,10,False,0.124021,0.128884,1.449435,2.449435,2.215949,274.824024,17.193359,5.427823,42.114023,34938.770000000004,0.591743,0.015984,0.12888398602684317,9,Back-to-school,140.00524449612934,673.163685284628,0,2024-09-21 12:00:00,False
2024_JD_0549,Campaign_2024_JD_0549,2024-11-22,2024-12-31,Google Ads,South America,87289,2690,79,17025.19,60811.33,Youth,Health,Tablet,2024,H2_2024,39,11,4,11,12,True,0.030817,0.029368,2.571844,3.571844,6.329067,195.043935,215.508734,22.606442,769.763671,43786.14,0.720033,0.000905,0.029368029739776952,12,Holiday Peak,31.72221012956959,696.6665902920184,1,2024-12-11 12:00:00,False
2024_JD_0275,Campaign_2024_JD_0275,2024-07-09,2024-08-07,Google Ads,Europe,86929,11486,1770,42153.2,137843.21,Seniors,Automotive,Tablet,2024,H2_2024,29,7,3,7,8,False,0.132131,0.154101,2.270053,3.270053,3.669963,484.915276,23.815367,12.000976,77.87752,95690.01,0.694195,0.020361,0.15410064426258052,7,Back-to-school,152.49226380149318,1585.698788666613,1,2024-07-23 12:00:00,False
2024_JD_0250,Campaign_2024_JD_0250,2024-11-25,2024-12-31,Email,North America,86537,1833,528,12325.41,17881.62,Youth,Clothing,Desktop,2024,H2_2024,36,11,4,11,12,True,0.021182,0.288052,0.450793,1.450793,6.724173,142.429365,23.34358,9.755385,33.866705,5556.209999999999,0.310722,0.006101,0.28805237315875615,12,Holiday Peak,27.28312744837468,206.63554317806253,0,2024-12-13 00:00:00,False
2024_JD_0471,Campaign_2024_JD_0471,2024-07-31,2024-12-22,Google Display Network,Africa,86423,5288,1241,24141.81,77841.9,Adults,Home,Mobile,2024,H2_2024,144,7,3,7,12,False,0.061187,0.234682,2.224361,3.224361,4.565395,279.344735,19.453513,14.72048,62.725141,53700.09,0.689861,0.01436,0.2346822995461422,10,Back-to-school,75.54701873343902,900.7081448225588,1,2024-10-11 00:00:00,False
2024_JD_0463,Campaign_2024_JD_0463,2024-11-11,2024-12-31,TikTok Ads,Europe,85811,9938,1954,16497.24,26029.14,Seniors,Health,Desktop,2024,H2_2024,50,11,4,11,12,True,0.115813,0.196619,0.577788,1.577788,1.660016,192.250877,8.442805,2.619153,13.320952,9531.899999999998,0.366201,0.022771,0.1966190380358221,12,Holiday Peak,138.58363146915895,303.33104147486915,0,2024-12-06 00:00:00,False
2024_JD_0618,Campaign_2024_JD_0618,2024-11-11,2024-12-31,TikTok Ads,Europe,85811,9938,1954,16497.24,26029.14,Seniors,Health,Desktop,2024,H2_2024,50,11,4,11,12,True,0.115813,0.196619,0.577788,1.577788,1.660016,192.250877,8.442805,2.619153,13.320952,9531.899999999998,0.366201,0.022771,0.1966190380358221,12,Holiday Peak,138.58363146915895,303.33104147486915,0,2024-12-06 00:00:00,False
2024_JD_0094,Campaign_2024_JD_0094,2024-10-03,2024-12-31,Facebook Ads,Africa,85642,2316,45,38680.38,130467.42,Adults,Electronics,Mobile,2024,H2_2024,89,10,4,10,12,True,0.027043,0.01943,2.372961,3.372961,16.701373,451.651993,859.564,56.333083,2899.276,91787.04000000001,0.703525,0.000525,0.019430051813471502,11,Holiday Peak,27.56824922351183,1523.4046379113051,1,2024-11-16 12:00:00,False
2024_JD_0488,Campaign_2024_JD_0488,2024-08-16,2024-12-31,Google Ads,South America,85360,5634,1321,34814.73,116294.97,Adults,Home,Tablet,2024,H2_2024,137,8,3,8,12,False,0.066003,0.234469,2.340396,3.340396,6.179398,407.857662,26.35483,20.641635,88.035556,81480.23999999999,0.700634,0.015476,0.23446929357472487,10,Back-to-school,81.4784442361762,1362.4059278350517,1,2024-10-23 12:00:00,False
2024_JD_0373,Campaign_2024_JD_0373,2024-08-29,2024-09-24,Facebook Ads,South America,85257,3674,883,43001.78,141223.41,Seniors,Health,Desktop,2024,H2_2024,26,8,3,8,9,False,0.043093,0.240338,2.284129,3.284129,11.704349,504.378292,48.699638,38.438598,159.935912,98221.63,0.695505,0.010357,0.24033750680457266,9,Back-to-school,53.45015658538301,1656.4435764805235,1,2024-09-11 00:00:00,False
2024_JD_0008,Campaign_2024_JD_0008,2024-07-08,2024-08-26,Google Display Network,Europe,85077,4002,1065,21832.64,36640.97,Youth,Clothing,Mobile,2024,H2_2024,49,7,3,7,8,False,0.04704,0.266117,0.678266,1.678266,5.455432,256.622119,20.500131,9.155665,34.404667,14808.330000000002,0.404147,0.012518,0.2661169415292354,8,Back-to-school,59.55781233470856,430.6800898010038,0,2024-08-01 12:00:00,False
2024_JD_0237,Campaign_2024_JD_0237,2024-11-08,2024-12-31,Google Display Network,Africa,84561,9791,131,11807.5,28084.75,Youth,Electronics,Desktop,2024,H2_2024,53,11,4,11,12,True,0.115786,0.01338,1.378552,2.378552,1.205954,139.632928,90.133588,2.868425,214.387405,16277.25,0.579576,0.001549,0.013379634358083954,12,Holiday Peak,117.33541467106585,332.12414706543206,0,2024-12-04 12:00:00,False
2024_JD_0617,Campaign_2024_JD_0617,2024-11-08,2024-12-31,Google Display Network,Africa,84561,9791,131,11807.5,28084.75,Youth,Electronics,Desktop,2024,H2_2024,53,11,4,11,12,True,0.115786,0.01338,1.378552,2.378552,1.205954,139.632928,90.133588,2.868425,214.387405,16277.25,0.579576,0.001549,0.013379634358083954,12,Holiday Peak,117.33541467106585,332.12414706543206,0,2024-12-04 12:00:00,False
2024_JD_0060,Campaign_2024_JD_0060,2024-09-07,2024-11-07,Google Ads,Africa,83832,2979,778,48996.02,78553.34,Seniors,Health,Mobile,2024,H2_2024,61,9,3,9,11,False,0.035535,0.261161,0.60326,1.60326,16.447137,584.454862,62.976889,26.36903,100.968303,29557.32,0.376271,0.00928,0.261161463578382,10,Back-to-school,44.81582212043134,937.0328752743583,0,2024-10-07 12:00:00,False
2024_JD_0441,Campaign_2024_JD_0441,2024-08-21,2024-12-09,Email,South America,83518,8764,1338,15003.39,25016.85,Adults,Clothing,Desktop,2024,H2_2024,110,8,3,8,12,False,0.104935,0.15267,0.667413,1.667413,1.711934,179.642592,11.213296,2.854501,18.697197,10013.46,0.400269,0.01602,0.1526700136923779,10,Back-to-school,120.95596158911852,299.5384228549534,0,2024-10-15 00:00:00,False
2024_JD_0437,Campaign_2024_JD_0437,2024-11-29,2024-12-31,TikTok Ads,Asia,82988,10019,2667,2933.52,7401.66,Adults,Automotive,Mobile,2024,H2_2024,32,11,4,11,12,True,0.120728,0.266194,1.523133,2.523133,0.292796,35.348725,1.099933,0.738762,2.775276,4468.139999999999,0.603667,0.032137,0.2661942309611738,12,Holiday Peak,152.86547452643757,89.18952137658457,0,2024-12-15 00:00:00,False
2024_JD_0616,Campaign_2024_JD_0616,2024-11-29,2024-12-31,TikTok Ads,Asia,82988,10019,2667,2933.52,7401.66,Adults,Automotive,Mobile,2024,H2_2024,32,11,4,11,12,True,0.120728,0.266194,1.523133,2.523133,0.292796,35.348725,1.099933,0.738762,2.775276,4468.139999999999,0.603667,0.032137,0.2661942309611738,12,Holiday Peak,152.86547452643757,89.18952137658457,0,2024-12-15 00:00:00,False
2024_JD_0347,Campaign_2024_JD_0347,2024-08-26,2024-12-31,Google Display Network,Europe,82984,11469,311,32172.69,96743.24,Seniors,Health,Mobile,2024,H2_2024,127,8,3,8,12,False,0.138207,0.027117,2.006999,3.006999,2.805187,387.697508,103.449164,8.435194,311.071511,64570.55,0.667443,0.003748,0.027116575115528816,10,Back-to-school,141.955075677239,1165.8059384941678,1,2024-10-28 12:00:00,False
2024_JD_0328,Campaign_2024_JD_0328,2024-10-28,2024-12-31,Email,Africa,82794,10586,1350,43207.13,135972.1,Adults,Health,Tablet,2024,H2_2024,64,10,4,10,12,True,0.12786,0.127527,2.146983,3.146983,4.081535,521.863058,32.005281,12.844521,100.720074,92764.97,0.682235,0.016306,0.12752692235027394,11,Holiday Peak,144.16503611372806,1642.2941275937872,1,2024-11-29 00:00:00,False
2024_JD_0037,Campaign_2024_JD_0037,2024-10-18,2024-12-31,Email,Europe,82505,3694,992,11989.2,34025.5,Youth,Automotive,Tablet,2024,H2_2024,74,10,4,10,12,True,0.044773,0.268544,1.838013,2.838013,3.245587,145.314829,12.085887,9.211018,34.299899,22036.3,0.647641,0.012024,0.26854358419057933,11,Holiday Peak,56.79655778437671,412.4053087691655,1,2024-11-24 00:00:00,False
2024_JD_0179,Campaign_2024_JD_0179,2024-07-25,2024-11-05,TikTok Ads,South America,82454,4817,536,47258.91,60996.21,Adults,Clothing,Tablet,2024,H2_2024,103,7,3,7,11,False,0.05842,0.111273,0.290682,1.290682,9.810859,573.15485,88.169608,12.662697,113.798899,13737.299999999996,0.225216,0.006501,0.11127257629229811,9,Back-to-school,64.92104688674898,739.7604725058821,0,2024-09-14 12:00:00,False
2024_JD_0015,Campaign_2024_JD_0015,2024-08-17,2024-12-31,TikTok Ads,North America,82373,9819,2244,29973.59,54907.42,Youth,Clothing,Desktop,2024,H2_2024,136,8,3,8,12,False,0.119202,0.228537,0.83186,1.83186,3.052611,363.876392,13.357215,5.591956,24.468547,24933.829999999998,0.454107,0.027242,0.22853651084631837,10,Back-to-school,146.44361623347456,666.5705995896714,0,2024-10-24 00:00:00,False
2024_JD_0492,Campaign_2024_JD_0492,2024-10-01,2024-10-23,TikTok Ads,North America,82227,1314,247,34043.1,51578.63,Youth,Electronics,Desktop,2024,H2_2024,22,10,4,10,10,True,0.01598,0.187976,0.515098,1.515098,25.907991,414.013645,137.826316,39.253143,208.820364,17535.53,0.339977,0.003004,0.18797564687975646,10,Holiday Peak,18.98403200895083,627.2712126187262,0,2024-10-12 00:00:00,False
2024_JD_0451,Campaign_2024_JD_0451,2024-08-04,2024-11-30,Facebook Ads,Asia,82064,5717,998,14736.39,40982.41,Adults,Clothing,Desktop,2024,H2_2024,118,8,3,8,11,False,0.069665,0.174567,1.781035,2.781035,2.577644,179.571919,14.765922,7.168517,41.064539,26246.020000000004,0.640422,0.012161,0.17456708063669757,10,Back-to-school,81.82637941119127,499.39571553909155,1,2024-10-02 00:00:00,False
2024_JD_0548,Campaign_2024_JD_0548,2024-11-15,2024-12-31,Google Display Network,North America,81872,2911,646,37231.0,69365.44,Youth,Home,Mobile,2024,H2_2024,46,11,4,11,12,True,0.035556,0.221917,0.86311,1.86311,12.789763,454.746433,57.633127,23.828732,107.376842,32134.440000000002,0.463263,0.00789,0.2219168670559945,12,Holiday Peak,43.445866718780536,847.2425249169436,0,2024-12-08 00:00:00,False
2024_JD_0346,Campaign_2024_JD_0346,2024-10-02,2024-12-31,Google Ads,North America,81256,1981,131,30313.04,87666.07,Seniors,Automotive,Tablet,2024,H2_2024,90,10,4,10,12,True,0.02438,0.066128,1.892025,2.892025,15.301888,373.05602,231.397252,44.253443,669.206641,57353.030000000006,0.654222,0.001612,0.06612821807168097,11,Holiday Peak,25.991926750024614,1078.8873437038496,1,2024-11-16 00:00:00,False
2024_JD_0140,Campaign_2024_JD_0140,2024-08-16,2024-11-28,Google Ads,Africa,81077,9364,2536,45680.77,69433.27,Youth,Home,Mobile,2024,H2_2024,104,8,3,8,11,False,0.115495,0.270824,0.519967,1.519967,4.878339,563.424522,18.012922,7.414916,27.37905,23752.500000000007,0.342091,0.031279,0.270824434002563,10,Back-to-school,146.77405429406613,856.3867681339962,0,2024-10-07 00:00:00,False
2024_JD_0439,Campaign_2024_JD_0439,2024-08-16,2024-12-31,Email,South America,81021,7348,1583,7116.22,21538.55,Youth,Home,Desktop,2024,H2_2024,137,8,3,8,12,False,0.090693,0.215433,2.026684,3.026684,0.968457,87.831797,4.495401,2.931213,13.606159,14422.329999999998,0.669605,0.019538,0.2154327708219924,10,Back-to-school,110.23068093457252,265.8391034423174,1,2024-10-23 12:00:00,False
2024_JD_0105,Campaign_2024_JD_0105,2024-10-01,2024-12-31,Facebook Ads,South America,80697,7583,1103,17909.05,35809.58,Seniors,Health,Tablet,2024,H2_2024,91,10,4,10,12,True,0.093969,0.145457,0.999524,1.999524,2.361737,221.929564,16.236673,4.72235,32.465621,17900.530000000002,0.499881,0.013668,0.14545694316233682,11,Holiday Peak,107.63721080089718,443.75354721984706,0,2024-11-15 12:00:00,False
2024_JD_0485,Campaign_2024_JD_0485,2024-11-10,2024-12-31,Facebook Ads,North America,79707,7480,351,18918.36,35759.76,Adults,Clothing,Tablet,2024,H2_2024,51,11,4,11,12,True,0.093844,0.046925,0.890215,1.890215,2.529193,237.34879,53.898462,4.780717,101.879658,16841.4,0.47096,0.004404,0.046925133689839575,12,Holiday Peak,98.24733084923533,448.6401445293388,0,2024-12-05 12:00:00,False
2024_JD_0487,Campaign_2024_JD_0487,2024-10-03,2024-12-31,Email,Asia,79218,1864,119,15234.72,34749.99,Youth,Automotive,Mobile,2024,H2_2024,89,10,4,10,12,True,0.02353,0.063841,1.280973,2.280973,8.173133,192.313868,128.022857,18.642698,292.016723,19515.269999999997,0.561591,0.001502,0.0638412017167382,11,Holiday Peak,25.032189653866546,438.66280390820265,0,2024-11-16 12:00:00,False
2024_JD_0286,Campaign_2024_JD_0286,2024-08-27,2024-09-13,TikTok Ads,Europe,79069,6039,786,19545.34,39770.31,Adults,Clothing,Desktop,2024,H2_2024,17,8,3,8,9,False,0.076376,0.130154,1.034772,2.034772,3.236519,247.193464,24.866845,6.585579,50.598359,20224.969999999998,0.508544,0.009941,0.13015399900645802,9,Back-to-school,86.31701425337363,502.9823318873389,0,2024-09-04 12:00:00,False
2024_JD_0187,Campaign_2024_JD_0187,2024-07-29,2024-10-13,Facebook Ads,South America,78972,1060,245,49220.09,146037.43,Youth,Health,Mobile,2024,H2_2024,76,7,3,7,10,False,0.013422,0.231132,1.967029,2.967029,46.434047,623.260016,200.898327,137.77116,596.071143,96817.34,0.662963,0.003102,0.23113207547169812,9,Back-to-school,16.52484424859444,1849.2304867547991,1,2024-09-05 00:00:00,False
2024_JD_0405,Campaign_2024_JD_0405,2024-10-17,2024-12-31,Google Display Network,North America,78869,6198,1516,14753.48,24728.06,Youth,Electronics,Mobile,2024,H2_2024,75,10,4,10,12,True,0.078586,0.244595,0.676083,1.676083,2.380361,187.063105,9.731847,3.989684,16.311385,9974.580000000002,0.403371,0.019222,0.24459503065505,11,Holiday Peak,97.80775716694772,313.53332741634864,0,2024-11-23 12:00:00,False
2024_JD_0055,Campaign_2024_JD_0055,2024-11-24,2024-12-31,Google Ads,Europe,78847,1618,290,22509.6,34180.71,Youth,Automotive,Desktop,2024,H2_2024,37,11,4,11,12,True,0.020521,0.179234,0.518495,1.518495,13.91199,285.484546,77.61931,21.125284,117.864517,11671.11,0.341453,0.003678,0.1792336217552534,12,Holiday Peak,24.19876469618375,433.50679163443124,0,2024-12-12 12:00:00,False
2024_JD_0110,Campaign_2024_JD_0110,2024-07-14,2024-08-25,Facebook Ads,Europe,78686,2911,244,36305.29,48771.99,Youth,Electronics,Mobile,2024,H2_2024,42,7,3,7,8,False,0.036995,0.08382,0.343385,1.343385,12.471759,461.39453,148.792172,16.754377,199.885205,12466.699999999997,0.255612,0.003101,0.08381999312950876,8,Back-to-school,40.096078082505144,619.8305924815087,0,2024-08-04 00:00:00,False
2024_JD_0054,Campaign_2024_JD_0054,2024-10-07,2024-12-15,Email,Asia,78523,7584,343,48507.31,137933.87,Youth,Health,Mobile,2024,H2_2024,69,10,4,10,12,True,0.096583,0.045227,1.843569,2.843569,6.396006,617.74652,141.420729,18.187483,402.139563,89426.56,0.648329,0.004368,0.04522679324894515,11,Holiday Peak,100.95131362785426,1756.6046890719917,1,2024-11-10 12:00:00,False
2024_JD_0158,Campaign_2024_JD_0158,2024-07-08,2024-12-31,Facebook Ads,Asia,78506,2928,116,36391.08,115290.65,Youth,Automotive,Desktop,2024,H2_2024,176,7,3,7,12,False,0.037297,0.039617,2.168102,3.168102,12.428648,463.545207,313.716207,39.375222,993.884914,78899.56999999999,0.684354,0.001478,0.03961748633879782,10,Back-to-school,38.774106437724505,1468.5584541308945,1,2024-10-04 00:00:00,False
2024_JD_0102,Campaign_2024_JD_0102,2024-09-22,2024-12-14,Google Display Network,Africa,78477,6353,267,11247.41,28491.88,Youth,Home,Desktop,2024,H2_2024,83,9,3,9,12,False,0.080954,0.042027,1.533195,2.533195,1.770409,143.3211,42.125131,4.484791,106.711161,17244.47,0.605242,0.003402,0.042027388635290416,11,Back-to-school,84.35592594008435,363.06025969392306,0,2024-11-02 12:00:00,False
2024_JD_0494,Campaign_2024_JD_0494,2024-10-07,2024-12-08,Facebook Ads,Asia,78402,11469,3178,11736.76,26473.62,Seniors,Clothing,Desktop,2024,H2_2024,62,10,4,10,12,True,0.146285,0.277095,1.255616,2.255616,1.023346,149.699753,3.693128,2.308276,8.330277,14736.859999999999,0.556662,0.040535,0.2770947772255646,11,Holiday Peak,186.81921379556644,337.66511058391364,0,2024-11-07 00:00:00,False
2024_JD_0046,Campaign_2024_JD_0046,2024-07-24,2024-11-29,TikTok Ads,Europe,77991,4793,900,18573.69,33146.17,Seniors,Home,Tablet,2024,H2_2024,128,7,3,7,11,False,0.061456,0.187774,0.784576,1.784576,3.87517,238.15171,20.637433,6.915537,36.829078,14572.48,0.439643,0.01154,0.18777383684539953,9,Back-to-school,72.99560205664756,424.99993589003856,0,2024-09-26 00:00:00,False
2024_JD_0383,Campaign_2024_JD_0383,2024-11-27,2024-12-28,Google Ads,North America,77516,7538,1749,42343.13,83100.78,Seniors,Clothing,Tablet,2024,H2_2024,31,11,4,11,12,True,0.097244,0.232024,0.962556,1.962556,5.61729,546.250194,24.209909,11.024248,47.51331,40757.65,0.49046,0.022563,0.23202440965773416,12,Holiday Peak,119.8075236080293,1072.046803240621,0,2024-12-12 12:00:00,False
2024_JD_0615,Campaign_2024_JD_0615,2024-11-27,2024-12-28,Google Ads,North America,77516,7538,1749,42343.13,83100.78,Seniors,Clothing,Tablet,2024,H2_2024,31,11,4,11,12,True,0.097244,0.232024,0.962556,1.962556,5.61729,546.250194,24.209909,11.024248,47.51331,40757.65,0.49046,0.022563,0.23202440965773416,12,Holiday Peak,119.8075236080293,1072.046803240621,0,2024-12-12 12:00:00,False
2024_JD_0240,Campaign_2024_JD_0240,2024-10-04,2024-12-31,TikTok Ads,Asia,77099,10235,3015,24846.78,79730.17,Youth,Automotive,Tablet,2024,H2_2024,88,10,4,10,12,True,0.132751,0.294577,2.208873,3.208873,2.427629,322.271106,8.241055,7.789953,26.444501,54883.39,0.688364,0.039106,0.29457743038593065,11,Holiday Peak,171.85696312533236,1034.1271611823759,1,2024-11-17 00:00:00,False
2024_JD_0248,Campaign_2024_JD_0248,2024-07-01,2024-09-10,Google Display Network,North America,76635,10265,2058,18479.87,44852.08,Seniors,Automotive,Mobile,2024,H2_2024,71,7,3,7,9,False,0.133947,0.200487,1.427078,2.427078,1.80028,241.141384,8.979529,4.369418,21.794014,26372.210000000003,0.587982,0.026855,0.2004870920603994,8,Back-to-school,160.80120049585696,585.2688719253605,0,2024-08-05 12:00:00,False
2024_JD_0031,Campaign_2024_JD_0031,2024-08-21,2024-12-31,Google Display Network,Africa,76295,7456,714,34108.82,98608.5,Youth,Health,Mobile,2024,H2_2024,132,8,3,8,12,False,0.097726,0.095762,1.890997,2.890997,4.574681,447.064945,47.771457,13.225389,138.107143,64499.68,0.654099,0.009358,0.0957618025751073,10,Back-to-school,107.08434366603316,1292.4634641850712,1,2024-10-26 00:00:00,False
2024_JD_0460,Campaign_2024_JD_0460,2024-07-04,2024-09-15,Google Display Network,Asia,76126,7680,1565,20670.84,32346.46,Adults,Health,Desktop,2024,H2_2024,73,7,3,7,9,False,0.100885,0.203776,0.564835,1.564835,2.691516,271.534561,13.208204,4.211779,20.668665,11675.619999999999,0.360955,0.020558,0.20377604166666666,8,Back-to-school,121.44339647426634,424.90686493445077,0,2024-08-09 12:00:00,False
2024_JD_0559,Campaign_2024_JD_0559,2024-10-15,2024-12-31,Email,North America,75843,9691,2137,25472.16,61911.58,Adults,Automotive,Tablet,2024,H2_2024,77,10,4,10,12,True,0.127777,0.220514,1.430559,2.430559,2.628435,335.853803,11.919588,6.388565,28.971259,36439.42,0.588572,0.028177,0.22051387885667115,11,Holiday Peak,155.95374655538413,816.3123821578788,0,2024-11-22 12:00:00,False
2024_JD_0528,Campaign_2024_JD_0528,2024-11-09,2024-12-31,Google Ads,Europe,75533,7787,1069,48384.73,70192.79,Youth,Electronics,Mobile,2024,H2_2024,52,11,4,11,12,True,0.103094,0.13728,0.450722,1.450722,6.213526,640.577364,45.261674,9.014099,65.662105,21808.05999999999,0.310688,0.014153,0.1372800821882625,12,Holiday Peak,117.2467663140614,929.2996438642712,0,2024-12-05 00:00:00,False
2024_JD_0180,Campaign_2024_JD_0180,2024-07-10,2024-08-09,TikTok Ads,North America,75342,9345,1910,28829.32,95298.87,Seniors,Health,Mobile,2024,H2_2024,30,7,3,7,8,False,0.124034,0.204387,2.305623,3.305623,3.084999,382.646067,15.093885,10.197846,49.894696,66469.54999999999,0.697485,0.025351,0.20438737292669876,7,Back-to-school,149.3854689283534,1264.883730190332,1,2024-07-25 00:00:00,False
2024_JD_0363,Campaign_2024_JD_0363,2024-10-06,2024-12-31,Google Display Network,South America,74184,2278,43,42648.79,116804.43,Seniors,Home,Desktop,2024,H2_2024,86,10,4,10,12,True,0.030707,0.018876,1.738751,2.738751,18.722032,574.905505,991.832326,51.274991,2716.382093,74155.63999999998,0.63487,0.00058,0.01887620719929763,11,Holiday Peak,31.287069988137606,1574.523212552572,1,2024-11-18 00:00:00,False
2024_JD_0520,Campaign_2024_JD_0520,2024-07-09,2024-12-09,TikTok Ads,North America,74087,3572,470,31975.82,47927.44,Adults,Automotive,Desktop,2024,H2_2024,153,7,3,7,12,False,0.048214,0.131579,0.498865,1.498865,8.951797,431.598256,68.03366,13.417536,101.973277,15951.620000000003,0.332829,0.006344,0.13157894736842105,9,Back-to-school,54.557479719788894,646.9075546317167,0,2024-09-23 12:00:00,False
2024_JD_0422,Campaign_2024_JD_0422,2024-09-17,2024-11-11,Facebook Ads,Europe,73670,2806,387,44592.95,54774.07,Adults,Home,Desktop,2024,H2_2024,55,9,3,9,11,False,0.038089,0.137919,0.228312,1.228312,15.891999,605.306773,115.227261,19.520339,141.535065,10181.120000000003,0.185875,0.005253,0.13791874554526015,10,Back-to-school,43.341930229401385,743.5057689697298,0,2024-10-14 12:00:00,False
2024_JD_0289,Campaign_2024_JD_0289,2024-10-29,2024-12-31,Facebook Ads,South America,73619,10859,3135,24269.44,50475.83,Youth,Electronics,Mobile,2024,H2_2024,63,10,4,10,12,True,0.147503,0.288701,1.07981,2.07981,2.234961,329.662723,7.741448,4.648295,16.100743,26206.390000000003,0.519187,0.042584,0.2887006169997237,11,Holiday Peak,190.08679824501826,685.6359092082207,0,2024-11-29 12:00:00,False
2024_JD_0229,Campaign_2024_JD_0229,2024-10-30,2024-12-31,Google Ads,South America,73577,840,126,33848.89,114699.16,Youth,Electronics,Desktop,2024,H2_2024,62,10,4,10,12,True,0.011417,0.15,2.388565,3.388565,40.296298,460.047161,268.641984,136.546619,910.310794,80850.27,0.70489,0.001712,0.15,11,Holiday Peak,13.12910284463895,1558.8996561425447,1,2024-11-30 00:00:00,False
2024_JD_0455,Campaign_2024_JD_0455,2024-08-03,2024-09-25,Email,South America,73487,1972,585,45399.44,88049.5,Youth,Health,Tablet,2024,H2_2024,53,8,3,8,9,False,0.026835,0.296653,0.93944,1.93944,23.022028,617.788725,77.60588,44.649848,150.511966,42650.06,0.484387,0.007961,0.29665314401622717,8,Back-to-school,34.79526991168506,1198.1643011689143,0,2024-08-29 12:00:00,False
2024_JD_0007,Campaign_2024_JD_0007,2024-07-09,2024-10-21,Google Display Network,Asia,73148,7772,1440,12810.25,35503.69,Youth,Automotive,Desktop,2024,H2_2024,104,7,3,7,10,False,0.10625,0.18528,1.771506,2.771506,1.648257,175.127823,8.896007,4.568154,24.65534,22693.440000000002,0.639185,0.019686,0.18528049408131755,8,Back-to-school,125.9364575928255,485.367884289386,1,2024-08-30 00:00:00,False
2024_JD_0456,Campaign_2024_JD_0456,2024-08-22,2024-10-14,Facebook Ads,North America,72904,6518,501,2649.79,4487.8,Seniors,Clothing,Mobile,2024,H2_2024,53,8,3,8,10,False,0.089405,0.076864,0.693644,1.693644,0.406534,36.346291,5.289002,0.688524,8.957685,1838.0100000000002,0.409557,0.006872,0.0768640687327401,9,Back-to-school,96.27729617030616,61.557664874355325,0,2024-09-17 12:00:00,False
2024_JD_0245,Campaign_2024_JD_0245,2024-09-27,2024-11-08,Facebook Ads,Africa,72649,10170,361,16934.31,50447.11,Adults,Home,Tablet,2024,H2_2024,42,9,3,9,11,False,0.139988,0.035497,1.978988,2.978988,1.665124,233.097634,46.909446,4.960384,139.742687,33512.8,0.664316,0.004969,0.03549655850540806,10,Back-to-school,144.9572602513455,694.3951052320059,1,2024-10-18 00:00:00,False
2024_JD_0148,Campaign_2024_JD_0148,2024-10-16,2024-12-31,Email,North America,72526,6024,769,2660.08,5097.75,Youth,Automotive,Desktop,2024,H2_2024,76,10,4,10,12,True,0.08306,0.127656,0.91639,1.91639,0.44158,36.677605,3.459142,0.84624,6.629064,2437.67,0.478185,0.010603,0.12765604249667994,11,Holiday Peak,93.6629622480214,70.2885861622039,0,2024-11-23 00:00:00,False
2024_JD_0133,Campaign_2024_JD_0133,2024-10-12,2024-12-04,Email,Africa,72506,9114,1760,17307.97,49851.51,Seniors,Electronics,Mobile,2024,H2_2024,53,10,4,10,12,True,0.1257,0.19311,1.880263,2.880263,1.899053,238.710865,9.834074,5.469773,28.324722,32543.54,0.65281,0.024274,0.19310950186526224,11,Holiday Peak,149.9737952721154,687.5501337820318,1,2024-11-07 12:00:00,False
2024_JD_0005,Campaign_2024_JD_0005,2024-07-15,2024-09-18,Email,Asia,72435,8458,1351,30028.31,39242.08,Seniors,Home,Tablet,2024,H2_2024,65,7,3,7,9,False,0.116767,0.15973,0.306836,1.306836,3.550285,414.555256,22.226728,4.639641,29.046691,9213.77,0.234793,0.018651,0.15973043272641285,8,Back-to-school,135.4179609304894,541.7557810450749,0,2024-08-16 12:00:00,False
2024_JD_0059,Campaign_2024_JD_0059,2024-09-14,2024-12-31,TikTok Ads,Europe,72215,4228,1038,6888.07,13681.93,Youth,Clothing,Mobile,2024,H2_2024,108,9,3,9,12,False,0.058547,0.245506,0.986323,1.986323,1.629156,95.382815,6.635906,3.236029,13.18105,6793.860000000001,0.496557,0.014374,0.2455061494796594,11,Back-to-school,72.92113826767292,189.46105379768747,0,2024-11-07 00:00:00,False
2024_JD_0534,Campaign_2024_JD_0534,2024-07-27,2024-12-28,Google Display Network,Europe,71960,3668,552,36902.25,78617.03,Adults,Home,Tablet,2024,H2_2024,154,7,3,7,12,False,0.050973,0.150491,1.130413,2.130413,10.060592,512.816148,66.851902,21.433214,142.422156,41714.78,0.530607,0.007671,0.1504907306434024,10,Back-to-school,58.64369093941079,1092.510144524736,0,2024-10-12 00:00:00,False
2024_JD_0397,Campaign_2024_JD_0397,2024-07-12,2024-08-30,TikTok Ads,Asia,71314,10490,1596,26550.84,35747.36,Seniors,Clothing,Tablet,2024,H2_2024,49,7,3,7,8,False,0.147096,0.152145,0.346374,1.346374,2.531062,372.308944,16.635865,3.407756,22.398095,9196.52,0.257264,0.02238,0.15214489990467112,8,Back-to-school,169.47583924615085,501.26707238410415,0,2024-08-05 12:00:00,False
2024_JD_0087,Campaign_2024_JD_0087,2024-10-10,2024-12-31,TikTok Ads,Asia,71203,5180,1082,9314.32,25034.58,Youth,Clothing,Desktop,2024,H2_2024,82,10,4,10,12,True,0.07275,0.20888,1.687752,2.687752,1.798131,130.813589,8.608429,4.832931,23.13732,15720.260000000002,0.627942,0.015196,0.20888030888030887,11,Holiday Peak,87.9457326236254,351.59445528980524,1,2024-11-20 00:00:00,False
2024_JD_0277,Campaign_2024_JD_0277,2024-08-29,2024-12-10,Email,Africa,70681,5716,1049,21773.3,33789.17,Youth,Automotive,Tablet,2024,H2_2024,103,8,3,8,12,False,0.08087,0.18352,0.551863,1.551863,3.809185,308.050254,20.756244,5.911331,32.210839,12015.869999999999,0.355613,0.014841,0.18351994401679497,10,Back-to-school,95.71171884947864,478.0516687652976,0,2024-10-19 12:00:00,False
2024_JD_0517,Campaign_2024_JD_0517,2024-10-20,2024-12-31,Google Ads,Asia,70458,909,193,19176.11,62791.45,Adults,Clothing,Tablet,2024,H2_2024,72,10,4,10,12,True,0.012901,0.212321,2.274462,3.274462,21.095831,272.1637,99.358083,69.077503,325.344301,43615.34,0.694606,0.002739,0.21232123212321233,11,Holiday Peak,15.640523432399444,891.1897868233557,1,2024-11-25 00:00:00,False
2024_JD_0199,Campaign_2024_JD_0199,2024-08-09,2024-09-17,Google Display Network,South America,69772,10307,1057,14788.16,26339.09,Seniors,Automotive,Desktop,2024,H2_2024,39,8,3,8,9,False,0.147724,0.102552,0.781093,1.781093,1.434769,211.949779,13.990691,2.555456,24.918723,11550.93,0.438547,0.015149,0.10255166391772581,8,Back-to-school,162.8733589405492,377.502293183512,0,2024-08-28 12:00:00,False
2024_JD_0284,Campaign_2024_JD_0284,2024-07-13,2024-09-14,TikTok Ads,Africa,69315,4406,999,40217.47,69879.37,Seniors,Automotive,Mobile,2024,H2_2024,63,7,3,7,9,False,0.063565,0.226736,0.737538,1.737538,9.127887,580.213085,40.257728,15.860048,69.949319,29661.899999999994,0.424473,0.014412,0.22673626872446664,8,Back-to-school,77.97734977998991,1008.1421048835028,0,2024-08-13 12:00:00,False
2024_JD_0417,Campaign_2024_JD_0417,2024-08-20,2024-12-30,TikTok Ads,Africa,69200,8236,1645,9420.58,25125.79,Adults,Automotive,Tablet,2024,H2_2024,132,8,3,8,12,False,0.119017,0.199733,1.667117,2.667117,1.14383,136.135549,5.726796,3.050727,15.274036,15705.210000000001,0.625063,0.023772,0.1997328800388538,10,Back-to-school,142.78901734104045,363.089450867052,1,2024-10-25 00:00:00,False
2024_JD_0504,Campaign_2024_JD_0504,2024-09-29,2024-12-31,Email,Europe,68811,3696,149,45209.58,145480.72,Youth,Home,Desktop,2024,H2_2024,93,9,3,9,12,False,0.053712,0.040314,2.217918,3.217918,12.232029,657.010943,303.42,39.361667,976.380671,100271.14,0.68924,0.002165,0.040313852813852816,11,Back-to-school,55.87769397334728,2114.207321503829,1,2024-11-14 12:00:00,False
2024_JD_0386,Campaign_2024_JD_0386,2024-07-04,2024-12-18,Google Display Network,Europe,68278,6607,208,11419.57,14575.2,Youth,Home,Mobile,2024,H2_2024,167,7,3,7,12,False,0.096766,0.031482,0.276335,1.276335,1.728405,167.251091,54.901779,2.206024,70.073077,3155.630000000001,0.216507,0.003046,0.031481761767822004,9,Back-to-school,99.81253112276282,213.46846714900846,0,2024-09-25 12:00:00,False
2024_JD_0564,Campaign_2024_JD_0564,2024-10-17,2024-12-17,Facebook Ads,Asia,68059,1482,82,1390.26,4624.69,Seniors,Home,Mobile,2024,H2_2024,61,10,4,10,12,True,0.021775,0.055331,2.326493,3.326493,0.938097,20.427276,16.95439,3.120574,56.398659,3234.4299999999994,0.699383,0.001205,0.0553306342780027,11,Holiday Peak,22.980061417299698,67.95118940918908,1,2024-11-16 12:00:00,False
2024_JD_0466,Campaign_2024_JD_0466,2024-11-22,2024-12-31,TikTok Ads,Europe,67368,7767,982,7816.68,15345.75,Adults,Home,Desktop,2024,H2_2024,39,11,4,11,12,True,0.115292,0.126432,0.963206,1.963206,1.006396,116.029569,7.959959,1.975763,15.627037,7529.07,0.490629,0.014577,0.12643234195957256,12,Holiday Peak,129.8687804298777,227.7899002493766,0,2024-12-11 12:00:00,False
2024_JD_0092,Campaign_2024_JD_0092,2024-11-23,2024-12-18,Google Display Network,North America,67292,8121,143,20256.48,69232.3,Seniors,Health,Desktop,2024,H2_2024,25,11,4,11,12,True,0.120683,0.017609,2.417785,3.417785,2.494333,301.023599,141.653706,8.525095,484.141958,48975.82000000001,0.707413,0.002125,0.01760866888314247,12,Holiday Peak,122.80806039350888,1028.8340367354217,1,2024-12-05 12:00:00,False
2024_JD_0193,Campaign_2024_JD_0193,2024-09-12,2024-12-31,Google Display Network,Africa,66665,1490,231,2799.86,9524.34,Adults,Electronics,Mobile,2024,H2_2024,110,9,3,9,12,False,0.022351,0.155034,2.40172,3.40172,1.879101,41.99895,12.120606,6.392174,41.230909,6724.48,0.706031,0.003465,0.15503355704697985,11,Back-to-school,25.815645391134776,142.8686717167929,1,2024-11-06 00:00:00,False
2024_JD_0474,Campaign_2024_JD_0474,2024-09-03,2024-12-26,TikTok Ads,North America,65948,893,234,33676.47,104181.92,Seniors,Clothing,Desktop,2024,H2_2024,114,9,3,9,12,False,0.013541,0.262038,2.093612,3.093612,37.711613,510.651877,143.916538,116.665084,445.22188,70505.45,0.676753,0.003548,0.2620380739081747,10,Back-to-school,17.089221811123917,1579.758597683023,1,2024-10-30 00:00:00,False
2024_JD_0311,Campaign_2024_JD_0311,2024-10-28,2024-12-31,Google Ads,Asia,65428,7010,2079,12818.87,44154.72,Youth,Clothing,Mobile,2024,H2_2024,64,10,4,10,12,True,0.107141,0.296576,2.44451,3.44451,1.828655,195.923305,6.165883,6.298819,21.238442,31335.85,0.709683,0.031775,0.29657631954350927,11,Holiday Peak,138.91606040227427,674.8596930977563,1,2024-11-29 00:00:00,False
2024_JD_0516,Campaign_2024_JD_0516,2024-08-07,2024-12-31,Google Display Network,Asia,65142,3891,343,44906.0,138376.11,Seniors,Home,Tablet,2024,H2_2024,146,8,3,8,12,False,0.059731,0.088152,2.081461,3.081461,11.540992,689.355562,130.921283,35.563123,403.428892,93470.10999999999,0.675479,0.005265,0.08815214597789771,10,Back-to-school,64.99646925178841,2124.222621350281,1,2024-10-19 00:00:00,False
2024_JD_0394,Campaign_2024_JD_0394,2024-07-30,2024-08-22,Email,North America,64711,7463,2210,41402.21,56752.25,Adults,Electronics,Mobile,2024,H2_2024,23,7,3,7,8,False,0.115328,0.296128,0.370754,1.370754,5.547663,639.801734,18.734032,7.604482,25.679751,15350.04,0.270475,0.034152,0.296127562642369,8,Back-to-school,149.4799956730695,877.0108636862358,0,2024-08-10 12:00:00,False
2024_JD_0578,Campaign_2024_JD_0578,2024-09-09,2024-10-06,Facebook Ads,Europe,63692,5762,1394,25882.45,56018.03,Seniors,Health,Desktop,2024,H2_2024,27,9,3,9,10,False,0.090467,0.24193,1.164325,2.164325,4.491921,406.368932,18.567037,9.721977,40.1851,30135.579999999998,0.537962,0.021887,0.24192988545643873,9,Back-to-school,112.35319977391195,879.5143817119889,0,2024-09-22 12:00:00,False
2024_JD_0330,Campaign_2024_JD_0330,2024-11-28,2024-12-31,TikTok Ads,Asia,63005,4960,1417,46932.02,67076.63,Adults,Automotive,Tablet,2024,H2_2024,33,11,4,11,12,True,0.078724,0.285685,0.42923,1.42923,9.462101,744.89358,33.120692,13.523514,47.337071,20144.610000000008,0.300322,0.02249,0.28568548387096776,12,Holiday Peak,101.21418935005158,1064.6239187366082,0,2024-12-14 12:00:00,False
2024_JD_0614,Campaign_2024_JD_0614,2024-11-28,2024-12-31,TikTok Ads,Asia,63005,4960,1417,46932.02,67076.63,Adults,Automotive,Tablet,2024,H2_2024,33,11,4,11,12,True,0.078724,0.285685,0.42923,1.42923,9.462101,744.89358,33.120692,13.523514,47.337071,20144.610000000008,0.300322,0.02249,0.28568548387096776,12,Holiday Peak,101.21418935005158,1064.6239187366082,0,2024-12-14 12:00:00,False
2024_JD_0213,Campaign_2024_JD_0213,2024-11-02,2024-11-23,Email,Africa,62372,8436,2210,41120.5,80548.77,Seniors,Home,Mobile,2024,H2_2024,21,11,4,11,11,True,0.135253,0.261972,0.958847,1.958847,4.874407,659.278202,18.606561,9.548218,36.447407,39428.270000000004,0.489496,0.035433,0.2619724988146041,11,Holiday Peak,170.68556403514398,1291.425158725069,0,2024-11-12 12:00:00,False
2024_JD_0613,Campaign_2024_JD_0613,2024-11-02,2024-11-23,Email,Africa,62372,8436,2210,41120.5,80548.77,Seniors,Home,Mobile,2024,H2_2024,21,11,4,11,11,True,0.135253,0.261972,0.958847,1.958847,4.874407,659.278202,18.606561,9.548218,36.447407,39428.270000000004,0.489496,0.035433,0.2619724988146041,11,Holiday Peak,170.68556403514398,1291.425158725069,0,2024-11-12 12:00:00,False
2024_JD_0308,Campaign_2024_JD_0308,2024-09-01,2024-12-31,Email,Asia,62022,6313,830,10536.5,21556.06,Adults,Automotive,Mobile,2024,H2_2024,121,9,3,9,12,False,0.101786,0.131475,1.045846,2.045846,1.669016,169.883267,12.694578,3.414551,25.971157,11019.560000000001,0.511205,0.013382,0.13147473467448123,10,Back-to-school,115.16881106704074,347.55506110734905,0,2024-10-31 12:00:00,False
2024_JD_0448,Campaign_2024_JD_0448,2024-07-30,2024-10-09,Email,Europe,61622,8153,2392,49737.78,69959.57,Adults,Health,Desktop,2024,H2_2024,71,7,3,7,10,False,0.132307,0.293389,0.406568,1.406568,6.100549,807.143228,20.793386,8.580838,29.247312,20221.790000000008,0.28905,0.038817,0.2933889365877591,9,Back-to-school,171.12394923890818,1135.3018402518583,0,2024-09-03 12:00:00,False
2024_JD_0285,Campaign_2024_JD_0285,2024-11-26,2024-12-18,Google Ads,Africa,61549,2350,584,34326.46,65357.51,Seniors,Home,Desktop,2024,H2_2024,22,11,4,11,12,True,0.038181,0.248511,0.903998,1.903998,14.607004,557.709467,58.778185,27.811706,111.913545,31031.050000000003,0.474789,0.009488,0.24851063829787234,12,Holiday Peak,47.66933662610278,1061.8776909454257,0,2024-12-07 00:00:00,False
2024_JD_0090,Campaign_2024_JD_0090,2024-11-11,2024-12-31,Google Display Network,North America,61178,866,204,31057.34,73859.16,Youth,Home,Mobile,2024,H2_2024,50,11,4,11,12,True,0.014155,0.235566,1.378155,2.378155,35.862979,507.655366,152.241863,85.287714,362.054706,42801.82000000001,0.579506,0.003335,0.23556581986143188,12,Holiday Peak,17.48994736670045,1207.2830102324367,0,2024-12-06 00:00:00,False
2024_JD_0166,Campaign_2024_JD_0166,2024-07-22,2024-08-09,Google Ads,Africa,60961,683,75,45800.64,67364.84,Seniors,Home,Mobile,2024,H2_2024,18,7,3,7,8,False,0.011204,0.10981,0.470827,1.470827,67.058038,751.31051,610.6752,98.630805,898.197867,21564.199999999997,0.320111,0.00123,0.10980966325036604,7,Back-to-school,12.434179229343352,1105.0481455356703,0,2024-07-31 00:00:00,False
2024_JD_0175,Campaign_2024_JD_0175,2024-08-30,2024-12-26,TikTok Ads,South America,60337,8573,215,4810.5,5798.48,Youth,Health,Tablet,2024,H2_2024,118,8,3,8,12,False,0.142085,0.025079,0.20538,1.20538,0.561122,79.727199,22.374419,0.676365,26.969674,987.9799999999996,0.170386,0.003563,0.02507873556514639,10,Back-to-school,145.64860699073537,96.10156288844323,0,2024-10-28 00:00:00,False
2024_JD_0089,Campaign_2024_JD_0089,2024-11-22,2024-12-31,Google Ads,South America,60284,8493,1008,7526.07,11385.34,Youth,Home,Desktop,2024,H2_2024,39,11,4,11,12,True,0.140883,0.118686,0.512787,1.512787,0.88615,124.843574,7.466339,1.340556,11.29498,3859.2700000000004,0.338968,0.016721,0.11868597668668315,12,Holiday Peak,157.60400769690133,188.86172118638444,0,2024-12-11 12:00:00,False
2024_JD_0079,Campaign_2024_JD_0079,2024-07-05,2024-08-17,TikTok Ads,North America,59693,1961,518,12597.57,41416.97,Youth,Electronics,Desktop,2024,H2_2024,43,7,3,7,8,False,0.032851,0.264151,2.287695,3.287695,6.424054,211.039318,24.319633,21.120331,79.955541,28819.4,0.695836,0.008678,0.2641509433962264,7,Back-to-school,41.5291575226576,693.83294523646,1,2024-07-26 12:00:00,False
2024_JD_0074,Campaign_2024_JD_0074,2024-11-05,2024-12-31,Email,North America,59098,6076,203,22973.83,47367.98,Seniors,Electronics,Mobile,2024,H2_2024,56,11,4,11,12,True,0.102812,0.03341,1.061823,2.061823,3.781078,388.741243,113.171576,7.795915,233.339803,24394.15,0.514992,0.003435,0.03341013824884793,12,Holiday Peak,106.24725032996041,801.5157873362889,0,2024-12-03 00:00:00,False
2024_JD_0258,Campaign_2024_JD_0258,2024-09-10,2024-12-22,TikTok Ads,North America,59061,3662,396,6223.06,16883.44,Seniors,Automotive,Mobile,2024,H2_2024,103,9,3,9,12,False,0.062004,0.108138,1.713045,2.713045,1.699361,105.366655,15.714798,4.610442,42.634949,10660.379999999997,0.63141,0.006705,0.1081376297105407,10,Back-to-school,68.7086232877872,285.86444523458795,1,2024-10-31 12:00:00,False
2024_JD_0099,Campaign_2024_JD_0099,2024-11-19,2024-12-31,TikTok Ads,Asia,58682,7467,1403,29905.97,69153.89,Seniors,Clothing,Tablet,2024,H2_2024,42,11,4,11,12,True,0.127245,0.187893,1.312377,2.312377,4.005085,509.627654,21.315731,9.261268,49.290014,39247.92,0.567545,0.023909,0.18789339761617785,12,Holiday Peak,151.15367574383967,1178.4514842711565,0,2024-12-10 00:00:00,False
2024_JD_0183,Campaign_2024_JD_0183,2024-07-14,2024-12-31,Google Ads,Europe,57375,7711,2312,24572.03,79502.71,Youth,Automotive,Desktop,2024,H2_2024,170,7,3,7,12,False,0.134397,0.299831,2.235496,3.235496,3.18662,428.270675,10.628041,10.310298,34.386985,54930.68000000001,0.690928,0.040296,0.299831409674491,10,Back-to-school,174.69281045751634,1385.6681481481482,1,2024-10-07 00:00:00,False
2024_JD_0262,Campaign_2024_JD_0262,2024-08-23,2024-12-04,Email,Europe,56924,4295,1130,18956.62,40021.16,Adults,Electronics,Desktop,2024,H2_2024,103,8,3,8,12,False,0.075451,0.263097,1.111197,2.111197,4.413648,333.016302,16.77577,9.318081,35.416956,21064.540000000005,0.526335,0.019851,0.2630966239813737,10,Back-to-school,95.30250860796852,703.0630314103015,0,2024-10-13 12:00:00,False
2024_JD_0012,Campaign_2024_JD_0012,2024-08-10,2024-12-31,Email,North America,56214,4446,108,1766.18,3839.36,Seniors,Home,Tablet,2024,H2_2024,143,8,3,8,12,False,0.079091,0.024291,1.173821,2.173821,0.397251,31.418864,16.353519,0.863554,35.54963,2073.1800000000003,0.539981,0.001921,0.024291497975708502,10,Back-to-school,81.01184758245277,68.29900024904829,0,2024-10-20 12:00:00,False
2024_JD_0024,Campaign_2024_JD_0024,2024-10-04,2024-12-31,Email,South America,56005,6176,502,48159.92,85681.28,Adults,Home,Mobile,2024,H2_2024,88,10,4,10,12,True,0.110276,0.081282,0.779099,1.779099,7.797915,859.921793,95.936096,13.873264,170.679841,37521.36,0.437918,0.008963,0.08128238341968912,11,Holiday Peak,119.23935362914025,1529.8862601553433,0,2024-11-17 00:00:00,False
2024_JD_0027,Campaign_2024_JD_0027,2024-11-24,2024-12-31,Google Ads,South America,55859,3335,704,28091.76,79205.36,Adults,Health,Desktop,2024,H2_2024,37,11,4,11,12,True,0.059704,0.211094,1.819523,2.819523,8.423316,502.904814,39.903068,23.749733,112.507614,51113.600000000006,0.64533,0.012603,0.2110944527736132,12,Holiday Peak,72.30705884459084,1417.9516282067348,1,2024-12-12 12:00:00,False
2024_JD_0358,Campaign_2024_JD_0358,2024-11-20,2024-12-31,Google Display Network,Africa,55601,4293,533,39597.94,114825.96,Adults,Automotive,Desktop,2024,H2_2024,41,11,4,11,12,True,0.077211,0.124156,1.899796,2.899796,9.223839,712.180356,74.29257,26.747254,215.433321,75228.02,0.655148,0.009586,0.12415560214302353,12,Holiday Peak,86.79700005395587,2065.1779644251005,1,2024-12-10 12:00:00,False
2024_JD_0612,Campaign_2024_JD_0612,2024-11-20,2024-12-31,Google Display Network,Africa,55601,4293,533,39597.94,114825.96,Adults,Automotive,Desktop,2024,H2_2024,41,11,4,11,12,True,0.077211,0.124156,1.899796,2.899796,9.223839,712.180356,74.29257,26.747254,215.433321,75228.02,0.655148,0.009586,0.12415560214302353,12,Holiday Peak,86.79700005395587,2065.1779644251005,1,2024-12-10 12:00:00,False
2024_JD_0420,Campaign_2024_JD_0420,2024-11-30,2024-12-31,Email,Europe,55583,6179,1378,42434.61,130359.41,Youth,Automotive,Tablet,2024,H2_2024,31,11,4,11,12,True,0.111167,0.223013,2.072007,3.072007,6.867553,763.445838,30.794347,21.097169,94.600443,87924.8,0.67448,0.024792,0.22301343259427092,12,Holiday Peak,135.9588363348506,2345.3107964665455,1,2024-12-15 12:00:00,False
2024_JD_0113,Campaign_2024_JD_0113,2024-07-28,2024-09-19,TikTok Ads,Europe,55448,5904,144,17047.37,25152.59,Youth,Electronics,Mobile,2024,H2_2024,53,7,3,7,9,False,0.106478,0.02439,0.475453,1.475453,2.887427,307.447879,118.384514,4.260263,174.670764,8105.220000000001,0.322242,0.002597,0.024390243902439025,8,Back-to-school,109.0751695282066,453.62483768575964,0,2024-08-23 12:00:00,False
2024_JD_0109,Campaign_2024_JD_0109,2024-07-08,2024-11-12,Google Ads,Europe,55428,6365,781,27292.94,90757.11,Seniors,Clothing,Mobile,2024,H2_2024,127,7,3,7,11,False,0.114834,0.122702,2.325296,3.325296,4.287972,492.403478,34.946146,14.258776,116.206287,63464.17,0.699275,0.01409,0.12270227808326788,9,Back-to-school,128.9240095258714,1637.3874215198095,1,2024-09-09 12:00:00,False
2024_JD_0228,Campaign_2024_JD_0228,2024-10-24,2024-12-31,Google Ads,Europe,55069,3724,230,48895.85,81263.72,Seniors,Clothing,Mobile,2024,H2_2024,68,10,4,10,12,True,0.067624,0.061762,0.661976,1.661976,13.129927,887.901542,212.590652,21.821622,353.320522,32367.870000000003,0.398307,0.004177,0.06176154672395274,11,Holiday Peak,71.80083168388748,1475.6708856162268,0,2024-11-27 00:00:00,False
2024_JD_0574,Campaign_2024_JD_0574,2024-08-16,2024-12-31,Google Ads,Asia,54298,6803,2002,37720.13,94881.14,Youth,Automotive,Desktop,2024,H2_2024,137,8,3,8,12,False,0.12529,0.294282,1.515398,2.515398,5.544632,694.687281,18.841224,13.946956,47.393177,57161.01,0.602449,0.036871,0.29428193444068795,10,Back-to-school,162.16066890124867,1747.415006077572,0,2024-10-23 12:00:00,False
2024_JD_0484,Campaign_2024_JD_0484,2024-09-17,2024-12-31,Email,Europe,54067,1781,532,47931.7,161446.71,Adults,Automotive,Desktop,2024,H2_2024,105,9,3,9,12,False,0.032941,0.298709,2.368266,3.368266,26.912802,886.524127,90.09718,90.649472,303.471259,113515.01,0.703111,0.00984,0.2987085906793936,11,Back-to-school,42.78025412913607,2986.048976270183,1,2024-11-08 12:00:00,False
2024_JD_0205,Campaign_2024_JD_0205,2024-07-07,2024-12-01,Facebook Ads,North America,53874,1094,323,23808.03,76706.24,Seniors,Home,Desktop,2024,H2_2024,147,7,3,7,12,False,0.020307,0.295247,2.221864,3.221864,21.762367,441.920592,73.709071,70.115393,237.480619,52898.21000000001,0.689621,0.005995,0.2952468007312614,9,Back-to-school,26.302112336191854,1423.8081449307645,1,2024-09-18 12:00:00,False
2024_JD_0365,Campaign_2024_JD_0365,2024-08-07,2024-10-19,TikTok Ads,Asia,53777,1147,202,39905.5,93526.07,Adults,Health,Desktop,2024,H2_2024,73,8,3,8,10,False,0.021329,0.176112,1.343689,2.343689,34.791194,742.055154,197.55198,81.53973,463.000347,53620.57000000001,0.573322,0.003756,0.17611159546643418,9,Back-to-school,25.08507354445209,1739.1462893058372,0,2024-09-12 12:00:00,False
2024_JD_0168,Campaign_2024_JD_0168,2024-09-14,2024-12-24,Email,North America,53756,878,220,13920.51,25237.14,Youth,Home,Desktop,2024,H2_2024,101,9,3,9,12,False,0.016333,0.250569,0.812947,1.812947,15.854795,258.957326,63.275045,28.743895,114.714273,11316.63,0.448412,0.004093,0.2505694760820046,11,Back-to-school,20.425626906763895,469.4757794478756,0,2024-11-03 12:00:00,False
2024_JD_0288,Campaign_2024_JD_0288,2024-08-05,2024-11-04,TikTok Ads,North America,53604,2870,330,10845.75,26381.24,Seniors,Clothing,Desktop,2024,H2_2024,91,8,3,8,11,False,0.053541,0.114983,1.432403,2.432403,3.779007,202.330983,32.865909,9.19207,79.943152,15535.490000000002,0.588884,0.006156,0.11498257839721254,9,Back-to-school,59.69703753451235,492.1505857771808,0,2024-09-19 12:00:00,False
2024_JD_0256,Campaign_2024_JD_0256,2024-09-24,2024-11-11,Facebook Ads,South America,53320,6987,1211,47286.1,131052.03,Youth,Health,Tablet,2024,H2_2024,48,9,3,9,11,False,0.131039,0.173322,1.77147,2.77147,6.767726,886.836084,39.047151,18.756552,108.218026,83765.93,0.639181,0.022712,0.1733218834979247,10,Back-to-school,153.75093773443362,2457.840022505626,1,2024-10-18 00:00:00,False
2024_JD_0588,Campaign_2024_JD_0588,2024-08-31,2024-11-02,Google Display Network,Africa,53008,7021,740,40420.24,120349.73,Adults,Automotive,Mobile,2024,H2_2024,63,8,3,8,11,False,0.132452,0.105398,1.977462,2.977462,5.757049,762.530939,54.621946,17.141394,162.63477,79929.48999999999,0.664143,0.01396,0.10539809143996581,10,Back-to-school,146.41186236039843,2270.406919710232,1,2024-10-01 12:00:00,False
2024_JD_0509,Campaign_2024_JD_0509,2024-09-22,2024-12-31,Email,Asia,52857,3203,140,29965.38,48787.01,Youth,Health,Tablet,2024,H2_2024,100,9,3,9,12,False,0.060597,0.043709,0.628113,1.628113,9.355411,566.914127,214.038429,15.231661,348.478643,18821.63,0.385792,0.002649,0.04370902279113331,11,Back-to-school,63.24611688139698,922.99998108103,0,2024-11-11 00:00:00,False
2024_JD_0040,Campaign_2024_JD_0040,2024-07-22,2024-12-31,Google Display Network,South America,52333,3959,601,44710.28,118554.62,Seniors,Clothing,Desktop,2024,H2_2024,162,7,3,7,12,False,0.07565,0.151806,1.651619,2.651619,11.293327,854.342002,74.393145,29.945597,197.262263,73844.34,0.622872,0.011484,0.15180601161909574,10,Back-to-school,87.13431295740737,2265.3893336900237,1,2024-10-11 00:00:00,False
2024_JD_0493,Campaign_2024_JD_0493,2024-09-13,2024-12-13,Facebook Ads,South America,52153,2067,511,48070.72,79457.49,Seniors,Clothing,Tablet,2024,H2_2024,91,9,3,9,12,False,0.039633,0.247218,0.652929,1.652929,23.256275,921.724925,94.071859,38.440972,155.49411,31386.770000000004,0.395013,0.009798,0.24721819061441702,10,Back-to-school,49.431480451747746,1523.545912986789,0,2024-10-28 12:00:00,False
2024_JD_0266,Campaign_2024_JD_0266,2024-08-06,2024-10-03,Google Display Network,Asia,51819,3348,75,38479.28,118126.28,Adults,Clothing,Mobile,2024,H2_2024,58,8,3,8,10,False,0.06461,0.022401,2.069867,3.069867,11.493214,742.570872,513.057067,35.28264,1575.017067,79647.0,0.674253,0.001447,0.022401433691756272,9,Back-to-school,66.05685173391998,2279.5939713232597,1,2024-09-04 00:00:00,False
2024_JD_0121,Campaign_2024_JD_0121,2024-09-17,2024-12-31,TikTok Ads,Asia,51514,6831,1391,11048.8,37857.46,Seniors,Clothing,Mobile,2024,H2_2024,105,9,3,9,12,False,0.132605,0.203631,2.426387,3.426387,1.61745,214.4815,7.943063,5.542008,27.216003,26808.66,0.708147,0.027002,0.20363050797833407,11,Back-to-school,159.6070970998175,734.8965329813254,1,2024-11-08 12:00:00,False
2024_JD_0540,Campaign_2024_JD_0540,2024-09-09,2024-12-31,TikTok Ads,Europe,50833,6749,1435,37267.91,98782.74,Youth,Clothing,Tablet,2024,H2_2024,113,9,3,9,12,False,0.132768,0.212624,1.650611,2.650611,5.52199,733.144021,25.970669,14.636648,68.838146,61514.83,0.622729,0.02823,0.21262409245814196,11,Back-to-school,160.9977770346035,1943.279759211536,1,2024-11-04 12:00:00,False
2024_JD_0305,Campaign_2024_JD_0305,2024-08-25,2024-11-30,Facebook Ads,Europe,49936,5717,205,6947.86,13183.79,Seniors,Electronics,Tablet,2024,H2_2024,97,8,3,8,11,False,0.114487,0.035858,0.897532,1.897532,1.215298,139.135293,33.892,2.306068,64.311171,6235.930000000001,0.473,0.004105,0.03585796746545391,10,Back-to-school,118.59179750080102,264.0137375841077,0,2024-10-12 12:00:00,False
2024_JD_0411,Campaign_2024_JD_0411,2024-10-16,2024-11-18,Google Display Network,Asia,49363,5172,506,33876.21,60767.09,Seniors,Health,Desktop,2024,H2_2024,33,10,4,10,11,True,0.104775,0.097834,0.793798,1.793798,6.549925,686.267245,66.949032,11.749244,120.093063,26890.879999999997,0.442524,0.010251,0.09783449342614076,11,Holiday Peak,115.02542390049227,1231.0250592549075,0,2024-11-01 12:00:00,False
2024_JD_0039,Campaign_2024_JD_0039,2024-11-22,2024-12-31,Facebook Ads,Africa,49064,3225,491,25931.89,75978.4,Seniors,Home,Tablet,2024,H2_2024,39,11,4,11,12,True,0.06573,0.152248,1.929921,2.929921,8.040896,528.531917,52.81444,23.559194,154.742159,50046.509999999995,0.658694,0.010007,0.15224806201550387,12,Holiday Peak,75.73781183759986,1548.5569867927604,1,2024-12-11 12:00:00,False
2024_JD_0611,Campaign_2024_JD_0611,2024-11-22,2024-12-31,Facebook Ads,Africa,49064,3225,491,25931.89,75978.4,Seniors,Home,Tablet,2024,H2_2024,39,11,4,11,12,True,0.06573,0.152248,1.929921,2.929921,8.040896,528.531917,52.81444,23.559194,154.742159,50046.509999999995,0.658694,0.010007,0.15224806201550387,12,Holiday Peak,75.73781183759986,1548.5569867927604,1,2024-12-11 12:00:00,False
2024_JD_0135,Campaign_2024_JD_0135,2024-08-07,2024-11-26,Google Display Network,South America,49028,1440,302,2643.09,6636.13,Adults,Home,Desktop,2024,H2_2024,111,8,3,8,11,False,0.029371,0.209722,1.510747,2.510747,1.835479,53.909807,8.751954,4.608424,21.97394,3993.04,0.601712,0.00616,0.20972222222222223,10,Back-to-school,35.53071714122542,135.353879415844,0,2024-10-01 12:00:00,False
2024_JD_0573,Campaign_2024_JD_0573,2024-10-30,2024-12-31,TikTok Ads,Africa,48939,5258,1309,30779.88,54305.26,Youth,Home,Desktop,2024,H2_2024,62,10,4,10,12,True,0.10744,0.248954,0.76431,1.76431,5.853914,628.943787,23.514041,10.328121,41.486066,23525.38,0.433206,0.026748,0.2489539748953975,11,Holiday Peak,134.18745785569791,1109.65201577474,0,2024-11-30 00:00:00,False
2024_JD_0552,Campaign_2024_JD_0552,2024-08-08,2024-12-13,Google Display Network,North America,48764,637,116,37197.43,45812.9,Adults,Clothing,Tablet,2024,H2_2024,127,8,3,8,12,False,0.013063,0.182104,0.231615,1.231615,58.39471,762.805143,320.6675,71.91978,394.938793,8615.470000000001,0.188058,0.002379,0.18210361067503925,10,Back-to-school,15.44171930112378,939.481994914281,0,2024-10-10 12:00:00,False
2024_JD_0043,Campaign_2024_JD_0043,2024-08-15,2024-12-24,Facebook Ads,Africa,48525,6727,1982,1757.37,5861.06,Youth,Electronics,Mobile,2024,H2_2024,131,8,3,8,12,False,0.13863,0.294634,2.335131,3.335131,0.261241,36.215765,0.886665,0.871274,2.957144,4103.6900000000005,0.700162,0.040845,0.2946335662256578,10,Back-to-school,179.47449768160743,120.78433797011851,1,2024-10-19 12:00:00,False
2024_JD_0506,Campaign_2024_JD_0506,2024-11-22,2024-12-28,TikTok Ads,Africa,48361,2255,601,29499.49,71525.46,Adults,Health,Tablet,2024,H2_2024,36,11,4,11,12,True,0.046628,0.266519,1.424634,2.424634,13.081814,609.985112,49.08401,31.718608,119.010749,42025.97,0.587567,0.012427,0.2665188470066519,12,Holiday Peak,59.0558507888588,1478.9905088811233,0,2024-12-10 00:00:00,False
2024_JD_0101,Campaign_2024_JD_0101,2024-10-14,2024-12-18,Google Display Network,South America,48088,2660,163,46402.79,108205.16,Adults,Automotive,Tablet,2024,H2_2024,65,10,4,10,12,True,0.055315,0.061278,1.331868,2.331868,17.444658,964.955706,284.679693,40.678632,663.835337,61802.37,0.571159,0.00339,0.06127819548872181,11,Holiday Peak,58.70487439693894,2250.1488936948926,0,2024-11-15 12:00:00,False
2024_JD_0304,Campaign_2024_JD_0304,2024-07-31,2024-08-19,Google Display Network,Africa,47913,6967,710,24745.48,72622.62,Seniors,Electronics,Mobile,2024,H2_2024,19,7,3,7,8,False,0.145409,0.101909,1.934783,2.934783,3.551813,516.46693,34.852789,10.423801,102.28538,47877.14,0.659259,0.014819,0.1019089995693986,8,Back-to-school,160.22791309248012,1515.7184897626948,1,2024-08-09 12:00:00,False
2024_JD_0360,Campaign_2024_JD_0360,2024-09-23,2024-12-31,Facebook Ads,Africa,47891,7066,494,2079.72,5939.72,Youth,Clothing,Mobile,2024,H2_2024,99,9,3,9,12,False,0.147543,0.069912,1.856019,2.856019,0.294328,43.426113,4.20996,0.840606,12.023725,3860.0000000000005,0.649862,0.010315,0.06991225587319558,11,Back-to-school,157.85847027625232,124.02580860704518,1,2024-11-11 12:00:00,False
2024_JD_0450,Campaign_2024_JD_0450,2024-08-06,2024-12-31,Google Display Network,Africa,47727,5220,239,33268.49,98543.48,Seniors,Health,Mobile,2024,H2_2024,147,8,3,8,12,False,0.109372,0.045785,1.962067,2.962067,6.373274,697.058059,139.198703,18.878061,412.315816,65274.99,0.662398,0.005008,0.04578544061302682,10,Back-to-school,114.3797012173403,2064.7323318038007,1,2024-10-18 12:00:00,False
2024_JD_0123,Campaign_2024_JD_0123,2024-09-28,2024-12-31,Facebook Ads,Europe,47533,2303,161,46668.7,90419.53,Youth,Automotive,Tablet,2024,H2_2024,94,9,3,9,12,False,0.048451,0.069909,0.937477,1.937477,20.264307,981.816843,289.867702,39.261628,561.611988,43750.83,0.483865,0.003387,0.06990881458966565,11,Back-to-school,51.83767067090232,1902.2474912166283,0,2024-11-14 00:00:00,False
2024_JD_0524,Campaign_2024_JD_0524,2024-09-08,2024-09-28,Google Ads,North America,47291,2764,541,6824.85,20193.73,Adults,Health,Desktop,2024,H2_2024,20,9,3,9,9,False,0.058447,0.195731,1.958853,2.958853,2.469193,144.316043,12.61525,7.30598,37.326673,13368.88,0.662031,0.01144,0.19573082489146165,9,Back-to-school,69.88644773847032,427.01000190311055,1,2024-09-18 00:00:00,False
2024_JD_0545,Campaign_2024_JD_0545,2024-09-03,2024-12-09,Facebook Ads,Asia,47137,6575,330,31000.65,52394.06,Adults,Automotive,Tablet,2024,H2_2024,97,9,3,9,12,False,0.139487,0.05019,0.690096,1.690096,4.714928,657.671256,93.941364,7.968678,158.769879,21393.409999999996,0.408317,0.007001,0.050190114068441066,10,Back-to-school,146.48789698114007,1111.5272503553472,0,2024-10-21 12:00:00,False
2024_JD_0334,Campaign_2024_JD_0334,2024-10-19,2024-12-31,Google Ads,Africa,46321,4190,169,37343.89,120521.31,Seniors,Health,Desktop,2024,H2_2024,73,10,4,10,12,True,0.090456,0.040334,2.227337,3.227337,8.912623,806.197837,220.969763,28.764036,713.143846,83177.42,0.690147,0.003648,0.040334128878281625,11,Holiday Peak,94.10418600634702,2601.871937134345,1,2024-11-24 12:00:00,False
2024_JD_0356,Campaign_2024_JD_0356,2024-10-15,2024-12-31,Email,North America,45785,2754,467,17950.1,34552.79,Seniors,Automotive,Mobile,2024,H2_2024,77,10,4,10,12,True,0.060151,0.169572,0.924936,1.924936,6.517829,392.051982,38.437045,12.546402,73.988844,16602.690000000002,0.480502,0.0102,0.16957153231663036,11,Holiday Peak,70.35055149066288,754.6748935240801,0,2024-11-22 12:00:00,False
2024_JD_0404,Campaign_2024_JD_0404,2024-07-06,2024-08-16,Email,Europe,45583,6041,1463,24012.45,53693.52,Seniors,Clothing,Desktop,2024,H2_2024,41,7,3,7,8,False,0.132527,0.242178,1.23607,2.23607,3.974913,526.785205,16.413158,8.888184,36.700971,29681.069999999996,0.552787,0.032095,0.2421784472769409,7,Back-to-school,164.6227760349253,1177.9286137375775,0,2024-07-26 12:00:00,False
2024_JD_0403,Campaign_2024_JD_0403,2024-09-10,2024-12-20,TikTok Ads,North America,45197,2712,691,1143.13,1476.31,Adults,Automotive,Mobile,2024,H2_2024,101,9,3,9,12,False,0.060004,0.254794,0.291463,1.291463,0.421508,25.292165,1.654313,0.544362,2.136483,333.17999999999984,0.225684,0.015289,0.2547935103244838,10,Back-to-school,75.29260791645463,32.66389362125805,0,2024-10-30 12:00:00,False
2024_JD_0106,Campaign_2024_JD_0106,2024-07-22,2024-12-31,Google Display Network,South America,44749,970,54,18849.22,44443.82,Adults,Automotive,Tablet,2024,H2_2024,162,7,3,7,12,False,0.021676,0.05567,1.35786,2.35786,19.432186,421.221033,349.05963,45.818371,823.033704,25594.6,0.575887,0.001207,0.05567010309278351,10,Back-to-school,22.88319292051219,993.1801827973809,0,2024-10-11 00:00:00,False
2024_JD_0131,Campaign_2024_JD_0131,2024-08-08,2024-12-04,Google Display Network,South America,44711,4209,463,27449.27,60638.53,Seniors,Home,Desktop,2024,H2_2024,118,8,3,8,12,False,0.094138,0.110002,1.209113,2.209113,6.521566,613.926551,59.28568,14.406873,130.968747,33189.259999999995,0.54733,0.010355,0.11000237586124971,10,Back-to-school,104.49330142470534,1356.232918073852,0,2024-10-06 00:00:00,False
2024_JD_0268,Campaign_2024_JD_0268,2024-10-25,2024-12-31,Email,Asia,44310,6366,777,19623.65,32446.81,Youth,Clothing,Mobile,2024,H2_2024,67,10,4,10,12,True,0.14367,0.122055,0.653454,1.653454,3.082571,442.871812,25.255663,5.096891,41.759086,12823.16,0.395206,0.017536,0.12205466540999058,11,Holiday Peak,161.20514556533513,732.2683367185737,0,2024-11-27 12:00:00,False
2024_JD_0579,Campaign_2024_JD_0579,2024-08-31,2024-10-01,Google Display Network,Asia,44082,690,136,28473.24,75322.56,Youth,Clothing,Tablet,2024,H2_2024,31,8,3,8,10,False,0.015653,0.197101,1.645381,2.645381,41.265565,645.91534,209.362059,109.16313,553.842353,46849.31999999999,0.621983,0.003085,0.19710144927536233,9,Back-to-school,18.737806814572842,1708.691983122363,1,2024-09-15 12:00:00,False
2024_JD_0495,Campaign_2024_JD_0495,2024-07-18,2024-08-20,Email,Europe,43870,1307,386,1638.45,2019.61,Youth,Health,Tablet,2024,H2_2024,33,7,3,7,8,False,0.029793,0.295333,0.232635,1.232635,1.253596,37.347846,4.244689,1.545226,5.23215,381.15999999999985,0.18873,0.008799,0.2953328232593726,8,Back-to-school,38.591292454980625,46.036243446546614,0,2024-08-03 12:00:00,False
2024_JD_0594,Campaign_2024_JD_0594,2024-10-12,2024-12-24,Google Ads,Europe,43712,1391,398,21817.69,71737.19,Adults,Automotive,Tablet,2024,H2_2024,73,10,4,10,12,True,0.031822,0.286125,2.288029,3.288029,15.684896,499.123582,54.818317,51.572387,180.244196,49919.5,0.695866,0.009105,0.2861250898634076,11,Holiday Peak,40.926976573938504,1641.1326409224012,1,2024-11-17 12:00:00,False
2024_JD_0470,Campaign_2024_JD_0470,2024-10-13,2024-12-31,TikTok Ads,Africa,43342,4505,1081,21408.72,66174.65,Adults,Health,Desktop,2024,H2_2024,79,10,4,10,12,True,0.103941,0.239956,2.091014,3.091014,4.752213,493.948595,19.804551,14.689156,61.216142,44765.92999999999,0.676482,0.024941,0.23995560488346282,11,Holiday Peak,128.8819159245074,1526.801947302847,1,2024-11-21 12:00:00,False
2024_JD_0476,Campaign_2024_JD_0476,2024-10-10,2024-11-17,TikTok Ads,North America,41609,2421,421,21268.49,49631.9,Youth,Clothing,Mobile,2024,H2_2024,38,10,4,10,11,True,0.058185,0.173895,1.333588,2.333588,8.785002,511.151193,50.518979,20.500578,117.890499,28363.41,0.571475,0.010118,0.17389508467575382,10,Holiday Peak,68.30253070249225,1192.8164579778413,0,2024-10-29 00:00:00,False
2024_JD_0177,Campaign_2024_JD_0177,2024-07-17,2024-10-13,Google Ads,Europe,41408,4308,54,27553.15,88384.32,Youth,Health,Desktop,2024,H2_2024,88,7,3,7,10,False,0.104038,0.012535,2.207776,3.207776,6.39581,665.406443,510.243519,20.516323,1636.746667,60831.170000000006,0.688257,0.001304,0.012534818941504178,8,Back-to-school,105.3419629057187,2134.4744976816073,1,2024-08-30 00:00:00,False
2024_JD_0562,Campaign_2024_JD_0562,2024-11-06,2024-12-31,Google Ads,Africa,40842,5477,987,33103.51,65491.94,Youth,Electronics,Tablet,2024,H2_2024,55,11,4,11,12,True,0.134102,0.180208,0.978399,1.978399,6.044095,810.526174,33.539524,11.95763,66.354549,32388.43,0.494541,0.024166,0.18020814314405698,12,Holiday Peak,158.2684491454875,1603.5439008863425,0,2024-12-03 12:00:00,False
2024_JD_0263,Campaign_2024_JD_0263,2024-11-26,2024-12-31,Email,South America,40643,5998,1499,12639.66,28620.32,Adults,Electronics,Tablet,2024,H2_2024,35,11,4,11,12,True,0.147578,0.249917,1.264327,2.264327,2.107312,310.992299,8.432061,4.771644,19.092942,15980.66,0.558368,0.036882,0.24991663887962653,12,Holiday Peak,184.45980857712274,704.1881750855006,0,2024-12-13 12:00:00,False
2024_JD_0610,Campaign_2024_JD_0610,2024-11-26,2024-12-31,Email,South America,40643,5998,1499,12639.66,28620.32,Adults,Electronics,Tablet,2024,H2_2024,35,11,4,11,12,True,0.147578,0.249917,1.264327,2.264327,2.107312,310.992299,8.432061,4.771644,19.092942,15980.66,0.558368,0.036882,0.24991663887962653,12,Holiday Peak,184.45980857712274,704.1881750855006,0,2024-12-13 12:00:00,False
2024_JD_0165,Campaign_2024_JD_0165,2024-07-14,2024-08-06,Facebook Ads,Asia,40367,4436,280,20724.95,35262.53,Seniors,Home,Desktop,2024,H2_2024,23,7,3,7,8,False,0.109892,0.06312,0.701453,1.701453,4.671991,513.413184,74.017679,7.949173,125.937607,14537.579999999998,0.412267,0.006936,0.06311992786293959,7,Back-to-school,116.82810216265763,873.5484430351526,0,2024-07-25 12:00:00,False
2024_JD_0244,Campaign_2024_JD_0244,2024-10-19,2024-11-16,Facebook Ads,Africa,40046,3555,164,5667.81,15302.43,Adults,Home,Tablet,2024,H2_2024,28,10,4,10,11,True,0.088773,0.046132,1.699884,2.699884,1.594321,141.532488,34.559817,4.304481,93.3075,9634.619999999999,0.629614,0.004095,0.04613220815752461,11,Holiday Peak,92.86820156819658,382.12131049293316,1,2024-11-02 00:00:00,False
2024_JD_0525,Campaign_2024_JD_0525,2024-10-20,2024-12-31,Email,South America,39998,4686,110,16287.22,37619.42,Youth,Home,Desktop,2024,H2_2024,72,10,4,10,12,True,0.117156,0.023474,1.309751,2.309751,3.475719,407.20086,148.065636,8.028045,341.994727,21332.199999999997,0.567053,0.00275,0.023474178403755867,11,Holiday Peak,119.905995299765,940.5325266263313,0,2024-11-25 00:00:00,False
2024_JD_0391,Campaign_2024_JD_0391,2024-07-14,2024-12-29,TikTok Ads,South America,39518,5152,133,48666.04,150859.36,Adults,Home,Desktop,2024,H2_2024,168,7,3,7,12,False,0.130371,0.025815,2.09989,3.09989,9.446048,1231.49046,365.910075,29.281708,1134.280902,102193.31999999998,0.677408,0.003366,0.025815217391304348,10,Back-to-school,133.73652512778986,3817.484690520775,1,2024-10-06 00:00:00,False
2024_JD_0514,Campaign_2024_JD_0514,2024-08-26,2024-11-02,TikTok Ads,South America,39148,4287,721,12080.14,22948.12,Seniors,Electronics,Tablet,2024,H2_2024,68,8,3,8,11,False,0.109508,0.168183,0.899657,1.899657,2.817854,308.576172,16.754702,5.352955,31.828183,10867.98,0.473589,0.018417,0.1681828784697924,9,Back-to-school,127.92479820169612,586.1888219066108,0,2024-09-29 00:00:00,False
2024_JD_0083,Campaign_2024_JD_0083,2024-10-21,2024-12-31,Email,Europe,38591,1313,129,48197.9,59184.87,Adults,Home,Mobile,2024,H2_2024,71,10,4,10,12,True,0.034023,0.098248,0.227955,1.227955,36.708225,1248.941463,373.627132,45.076062,458.797442,10986.970000000001,0.185638,0.003343,0.09824828636709824,11,Holiday Peak,37.36622528568837,1533.6443730403462,0,2024-11-25 12:00:00,False
2024_JD_0379,Campaign_2024_JD_0379,2024-11-03,2024-12-31,Email,Africa,37994,3926,303,41134.11,110577.05,Seniors,Health,Mobile,2024,H2_2024,58,11,4,11,12,True,0.103332,0.077178,1.688208,2.688208,10.477359,1082.647523,135.756139,28.165321,364.940759,69442.94,0.628005,0.007975,0.0771777890983189,12,Holiday Peak,111.30704848133917,2910.381902405643,1,2024-12-02 00:00:00,False
2024_JD_0609,Campaign_2024_JD_0609,2024-11-03,2024-12-31,Email,Africa,37994,3926,303,41134.11,110577.05,Seniors,Health,Mobile,2024,H2_2024,58,11,4,11,12,True,0.103332,0.077178,1.688208,2.688208,10.477359,1082.647523,135.756139,28.165321,364.940759,69442.94,0.628005,0.007975,0.0771777890983189,12,Holiday Peak,111.30704848133917,2910.381902405643,1,2024-12-02 00:00:00,False
2024_JD_0254,Campaign_2024_JD_0254,2024-11-05,2024-12-31,Email,Asia,37556,4778,1406,47051.17,149351.44,Adults,Clothing,Tablet,2024,H2_2024,56,11,4,11,12,True,0.127223,0.294265,2.174234,3.174234,9.847461,1252.826978,33.464559,31.25815,106.224353,102300.27,0.684963,0.037437,0.2942653830054416,12,Holiday Peak,164.66077324528706,3976.7664287996595,1,2024-12-03 00:00:00,False
2024_JD_0464,Campaign_2024_JD_0464,2024-09-03,2024-12-31,Facebook Ads,Europe,37402,4606,473,29018.65,95371.52,Youth,Health,Tablet,2024,H2_2024,119,9,3,9,12,False,0.123148,0.102692,2.28656,3.28656,6.300185,775.858243,61.350211,20.705931,201.631121,66352.87,0.69573,0.012646,0.10269214068606165,11,Back-to-school,135.79487727928986,2549.904283193412,1,2024-11-01 12:00:00,False
2024_JD_0399,Campaign_2024_JD_0399,2024-08-04,2024-10-22,TikTok Ads,North America,37174,1818,349,45623.15,103482.27,Seniors,Home,Mobile,2024,H2_2024,79,8,3,8,10,False,0.048905,0.191969,1.268197,2.268197,25.095242,1227.286544,130.725358,56.920941,296.510802,57859.12,0.559121,0.009388,0.19196919691969197,9,Back-to-school,58.293430892559314,2783.7270673051057,0,2024-09-12 12:00:00,False
2024_JD_0050,Campaign_2024_JD_0050,2024-11-20,2024-12-31,Google Ads,Asia,37097,5299,778,33929.28,72955.63,Youth,Automotive,Tablet,2024,H2_2024,41,11,4,11,12,True,0.142842,0.14682,1.150226,2.150226,6.402959,914.609807,43.6109,13.767811,93.773303,39026.350000000006,0.534933,0.020972,0.14682015474617852,12,Holiday Peak,163.81378548130576,1966.6180553683587,0,2024-12-10 12:00:00,False
2024_JD_0535,Campaign_2024_JD_0535,2024-10-26,2024-12-31,Email,Europe,36802,3472,351,5112.06,10055.24,Adults,Clothing,Desktop,2024,H2_2024,66,10,4,10,12,True,0.094343,0.101094,0.966964,1.966964,1.472368,138.907125,14.564274,2.896094,28.647407,4943.179999999999,0.491602,0.009538,0.10109447004608295,11,Holiday Peak,103.88022390087495,273.2253681865116,0,2024-11-28 00:00:00,False
2024_JD_0297,Campaign_2024_JD_0297,2024-11-11,2024-12-31,Facebook Ads,South America,36750,5410,1603,4965.04,11615.91,Seniors,Health,Tablet,2024,H2_2024,50,11,4,11,12,True,0.147211,0.296303,1.33954,2.33954,0.917752,135.103129,3.097342,2.147118,7.246357,6650.87,0.572566,0.043619,0.29630314232902033,12,Holiday Peak,190.82993197278913,316.0791836734694,0,2024-12-06 00:00:00,False
2024_JD_0167,Campaign_2024_JD_0167,2024-10-08,2024-12-02,Facebook Ads,South America,36653,2447,40,20857.16,48892.71,Adults,Health,Tablet,2024,H2_2024,55,10,4,10,12,True,0.066761,0.016347,1.344169,2.344169,8.523564,569.043734,521.429,19.980674,1222.31775,28035.55,0.57341,0.001091,0.016346546791990192,11,Holiday Peak,67.8525632281123,1333.9347393119253,0,2024-11-04 12:00:00,False
2024_JD_0491,Campaign_2024_JD_0491,2024-09-24,2024-12-25,Email,Africa,36433,2713,249,3151.1,4982.6,Adults,Home,Tablet,2024,H2_2024,92,9,3,9,12,False,0.074465,0.09178,0.581226,1.581226,1.161482,86.49027,12.65502,1.836565,20.010442,1831.5000000000005,0.367579,0.006834,0.0917803169922595,11,Back-to-school,81.2999204018335,136.76062909999177,0,2024-11-09 00:00:00,False
2024_JD_0265,Campaign_2024_JD_0265,2024-09-10,2024-11-11,Google Display Network,Asia,36348,1540,167,19629.59,41561.58,Seniors,Clothing,Tablet,2024,H2_2024,62,9,3,9,11,False,0.042368,0.108442,1.117292,2.117292,12.746487,540.045945,117.542455,26.988039,248.871737,21931.99,0.527699,0.004594,0.10844155844155844,10,Back-to-school,46.96269395840211,1143.435127104655,0,2024-10-11 00:00:00,False
2024_JD_0309,Campaign_2024_JD_0309,2024-09-30,2024-10-28,Google Display Network,Africa,36174,2125,618,48227.29,85445.96,Adults,Health,Tablet,2024,H2_2024,28,9,3,9,10,False,0.058744,0.290824,0.771735,1.771735,22.695195,1333.203129,78.037686,40.209864,138.262071,37218.670000000006,0.435581,0.017084,0.2908235294117647,10,Back-to-school,75.82794272129154,2362.08215845635,0,2024-10-14 00:00:00,False
2024_JD_0300,Campaign_2024_JD_0300,2024-07-14,2024-10-01,Google Display Network,Asia,36055,5277,289,9567.09,22539.13,Youth,Home,Tablet,2024,H2_2024,79,7,3,7,10,False,0.14636,0.054766,1.355902,2.355902,1.812979,265.347109,33.104118,4.271201,77.990069,12972.04,0.575534,0.008016,0.05476596551070684,8,Back-to-school,154.37526001941478,625.131881847178,0,2024-08-22 12:00:00,False
2024_JD_0209,Campaign_2024_JD_0209,2024-09-08,2024-12-31,Facebook Ads,Asia,34257,1589,333,20215.41,32604.3,Adults,Electronics,Tablet,2024,H2_2024,114,9,3,9,12,False,0.046385,0.209566,0.612844,1.612844,12.722096,590.110342,60.706937,20.518754,97.910811,12388.89,0.379977,0.009721,0.20956576463184393,11,Back-to-school,56.10532154012319,951.7558455206236,0,2024-11-04 00:00:00,False
2024_JD_0235,Campaign_2024_JD_0235,2024-10-08,2024-12-31,Email,Europe,33380,4035,348,33276.68,78062.1,Youth,Automotive,Tablet,2024,H2_2024,84,10,4,10,12,True,0.120881,0.086245,1.34585,2.34585,8.247009,996.904733,95.622644,19.346245,224.316379,44785.420000000006,0.573715,0.010425,0.0862453531598513,11,Holiday Peak,131.30617136009585,2338.588975434392,0,2024-11-19 00:00:00,False
2024_JD_0359,Campaign_2024_JD_0359,2024-08-27,2024-10-01,TikTok Ads,Africa,33228,4002,1023,17574.89,33568.16,Seniors,Automotive,Mobile,2024,H2_2024,35,8,3,8,10,False,0.120441,0.255622,0.910007,1.910007,4.391527,528.918081,17.179756,8.387846,32.813451,15993.270000000004,0.476442,0.030787,0.2556221889055472,9,Back-to-school,151.22788010111952,1010.237149392079,0,2024-09-13 12:00:00,False
2024_JD_0342,Campaign_2024_JD_0342,2024-07-20,2024-08-20,Google Display Network,Asia,32766,2957,544,25995.38,74446.37,Adults,Electronics,Tablet,2024,H2_2024,31,7,3,7,8,False,0.090246,0.18397,1.863831,2.863831,8.791133,793.364463,47.785625,25.176317,136.849945,48450.98999999999,0.650817,0.016603,0.18397024010821778,8,Back-to-school,106.84856253433438,2272.0615882317034,1,2024-08-04 12:00:00,False
2024_JD_0063,Campaign_2024_JD_0063,2024-09-07,2024-09-25,Google Ads,Europe,32663,3165,366,32478.54,40954.66,Youth,Health,Mobile,2024,H2_2024,18,9,3,9,9,False,0.096899,0.11564,0.260976,1.260976,10.261782,994.352631,88.73918,12.939861,111.897978,8476.120000000003,0.206964,0.011205,0.11563981042654028,9,Back-to-school,108.10397085387136,1253.854820439029,0,2024-09-16 00:00:00,False
2024_JD_0141,Campaign_2024_JD_0141,2024-10-19,2024-12-31,TikTok Ads,Asia,32306,3854,1041,28691.53,80402.19,Seniors,Home,Desktop,2024,H2_2024,73,10,4,10,12,True,0.119297,0.270109,1.802297,2.802297,7.444611,888.117687,27.561508,20.862011,77.235533,51710.66,0.64315,0.032223,0.27010897768552156,11,Holiday Peak,151.51984151550798,2488.769578406488,1,2024-11-24 12:00:00,False
2024_JD_0326,Campaign_2024_JD_0326,2024-07-17,2024-12-24,Google Display Network,Europe,31806,4358,530,22171.77,49013.61,Youth,Health,Mobile,2024,H2_2024,160,7,3,7,12,False,0.137018,0.121615,1.210631,2.210631,5.087602,697.093945,41.833528,11.246813,92.478509,26841.84,0.547641,0.016664,0.1216154199173933,10,Back-to-school,153.68169527762058,1541.0177325033012,0,2024-10-05 00:00:00,False
2024_JD_0436,Campaign_2024_JD_0436,2024-11-18,2024-12-31,Email,Africa,31762,3487,797,15723.98,33717.44,Youth,Clothing,Mobile,2024,H2_2024,43,11,4,11,12,True,0.109785,0.228563,1.144332,2.144332,4.509315,495.056357,19.728959,9.669469,42.305445,17993.460000000003,0.533654,0.025093,0.22856323487238314,12,Holiday Peak,134.87815628738744,1061.5653926075186,0,2024-12-09 12:00:00,False
2024_JD_0608,Campaign_2024_JD_0608,2024-11-18,2024-12-31,Email,Africa,31762,3487,797,15723.98,33717.44,Youth,Clothing,Mobile,2024,H2_2024,43,11,4,11,12,True,0.109785,0.228563,1.144332,2.144332,4.509315,495.056357,19.728959,9.669469,42.305445,17993.460000000003,0.533654,0.025093,0.22856323487238314,12,Holiday Peak,134.87815628738744,1061.5653926075186,0,2024-12-09 12:00:00,False
2024_JD_0400,Campaign_2024_JD_0400,2024-07-15,2024-11-11,Facebook Ads,Africa,31649,721,27,31934.07,81780.07,Seniors,Automotive,Mobile,2024,H2_2024,119,7,3,7,11,False,0.022781,0.037448,1.560903,2.560903,44.291359,1009.007236,1182.743333,113.425895,3028.891481,49846.00000000001,0.609513,0.000853,0.03744798890429958,9,Back-to-school,23.63423804859553,2583.970109640115,0,2024-09-12 12:00:00,False
2024_JD_0045,Campaign_2024_JD_0045,2024-09-05,2024-12-31,Google Ads,Africa,31641,2132,586,35105.46,88154.75,Youth,Clothing,Tablet,2024,H2_2024,117,9,3,9,12,False,0.067381,0.274859,1.511141,2.511141,16.465976,1109.492747,59.906928,41.348382,150.434727,53049.29,0.601775,0.01852,0.274859287054409,11,Back-to-school,85.90120413387693,2786.092411744256,0,2024-11-02 12:00:00,False
2024_JD_0249,Campaign_2024_JD_0249,2024-08-18,2024-12-30,Facebook Ads,Europe,31155,2514,391,43545.29,72870.2,Seniors,Clothing,Tablet,2024,H2_2024,134,8,3,8,12,False,0.080693,0.155529,0.673435,1.673435,17.321118,1397.698283,111.369028,28.98576,186.368798,29324.909999999996,0.402427,0.01255,0.15552903739061258,10,Back-to-school,93.24346011876104,2338.9568287594284,0,2024-10-24 00:00:00,False
2024_JD_0239,Campaign_2024_JD_0239,2024-11-25,2024-12-31,Google Display Network,South America,30963,3762,568,25737.4,69350.72,Adults,Home,Desktop,2024,H2_2024,36,11,4,11,12,True,0.1215,0.150984,1.69455,2.69455,6.841414,831.230824,45.312324,18.434535,122.096338,43613.32,0.628881,0.018344,0.15098351940457203,12,Holiday Peak,139.8443303297484,2239.7933016826532,1,2024-12-13 00:00:00,False
2024_JD_0607,Campaign_2024_JD_0607,2024-11-25,2024-12-31,Google Display Network,South America,30963,3762,568,25737.4,69350.72,Adults,Home,Desktop,2024,H2_2024,36,11,4,11,12,True,0.1215,0.150984,1.69455,2.69455,6.841414,831.230824,45.312324,18.434535,122.096338,43613.32,0.628881,0.018344,0.15098351940457203,12,Holiday Peak,139.8443303297484,2239.7933016826532,1,2024-12-13 00:00:00,False
2024_JD_0021,Campaign_2024_JD_0021,2024-07-28,2024-11-27,Google Display Network,Europe,30939,2290,352,16892.91,25015.06,Seniors,Automotive,Desktop,2024,H2_2024,122,7,3,7,11,False,0.074017,0.153712,0.480802,1.480802,7.376817,546.006981,47.991222,10.923607,71.065511,8122.1500000000015,0.32469,0.011377,0.1537117903930131,9,Back-to-school,85.39383949061056,808.528394582889,0,2024-09-27 00:00:00,False
2024_JD_0182,Campaign_2024_JD_0182,2024-09-20,2024-12-31,Google Ads,Europe,30510,3347,434,26599.29,71351.46,Youth,Home,Tablet,2024,H2_2024,102,9,3,9,12,False,0.109702,0.129668,1.682457,2.682457,7.947203,871.822026,61.288687,21.318034,164.404286,44752.170000000006,0.627207,0.014225,0.12966835972512697,11,Back-to-school,123.92658144870533,2338.6253687315634,1,2024-11-10 00:00:00,False
2024_JD_0431,Campaign_2024_JD_0431,2024-07-18,2024-11-22,Google Display Network,South America,30372,4475,102,48095.64,100799.24,Youth,Automotive,Desktop,2024,H2_2024,127,7,3,7,11,False,0.14734,0.022793,1.095808,2.095808,10.747629,1583.551956,471.525882,22.52497,988.227843,52703.600000000006,0.522857,0.003358,0.022793296089385476,9,Back-to-school,150.69801132622152,3318.8212827604375,0,2024-09-19 12:00:00,False
2024_JD_0496,Campaign_2024_JD_0496,2024-10-16,2024-12-31,TikTok Ads,South America,30372,3945,163,47241.38,161013.36,Seniors,Clothing,Mobile,2024,H2_2024,76,10,4,10,12,True,0.129889,0.041318,2.408312,3.408312,11.975001,1555.425392,289.824417,40.81454,987.812025,113771.97999999998,0.7066,0.005367,0.04131812420785805,11,Holiday Peak,135.25615698669827,5301.374950612406,1,2024-11-23 00:00:00,False
2024_JD_0028,Campaign_2024_JD_0028,2024-10-31,2024-12-31,Email,North America,30342,2630,635,32042.96,77937.51,Seniors,Electronics,Tablet,2024,H2_2024,61,10,4,10,12,True,0.086679,0.241445,1.432282,2.432282,12.183635,1056.059587,50.461354,29.634034,122.736236,45894.549999999996,0.588863,0.020928,0.2414448669201521,11,Holiday Peak,107.60661788939424,2568.6345659481904,0,2024-11-30 12:00:00,False
2024_JD_0532,Campaign_2024_JD_0532,2024-10-27,2024-12-31,Facebook Ads,Africa,29335,3355,627,31771.68,56212.78,Adults,Home,Tablet,2024,H2_2024,65,10,4,10,12,True,0.114369,0.186885,0.769273,1.769273,9.469949,1083.063917,50.672536,16.754927,89.653557,24441.1,0.434796,0.021374,0.18688524590163935,11,Holiday Peak,135.7422873700358,1916.235895687745,0,2024-11-28 12:00:00,False
2024_JD_0257,Campaign_2024_JD_0257,2024-10-22,2024-12-31,Google Display Network,Africa,29089,4009,342,28959.88,36775.87,Youth,Electronics,Tablet,2024,H2_2024,70,10,4,10,12,True,0.137818,0.085308,0.26989,1.26989,7.223717,995.561209,84.678012,9.173328,107.531784,7815.990000000002,0.21253,0.011757,0.08530805687203792,11,Holiday Peak,149.5754408883083,1264.2534978857989,0,2024-11-26 00:00:00,False
2024_JD_0369,Campaign_2024_JD_0369,2024-11-08,2024-12-31,Facebook Ads,South America,28648,1863,244,6168.21,18391.47,Adults,Health,Mobile,2024,H2_2024,53,11,4,11,12,True,0.065031,0.130972,1.981654,2.981654,3.310902,215.310318,25.279549,9.871965,75.374877,12223.260000000002,0.664616,0.008517,0.13097155126140633,12,Holiday Peak,73.547891650377,641.9809410779112,1,2024-12-04 12:00:00,False
2024_JD_0606,Campaign_2024_JD_0606,2024-11-08,2024-12-31,Facebook Ads,South America,28648,1863,244,6168.21,18391.47,Adults,Health,Mobile,2024,H2_2024,53,11,4,11,12,True,0.065031,0.130972,1.981654,2.981654,3.310902,215.310318,25.279549,9.871965,75.374877,12223.260000000002,0.664616,0.008517,0.13097155126140633,12,Holiday Peak,73.547891650377,641.9809410779112,1,2024-12-04 12:00:00,False
2024_JD_0107,Campaign_2024_JD_0107,2024-08-14,2024-12-31,Facebook Ads,Africa,28624,3127,279,24576.12,68368.43,Adults,Home,Tablet,2024,H2_2024,139,8,3,8,12,False,0.109244,0.089223,1.781905,2.781905,7.859328,858.584405,88.086452,21.863905,245.048136,43792.31,0.640534,0.009747,0.08922289734569876,10,Back-to-school,118.99105645612075,2388.5002096143094,1,2024-10-22 12:00:00,False
2024_JD_0570,Campaign_2024_JD_0570,2024-09-25,2024-12-31,Google Ads,Asia,28199,3910,533,24979.45,54657.53,Seniors,Home,Mobile,2024,H2_2024,97,9,3,9,12,False,0.138657,0.136317,1.1881,2.1881,6.388606,885.827512,46.86576,13.978908,102.546961,29678.079999999998,0.542982,0.018901,0.13631713554987213,11,Back-to-school,157.55877868009503,1938.279016986418,0,2024-11-12 12:00:00,False
2024_JD_0176,Campaign_2024_JD_0176,2024-10-10,2024-12-31,Google Ads,Europe,28051,2602,638,5487.52,18162.71,Youth,Health,Desktop,2024,H2_2024,82,10,4,10,12,True,0.09276,0.245196,2.309821,3.309821,2.108962,195.626537,8.601129,6.980288,28.468197,12675.189999999999,0.697869,0.022744,0.24519600307455802,11,Holiday Peak,115.50390360414958,647.4888595771987,1,2024-11-20 00:00:00,False
2024_JD_0051,Campaign_2024_JD_0051,2024-09-01,2024-12-31,Google Display Network,Asia,27677,2637,595,2494.51,3207.69,Youth,Home,Mobile,2024,H2_2024,121,9,3,9,12,False,0.095278,0.225635,0.2859,1.2859,0.945965,90.129349,4.192454,1.216416,5.391076,713.1799999999998,0.222334,0.021498,0.22563519150549868,10,Back-to-school,116.77566210210644,115.89731546049066,0,2024-10-31 12:00:00,False
2024_JD_0453,Campaign_2024_JD_0453,2024-08-14,2024-10-28,Email,South America,27031,1359,157,25530.59,77290.94,Seniors,Electronics,Mobile,2024,H2_2024,75,8,3,8,10,False,0.050276,0.115526,2.027386,3.027386,18.786306,944.49299,162.615223,56.873392,492.298981,51760.350000000006,0.669682,0.005808,0.11552612214863871,9,Back-to-school,56.08375568791388,2859.3444563649145,1,2024-09-20 12:00:00,False
2024_JD_0595,Campaign_2024_JD_0595,2024-08-13,2024-12-31,Email,Africa,26839,2908,758,35111.65,73047.58,Adults,Electronics,Mobile,2024,H2_2024,140,8,3,8,12,False,0.10835,0.26066,1.080437,2.080437,12.074157,1308.232423,46.321438,25.119525,96.368839,37935.93,0.519332,0.028242,0.26066024759284734,10,Back-to-school,136.59227243936064,2721.695294161482,0,2024-10-22 00:00:00,False
2024_JD_0445,Campaign_2024_JD_0445,2024-09-01,2024-10-23,TikTok Ads,North America,26826,2758,39,48605.12,83003.67,Seniors,Electronics,Mobile,2024,H2_2024,52,9,3,9,10,False,0.102811,0.014141,0.707715,1.707715,17.623321,1811.8661,1246.285128,30.095602,2128.299231,34398.549999999996,0.414422,0.001454,0.014140681653372008,9,Back-to-school,104.26451949601133,3094.150078282263,0,2024-09-27 00:00:00,False
2024_JD_0298,Campaign_2024_JD_0298,2024-09-04,2024-12-18,Email,Asia,25609,3234,497,47908.82,120634.18,Seniors,Clothing,Mobile,2024,H2_2024,105,9,3,9,12,False,0.126284,0.15368,1.517995,2.517995,14.814106,1870.780585,96.396016,37.301849,242.724708,72725.35999999999,0.602859,0.019407,0.15367965367965367,10,Back-to-school,145.6909680190558,4710.616580108555,0,2024-10-26 12:00:00,False
2024_JD_0068,Campaign_2024_JD_0068,2024-10-23,2024-12-31,Google Display Network,South America,25358,3520,860,35140.12,93000.74,Youth,Clothing,Desktop,2024,H2_2024,69,10,4,10,12,True,0.138812,0.244318,1.646569,2.646569,9.982989,1385.760707,40.860605,26.420665,108.140395,57860.62,0.622152,0.033914,0.24431818181818182,11,Holiday Peak,172.72655572206008,3667.510844703841,1,2024-11-26 12:00:00,False
2024_JD_0137,Campaign_2024_JD_0137,2024-10-17,2024-11-15,Google Display Network,Asia,25103,3583,81,21038.8,62597.34,Adults,Electronics,Tablet,2024,H2_2024,29,10,4,10,11,True,0.142732,0.022607,1.975328,2.975328,5.871839,838.099032,259.738272,17.47065,772.806667,41558.53999999999,0.663903,0.003227,0.022606754116662017,10,Holiday Peak,145.95865036051467,2493.619886069394,1,2024-10-31 12:00:00,False
2024_JD_0338,Campaign_2024_JD_0338,2024-07-14,2024-11-26,Google Display Network,Asia,24873,3696,1079,17019.65,26251.83,Seniors,Home,Mobile,2024,H2_2024,135,7,3,7,11,False,0.148595,0.291937,0.542442,1.542442,4.604884,684.262051,15.77354,7.102768,24.329778,9232.18,0.351678,0.04338,0.29193722943722944,9,Back-to-school,191.9752341896836,1055.4348088288507,0,2024-09-19 12:00:00,False
2024_JD_0150,Campaign_2024_JD_0150,2024-09-19,2024-12-26,Facebook Ads,South America,24816,936,156,21316.58,29764.43,Youth,Health,Tablet,2024,H2_2024,98,9,3,9,12,False,0.037718,0.166667,0.396304,1.396304,22.774124,858.985332,136.644744,31.799605,190.797628,8447.849999999999,0.283824,0.006286,0.16666666666666666,11,Back-to-school,44.00386847195358,1199.4048194713089,0,2024-11-07 00:00:00,False
2024_JD_0452,Campaign_2024_JD_0452,2024-10-10,2024-12-31,Email,North America,24810,1157,198,29274.99,82111.65,Youth,Home,Tablet,2024,H2_2024,82,10,4,10,12,True,0.046634,0.171132,1.80484,2.80484,25.302498,1179.967352,147.853485,70.969447,414.705303,52836.65999999999,0.643473,0.007981,0.17113223854796888,11,Holiday Peak,54.61507456670697,3309.619105199516,1,2024-11-20 00:00:00,False
2024_JD_0203,Campaign_2024_JD_0203,2024-07-06,2024-12-14,TikTok Ads,Asia,24623,2385,375,8709.69,13664.81,Youth,Health,Desktop,2024,H2_2024,161,7,3,7,12,False,0.096861,0.157233,0.56892,1.56892,3.651862,353.721724,23.22584,5.72948,36.439493,4955.119999999999,0.362619,0.01523,0.15723270440251572,9,Back-to-school,112.09032205661373,554.9612151240709,0,2024-09-24 12:00:00,False
2024_JD_0531,Campaign_2024_JD_0531,2024-07-02,2024-11-13,TikTok Ads,Europe,24477,1126,323,40037.39,71109.45,Seniors,Home,Mobile,2024,H2_2024,134,7,3,7,11,False,0.046002,0.286856,0.776076,1.776076,35.557185,1635.714753,123.954768,63.152265,220.153096,31072.059999999998,0.436961,0.013196,0.28685612788632325,9,Back-to-school,59.1984311802917,2905.153817869837,0,2024-09-07 00:00:00,False
2024_JD_0527,Campaign_2024_JD_0527,2024-10-24,2024-12-31,Google Ads,Asia,23919,316,60,31179.68,97889.84,Seniors,Automotive,Tablet,2024,H2_2024,68,10,4,10,12,True,0.013211,0.189873,2.13954,3.13954,98.669873,1303.552824,519.661333,309.777975,1631.497333,66710.16,0.681482,0.002508,0.189873417721519,11,Holiday Peak,15.71972072411054,4092.5557088507044,1,2024-11-27 00:00:00,False
2024_JD_0366,Campaign_2024_JD_0366,2024-08-01,2024-12-28,Facebook Ads,South America,23708,768,160,17180.54,50519.87,Youth,Clothing,Mobile,2024,H2_2024,149,8,3,8,12,False,0.032394,0.208333,1.940529,2.940529,22.370495,724.672684,107.378375,65.781081,315.749188,33339.33,0.659925,0.006749,0.20833333333333334,10,Back-to-school,39.142905348405606,2130.9207862324956,1,2024-10-14 12:00:00,False
2024_JD_0443,Campaign_2024_JD_0443,2024-09-20,2024-12-31,Facebook Ads,Europe,23354,1943,383,24347.69,84999.8,Seniors,Clothing,Mobile,2024,H2_2024,102,9,3,9,12,False,0.083198,0.197118,2.491083,3.491083,12.530978,1042.549028,63.570992,43.74668,221.931593,60652.11,0.713556,0.0164,0.1971178589809573,11,Back-to-school,99.59749935771174,3639.6249036567615,1,2024-11-10 00:00:00,False
2024_JD_0085,Campaign_2024_JD_0085,2024-11-23,2024-12-31,Facebook Ads,Asia,22640,1775,159,23272.51,67669.99,Adults,Health,Desktop,2024,H2_2024,38,11,4,11,12,True,0.078401,0.089577,1.907722,2.907722,13.111273,1027.937721,146.367987,38.123938,425.597421,44397.48000000001,0.656088,0.007023,0.0895774647887324,12,Holiday Peak,85.42402826855124,2988.957155477032,1,2024-12-12 00:00:00,False
2024_JD_0278,Campaign_2024_JD_0278,2024-08-18,2024-12-18,Facebook Ads,Africa,22633,898,126,27232.55,43856.0,Youth,Health,Desktop,2024,H2_2024,122,8,3,8,12,False,0.039677,0.140312,0.610426,1.610426,30.32578,1203.22317,216.131349,48.837416,348.063492,16623.45,0.379046,0.005567,0.1403118040089087,10,Back-to-school,45.24367074625547,1937.7015861794725,0,2024-10-18 00:00:00,False
2024_JD_0198,Campaign_2024_JD_0198,2024-07-29,2024-12-27,TikTok Ads,North America,22602,1146,236,43244.25,132409.01,Adults,Electronics,Mobile,2024,H2_2024,151,7,3,7,12,False,0.050703,0.205934,2.061887,3.061887,37.734948,1913.293071,183.238347,115.540148,561.055127,89164.76000000001,0.673404,0.010442,0.20593368237347295,10,Back-to-school,61.145031413149276,5858.287319706221,1,2024-10-12 12:00:00,False
2024_JD_0592,Campaign_2024_JD_0592,2024-11-22,2024-12-31,Google Display Network,Asia,22374,3169,819,33052.5,117980.69,Youth,Electronics,Desktop,2024,H2_2024,39,11,4,11,12,True,0.141638,0.258441,2.569494,3.569494,10.429946,1477.272727,40.357143,37.229628,144.054567,84928.19,0.719848,0.036605,0.25844114862732726,12,Holiday Peak,178.2426030213641,5273.115669974078,1,2024-12-11 12:00:00,False
2024_JD_0569,Campaign_2024_JD_0569,2024-09-25,2024-12-24,Google Display Network,Asia,21322,2674,751,15501.2,34972.8,Seniors,Automotive,Mobile,2024,H2_2024,90,9,3,9,12,False,0.12541,0.280853,1.256135,2.256135,5.797008,727.004971,20.640746,13.078833,46.568309,19471.600000000002,0.556764,0.035222,0.28085265519820496,11,Back-to-school,160.63221086202046,1640.2213676015385,0,2024-11-09 00:00:00,False
2024_JD_0468,Campaign_2024_JD_0468,2024-10-02,2024-11-06,Facebook Ads,Africa,21211,1958,311,3361.11,6816.72,Youth,Health,Desktop,2024,H2_2024,35,10,4,10,11,True,0.092311,0.158836,1.028116,2.028116,1.716604,158.460704,10.807428,3.481471,21.918714,3455.61,0.506931,0.014662,0.1588355464759959,10,Holiday Peak,106.97279713356278,321.3766441940503,0,2024-10-19 12:00:00,False
2024_JD_0236,Campaign_2024_JD_0236,2024-09-20,2024-12-31,Google Display Network,South America,21082,871,44,49820.36,171482.89,Adults,Electronics,Desktop,2024,H2_2024,102,9,3,9,12,False,0.041315,0.050517,2.442024,3.442024,57.199036,2363.170477,1132.280909,196.880471,3897.338409,121662.53000000001,0.709473,0.002087,0.0505166475315729,11,Back-to-school,43.401954273788064,8134.090219144294,1,2024-11-10 00:00:00,False
2024_JD_0575,Campaign_2024_JD_0575,2024-10-15,2024-12-31,TikTok Ads,Africa,20534,223,4,35125.06,98874.8,Adults,Electronics,Tablet,2024,H2_2024,77,10,4,10,12,True,0.01086,0.017937,1.814936,2.814936,157.51148,1710.580501,8781.265,443.384753,24718.7,63749.740000000005,0.644752,0.000195,0.017937219730941704,11,Holiday Peak,11.054835881951885,4815.174831985975,1,2024-11-22 12:00:00,False
2024_JD_0081,Campaign_2024_JD_0081,2024-09-29,2024-12-31,TikTok Ads,Africa,20485,376,15,20854.9,52437.31,Youth,Electronics,Mobile,2024,H2_2024,93,9,3,9,12,False,0.018355,0.039894,1.514388,2.514388,55.46516,1018.057115,1390.326667,139.460931,3495.820667,31582.409999999996,0.602289,0.000732,0.0398936170212766,11,Back-to-school,19.08713692946058,2559.790578472053,0,2024-11-14 12:00:00,False
2024_JD_0581,Campaign_2024_JD_0581,2024-10-01,2024-12-31,Facebook Ads,Africa,19671,2668,524,7241.93,13445.88,Youth,Automotive,Mobile,2024,H2_2024,91,10,4,10,12,True,0.135631,0.196402,0.856671,1.856671,2.714367,368.15261,13.820477,5.039685,25.660076,6203.949999999999,0.461402,0.026638,0.19640179910044978,11,Holiday Peak,162.26933048650298,683.5382034466982,0,2024-11-15 12:00:00,False
2024_JD_0381,Campaign_2024_JD_0381,2024-11-08,2024-12-31,Google Display Network,Asia,17763,1998,295,6534.22,10066.38,Adults,Electronics,Desktop,2024,H2_2024,53,11,4,11,12,True,0.112481,0.147648,0.540563,1.540563,3.27038,367.855655,22.149898,5.038228,34.123322,3532.159999999999,0.350887,0.016608,0.14764764764764765,12,Holiday Peak,129.08855486122837,566.7049484884309,0,2024-12-04 12:00:00,False
2024_JD_0605,Campaign_2024_JD_0605,2024-11-08,2024-12-31,Google Display Network,Asia,17763,1998,295,6534.22,10066.38,Adults,Electronics,Desktop,2024,H2_2024,53,11,4,11,12,True,0.112481,0.147648,0.540563,1.540563,3.27038,367.855655,22.149898,5.038228,34.123322,3532.159999999999,0.350887,0.016608,0.14764764764764765,12,Holiday Peak,129.08855486122837,566.7049484884309,0,2024-12-04 12:00:00,False
2024_JD_0390,Campaign_2024_JD_0390,2024-11-24,2024-12-31,Google Ads,North America,17109,1701,100,1882.0,4490.93,Adults,Automotive,Tablet,2024,H2_2024,37,11,4,11,12,True,0.099421,0.058789,1.386254,2.386254,1.106408,110.000584,18.82,2.64017,44.9093,2608.9300000000003,0.580933,0.005845,0.058788947677836566,12,Holiday Peak,105.26623414577122,262.48933309953827,0,2024-12-12 12:00:00,False
2024_JD_0604,Campaign_2024_JD_0604,2024-11-24,2024-12-31,Google Ads,North America,17109,1701,100,1882.0,4490.93,Adults,Automotive,Tablet,2024,H2_2024,37,11,4,11,12,True,0.099421,0.058789,1.386254,2.386254,1.106408,110.000584,18.82,2.64017,44.9093,2608.9300000000003,0.580933,0.005845,0.058788947677836566,12,Holiday Peak,105.26623414577122,262.48933309953827,0,2024-12-12 12:00:00,False
2024_JD_0010,Campaign_2024_JD_0010,2024-07-14,2024-10-31,Email,North America,16534,620,45,42382.16,123706.59,Youth,Automotive,Tablet,2024,H2_2024,109,7,3,7,10,False,0.037498,0.072581,1.918836,2.918836,68.358323,2563.333737,941.825778,199.526758,2749.035333,81324.43,0.657398,0.002722,0.07258064516129033,9,Back-to-school,40.22015241320915,7481.951735817104,1,2024-09-06 12:00:00,False
2024_JD_0154,Campaign_2024_JD_0154,2024-10-21,2024-12-31,Email,Africa,16485,1865,281,43227.5,145938.87,Seniors,Automotive,Desktop,2024,H2_2024,71,10,4,10,12,True,0.113133,0.15067,2.376065,3.376065,23.178284,2622.232332,153.83452,78.251405,519.355409,102711.37,0.703797,0.017046,0.15067024128686327,11,Holiday Peak,130.17895056111618,8852.828025477707,1,2024-11-25 12:00:00,False
2024_JD_0178,Campaign_2024_JD_0178,2024-07-08,2024-12-18,Email,Africa,16344,1913,503,34921.55,110112.89,Seniors,Home,Tablet,2024,H2_2024,163,7,3,7,12,False,0.117046,0.262938,2.15315,3.15315,18.254861,2136.658713,69.426541,57.560319,218.912306,75191.34,0.682857,0.030776,0.26293779404077366,9,Back-to-school,147.8218306412139,6737.2057023984335,1,2024-09-27 12:00:00,False
2024_JD_0313,Campaign_2024_JD_0313,2024-10-25,2024-12-04,Google Ads,South America,15749,1888,563,16909.12,48967.48,Seniors,Automotive,Mobile,2024,H2_2024,40,10,4,10,12,True,0.119881,0.298199,1.895921,2.895921,8.956102,1073.66309,30.033961,25.936165,86.975986,32058.360000000004,0.654687,0.035748,0.2981991525423729,11,Holiday Peak,155.62892882087752,3109.2437615086674,1,2024-11-14 00:00:00,False
2024_JD_0009,Campaign_2024_JD_0009,2024-07-04,2024-09-10,Google Ads,South America,14692,848,153,38981.51,131010.91,Youth,Clothing,Desktop,2024,H2_2024,68,7,3,7,9,False,0.057718,0.180425,2.360847,3.360847,45.968762,2653.247345,254.781111,154.493998,856.280458,92029.4,0.702456,0.010414,0.1804245283018868,8,Back-to-school,68.13231690716036,8917.159678736727,1,2024-08-07 00:00:00,False
2024_JD_0287,Campaign_2024_JD_0287,2024-08-04,2024-11-24,TikTok Ads,South America,14686,1967,134,3946.97,9840.91,Seniors,Electronics,Desktop,2024,H2_2024,112,8,3,8,11,False,0.133937,0.068124,1.493282,2.493282,2.006594,268.75732,29.455,5.003005,73.439627,5893.9400000000005,0.598922,0.009124,0.0681240467717336,9,Back-to-school,143.0614190385401,670.0878387580008,0,2024-09-29 00:00:00,False
2024_JD_0325,Campaign_2024_JD_0325,2024-10-03,2024-12-31,Google Display Network,Europe,14503,1456,393,8675.28,11283.0,Youth,Electronics,Mobile,2024,H2_2024,89,10,4,10,12,True,0.100393,0.269918,0.300592,1.300592,5.958297,598.171413,22.074504,7.749313,28.709924,2607.7199999999993,0.231119,0.027098,0.2699175824175824,11,Holiday Peak,127.49086395918086,777.9769702820106,0,2024-11-16 12:00:00,False
2024_JD_0147,Campaign_2024_JD_0147,2024-08-07,2024-12-29,Google Display Network,Africa,13070,1363,359,23158.68,39753.98,Adults,Clothing,Mobile,2024,H2_2024,144,8,3,8,12,False,0.104285,0.26339,0.716591,1.716591,16.990961,1771.895945,64.508858,29.16653,110.73532,16595.300000000003,0.41745,0.027467,0.26338958180484223,10,Back-to-school,131.75210405508798,3041.620504973221,0,2024-10-18 00:00:00,False
2024_JD_0557,Campaign_2024_JD_0557,2024-11-11,2024-12-31,TikTok Ads,North America,13024,424,116,43394.47,157764.96,Youth,Home,Desktop,2024,H2_2024,50,11,4,11,12,True,0.032555,0.273585,2.635601,3.635601,102.345448,3331.884982,374.090259,372.08717,1360.042759,114370.48999999999,0.724942,0.008907,0.27358490566037735,12,Holiday Peak,41.461916461916466,12113.402948402949,1,2024-12-06 00:00:00,False
2024_JD_0444,Campaign_2024_JD_0444,2024-09-10,2024-12-31,Google Ads,North America,13016,466,116,15623.31,27385.78,Adults,Health,Tablet,2024,H2_2024,112,9,3,9,12,False,0.035802,0.248927,0.75288,1.75288,33.526416,1200.315765,134.683707,58.767768,236.08431,11762.47,0.42951,0.008912,0.24892703862660945,11,Back-to-school,44.71419791026429,2104.0089121081746,0,2024-11-05 00:00:00,False
2024_JD_0351,Campaign_2024_JD_0351,2024-09-07,2024-12-23,Google Display Network,Asia,12999,177,21,23451.16,54191.61,Seniors,Health,Tablet,2024,H2_2024,107,9,3,9,12,False,0.013616,0.118644,1.310829,2.310829,132.492429,1804.07416,1116.721905,306.167288,2580.552857,30740.45,0.567255,0.001616,0.11864406779661017,10,Back-to-school,15.231940918532194,4168.9060696976685,0,2024-10-30 12:00:00,False
2024_JD_0302,Campaign_2024_JD_0302,2024-09-06,2024-10-02,Email,Europe,12967,256,14,46886.01,150740.49,Adults,Automotive,Desktop,2024,H2_2024,26,9,3,9,10,False,0.019742,0.054688,2.215042,3.215042,183.148477,3615.79471,3349.000714,588.830039,10767.177857,103854.47999999998,0.688962,0.00108,0.0546875,9,Back-to-school,20.822086835813987,11624.93174982648,1,2024-09-19 00:00:00,False
2024_JD_0196,Campaign_2024_JD_0196,2024-07-03,2024-12-24,Email,South America,12906,909,128,37645.71,48193.66,Adults,Home,Tablet,2024,H2_2024,174,7,3,7,12,False,0.070432,0.140814,0.28019,1.28019,41.414422,2916.915388,294.107109,53.018328,376.512969,10547.950000000004,0.218866,0.009918,0.1408140814081408,9,Back-to-school,80.35022470168913,3734.205795753913,0,2024-09-28 00:00:00,False
2024_JD_0343,Campaign_2024_JD_0343,2024-09-18,2024-11-26,TikTok Ads,North America,11643,1015,263,24843.29,64059.63,Adults,Health,Mobile,2024,H2_2024,69,9,3,9,11,False,0.087177,0.259113,1.578549,2.578549,24.476148,2133.753328,94.461179,63.112936,243.572738,39216.34,0.612185,0.022589,0.25911330049261083,10,Back-to-school,109.76552434939448,5501.986601391393,0,2024-10-22 12:00:00,False
2024_JD_0227,Campaign_2024_JD_0227,2024-10-05,2024-10-21,Google Display Network,South America,11368,913,241,18180.72,23205.27,Seniors,Electronics,Tablet,2024,H2_2024,16,10,4,10,10,True,0.080313,0.263965,0.276367,1.276367,19.913165,1599.289233,75.438672,25.416506,96.287427,5024.549999999999,0.216526,0.0212,0.26396495071193865,10,Holiday Peak,101.51301900070372,2041.2799085151303,0,2024-10-13 00:00:00,False
2024_JD_0035,Campaign_2024_JD_0035,2024-11-08,2024-12-31,Google Display Network,North America,11295,165,33,32459.55,49756.4,Youth,Electronics,Mobile,2024,H2_2024,53,11,4,11,12,True,0.014608,0.2,0.532874,1.532874,196.724545,2873.798141,983.622727,301.553939,1507.769697,17296.850000000002,0.347631,0.002922,0.2,12,Holiday Peak,17.529880478087648,4405.170429393537,0,2024-12-04 12:00:00,False
2024_JD_0603,Campaign_2024_JD_0603,2024-11-08,2024-12-31,Google Display Network,North America,11295,165,33,32459.55,49756.4,Youth,Electronics,Mobile,2024,H2_2024,53,11,4,11,12,True,0.014608,0.2,0.532874,1.532874,196.724545,2873.798141,983.622727,301.553939,1507.769697,17296.850000000002,0.347631,0.002922,0.2,12,Holiday Peak,17.529880478087648,4405.170429393537,0,2024-12-04 12:00:00,False
2024_JD_0125,Campaign_2024_JD_0125,2024-11-07,2024-12-04,Google Display Network,Africa,10287,422,66,34393.63,111551.49,Adults,Automotive,Mobile,2024,H2_2024,27,11,4,11,12,True,0.041023,0.156398,2.243376,3.243376,81.501493,3343.407213,521.115606,264.340024,1690.174091,77157.86000000002,0.691679,0.006416,0.15639810426540285,11,Holiday Peak,47.43851463011568,10843.92825896763,1,2024-11-20 12:00:00,False
2024_JD_0563,Campaign_2024_JD_0563,2024-08-07,2024-11-14,Google Ads,Asia,10103,1025,142,39539.6,133162.34,Adults,Home,Tablet,2024,H2_2024,99,8,3,8,11,False,0.101455,0.138537,2.367822,3.367822,38.57522,3913.649411,278.447887,129.914478,937.762958,93622.73999999999,0.703072,0.014055,0.13853658536585367,9,Back-to-school,115.51024448183708,13180.47510640404,1,2024-09-25 12:00:00,False
2024_JD_0392,Campaign_2024_JD_0392,2024-07-19,2024-08-30,TikTok Ads,North America,10075,272,72,31445.88,78178.39,Seniors,Clothing,Mobile,2024,H2_2024,42,7,3,7,8,False,0.026998,0.264706,1.486125,2.486125,115.609853,3121.179156,436.748333,287.420551,1085.810972,46732.509999999995,0.597768,0.007146,0.2647058823529412,8,Back-to-school,34.1439205955335,7759.641687344913,0,2024-08-09 00:00:00,False
2024_JD_0553,Campaign_2024_JD_0553,2024-09-01,2024-12-31,TikTok Ads,South America,10039,901,211,23488.09,67769.88,Youth,Automotive,Desktop,2024,H2_2024,121,9,3,9,12,False,0.08975,0.234184,1.885287,2.885287,26.068912,2339.684231,111.317962,75.216293,321.184265,44281.79000000001,0.653414,0.021018,0.2341842397336293,10,Back-to-school,110.76800478135273,6750.660424345055,1,2024-10-31 12:00:00,False
2024_JD_0530,Campaign_2024_JD_0530,2024-11-24,2024-12-31,Google Ads,Europe,9986,1211,159,34180.47,99168.61,Seniors,Electronics,Desktop,2024,H2_2024,37,11,4,11,12,True,0.12127,0.131296,1.901324,2.901324,28.224996,3422.838975,214.971509,81.889851,623.70195,64988.14,0.65533,0.015922,0.13129644921552436,12,Holiday Peak,137.19206889645503,9930.764069697576,1,2024-12-12 12:00:00,False
2024_JD_0602,Campaign_2024_JD_0602,2024-11-24,2024-12-31,Google Ads,Europe,9986,1211,159,34180.47,99168.61,Seniors,Electronics,Desktop,2024,H2_2024,37,11,4,11,12,True,0.12127,0.131296,1.901324,2.901324,28.224996,3422.838975,214.971509,81.889851,623.70195,64988.14,0.65533,0.015922,0.13129644921552436,12,Holiday Peak,137.19206889645503,9930.764069697576,1,2024-12-12 12:00:00,False
2024_JD_0149,Campaign_2024_JD_0149,2024-07-29,2024-10-14,Google Ads,South America,9757,762,162,11421.36,27238.8,Adults,Automotive,Tablet,2024,H2_2024,77,7,3,7,10,False,0.078098,0.212598,1.3849,2.3849,14.988661,1170.581121,70.502222,35.746457,168.140741,15817.439999999999,0.580695,0.016603,0.2125984251968504,9,Back-to-school,94.70124013528749,2791.7187660141435,0,2024-09-05 12:00:00,False
2024_JD_0119,Campaign_2024_JD_0119,2024-07-31,2024-09-23,TikTok Ads,South America,9324,640,157,6489.91,13726.6,Adults,Home,Tablet,2024,H2_2024,54,7,3,7,9,False,0.06864,0.245312,1.115068,2.115068,10.140484,696.043544,41.337006,21.447812,87.430573,7236.6900000000005,0.527202,0.016838,0.2453125,8,Back-to-school,85.47833547833548,1472.1793221793223,0,2024-08-27 00:00:00,False
2024_JD_0551,Campaign_2024_JD_0551,2024-09-30,2024-10-31,Google Display Network,South America,9138,467,44,12859.08,36549.64,Adults,Health,Tablet,2024,H2_2024,31,9,3,9,10,False,0.051105,0.094218,1.842322,2.842322,27.535503,1407.209455,292.251818,78.264754,830.673636,23690.559999999998,0.648175,0.004815,0.09421841541755889,10,Back-to-school,55.92033267673452,3999.741737798205,1,2024-10-15 12:00:00,False
2024_JD_0374,Campaign_2024_JD_0374,2024-10-22,2024-12-31,Google Ads,Asia,9135,576,165,30307.52,38696.1,Adults,Health,Tablet,2024,H2_2024,70,10,4,10,12,True,0.063054,0.286458,0.276782,1.276782,52.617222,3317.73618,183.681939,67.180729,234.521818,8388.579999999998,0.216781,0.018062,0.2864583333333333,11,Holiday Peak,81.11658456486043,4236.026272577997,0,2024-11-26 00:00:00,False
2024_JD_0332,Campaign_2024_JD_0332,2024-08-13,2024-09-18,Email,Asia,8754,507,101,25909.67,48823.18,Adults,Automotive,Desktop,2024,H2_2024,36,8,3,8,9,False,0.057916,0.199211,0.884361,1.884361,51.103886,2959.752113,256.531386,96.298185,483.397822,22913.510000000002,0.469316,0.011538,0.1992110453648915,8,Back-to-school,69.45396390221613,5577.242403472698,0,2024-08-31 00:00:00,False
2024_JD_0023,Campaign_2024_JD_0023,2024-11-14,2024-12-31,Email,Africa,8748,770,158,47202.58,100905.12,Adults,Health,Desktop,2024,H2_2024,47,11,4,11,12,True,0.08802,0.205195,1.137703,2.137703,61.302052,5395.8139,298.750506,131.04561,638.64,53702.53999999999,0.532208,0.018061,0.2051948051948052,12,Holiday Peak,106.08139003200732,11534.650205761318,0,2024-12-07 12:00:00,False
2024_JD_0600,Campaign_2024_JD_0600,2024-11-13,2024-11-28,Facebook Ads,North America,8748,661,27,2650.14,9393.0,Adults,Clothing,Desktop,2024,H2_2024,15,11,4,11,11,True,0.07556,0.040847,2.544341,3.544341,4.009289,302.942387,98.153333,14.210287,347.888889,6742.860000000001,0.71786,0.003086,0.04084720121028744,11,Holiday Peak,78.64654778235025,1073.7311385459534,1,2024-11-20 12:00:00,False
2024_JD_0601,Campaign_2024_JD_0601,2024-11-14,2024-12-31,Email,Africa,8748,770,158,47202.58,100905.12,Adults,Health,Desktop,2024,H2_2024,47,11,4,11,12,True,0.08802,0.205195,1.137703,2.137703,61.302052,5395.8139,298.750506,131.04561,638.64,53702.53999999999,0.532208,0.018061,0.2051948051948052,12,Holiday Peak,106.08139003200732,11534.650205761318,0,2024-12-07 12:00:00,False
2024_JD_0414,Campaign_2024_JD_0414,2024-11-23,2024-12-31,Facebook Ads,South America,8744,725,170,19083.6,31033.62,Youth,Clothing,Tablet,2024,H2_2024,38,11,4,11,12,True,0.082914,0.234483,0.626193,1.626193,26.322207,2182.479414,112.256471,42.804993,182.550706,11950.02,0.385067,0.019442,0.23448275862068965,12,Holiday Peak,102.35590118938701,3549.133119853614,0,2024-12-12 00:00:00,False
2024_JD_0272,Campaign_2024_JD_0272,2024-11-18,2024-12-31,Facebook Ads,Africa,8654,1044,250,28798.3,56706.84,Adults,Home,Mobile,2024,H2_2024,43,11,4,11,12,True,0.120638,0.239464,0.969104,1.969104,27.584579,3327.744396,115.1932,54.316897,226.82736,27908.539999999997,0.492155,0.028888,0.23946360153256704,12,Holiday Peak,149.52623064478854,6552.673908019413,0,2024-12-09 12:00:00,False
2024_JD_0049,Campaign_2024_JD_0049,2024-08-05,2024-09-08,TikTok Ads,North America,7368,584,148,3487.66,11297.3,Adults,Automotive,Desktop,2024,H2_2024,34,8,3,8,9,False,0.079262,0.253425,2.239221,3.239221,5.972021,473.352334,23.56527,19.344692,76.333108,7809.639999999999,0.691284,0.020087,0.2534246575342466,8,Back-to-school,99.3485342019544,1533.2926167209553,1,2024-08-22 00:00:00,False
2024_JD_0419,Campaign_2024_JD_0419,2024-09-19,2024-10-15,TikTok Ads,Africa,7282,904,221,40593.11,68883.18,Adults,Home,Tablet,2024,H2_2024,26,9,3,9,10,False,0.124142,0.244469,0.696918,1.696918,44.903883,5574.445207,183.679231,76.198208,311.688597,28290.069999999992,0.410696,0.030349,0.24446902654867256,10,Back-to-school,154.490524581159,9459.376544905244,0,2024-10-02 00:00:00,False
2024_JD_0160,Campaign_2024_JD_0160,2024-07-07,2024-12-29,TikTok Ads,South America,7198,155,19,7016.07,22562.43,Youth,Electronics,Desktop,2024,H2_2024,175,7,3,7,12,False,0.021534,0.122581,2.215822,3.215822,45.264968,974.724924,369.266842,145.564065,1187.496316,15546.36,0.689037,0.00264,0.12258064516129032,10,Back-to-school,24.173381494859683,3134.5415393164767,1,2024-10-02 12:00:00,False
2024_JD_0152,Campaign_2024_JD_0152,2024-10-31,2024-12-31,TikTok Ads,Africa,7079,739,35,31623.82,65422.4,Adults,Clothing,Mobile,2024,H2_2024,61,10,4,10,12,True,0.104393,0.047361,1.06877,2.06877,42.79272,4467.272214,903.537714,88.528281,1869.211429,33798.58,0.516621,0.004944,0.04736129905277402,11,Holiday Peak,109.33747704478034,9241.757310354571,0,2024-11-30 12:00:00,False
2024_JD_0221,Campaign_2024_JD_0221,2024-11-25,2024-12-31,TikTok Ads,South America,5526,207,31,6748.1,11044.75,Seniors,Home,Desktop,2024,H2_2024,36,11,4,11,12,True,0.037459,0.149758,0.63672,1.63672,32.599517,1221.154542,217.680645,53.35628,356.282258,4296.65,0.389022,0.00561,0.1497584541062802,12,Holiday Peak,43.06912775968151,1998.6880202678249,0,2024-12-13 00:00:00,False
2024_JD_0447,Campaign_2024_JD_0447,2024-09-02,2024-12-31,Google Display Network,Asia,5276,255,67,17336.96,50034.77,Adults,Electronics,Tablet,2024,H2_2024,120,9,3,9,12,False,0.048332,0.262745,1.886018,2.886018,67.988078,3286.004549,258.760597,196.214784,746.787612,32697.809999999998,0.653502,0.012699,0.2627450980392157,11,Back-to-school,61.03108415466262,9483.466641394996,1,2024-11-01 00:00:00,False
2024_JD_0312,Campaign_2024_JD_0312,2024-09-20,2024-12-31,Facebook Ads,North America,5163,515,143,23264.49,73097.52,Adults,Clothing,Mobile,2024,H2_2024,102,9,3,9,12,False,0.099748,0.27767,2.142021,3.142021,45.173767,4506.002324,162.688741,141.936932,511.171469,49833.03,0.681734,0.027697,0.27766990291262134,11,Back-to-school,127.44528374975789,14157.954677513075,1,2024-11-10 00:00:00,False
2024_JD_0675,Campaign_2024_JD_0675,2024-12-01,2024-12-08,Facebook Ads,Asia,22640,1775,159,23272.51,67669.99,Adults,Health,Desktop,2024,H2_2024,7,12,4,12,12,True,0.078401,0.089577,1.907722,2.907722,13.111273,1027.937721,146.367987,38.123938,425.597421,44397.48000000001,0.656088,0.007023,0.0895774647887324,12,Holiday Peak,85.42402826855124,2988.957155477032,1,2024-12-04 12:00:00,False
2024_JD_0674,Campaign_2024_JD_0674,2024-12-01,2024-12-08,Facebook Ads,Africa,19671,2668,524,7241.93,13445.88,Youth,Automotive,Mobile,2024,H2_2024,7,12,4,12,12,True,0.135631,0.196402,0.856671,1.856671,2.714367,368.15261,13.820477,5.039685,25.660076,6203.949999999999,0.461402,0.026638,0.19640179910044978,12,Holiday Peak,162.26933048650298,683.5382034466982,0,2024-12-04 12:00:00,False
2024_JD_0673,Campaign_2024_JD_0673,2024-12-01,2024-12-08,Google Display Network,Africa,13070,1363,359,23158.68,39753.98,Adults,Clothing,Mobile,2024,H2_2024,7,12,4,12,12,True,0.104285,0.26339,0.716591,1.716591,16.990961,1771.895945,64.508858,29.16653,110.73532,16595.300000000003,0.41745,0.027467,0.26338958180484223,12,Holiday Peak,131.75210405508798,3041.620504973221,0,2024-12-04 12:00:00,False
2024_JD_0672,Campaign_2024_JD_0672,2024-12-01,2024-12-08,Email,Europe,12967,256,14,46886.01,150740.49,Adults,Automotive,Desktop,2024,H2_2024,7,12,4,12,12,True,0.019742,0.054688,2.215042,3.215042,183.148477,3615.79471,3349.000714,588.830039,10767.177857,103854.47999999998,0.688962,0.00108,0.0546875,12,Holiday Peak,20.822086835813987,11624.93174982648,1,2024-12-04 12:00:00,False
2024_JD_0671,Campaign_2024_JD_0671,2024-12-01,2024-12-08,Google Ads,Asia,10103,1025,142,39539.6,133162.34,Adults,Home,Tablet,2024,H2_2024,7,12,4,12,12,True,0.101455,0.138537,2.367822,3.367822,38.57522,3913.649411,278.447887,129.914478,937.762958,93622.73999999999,0.703072,0.014055,0.13853658536585367,12,Holiday Peak,115.51024448183708,13180.47510640404,1,2024-12-04 12:00:00,False
2024_JD_0681,Campaign_2024_JD_0681,2024-12-02,2024-12-09,Facebook Ads,South America,36750,5410,1603,4965.04,11615.91,Seniors,Health,Tablet,2024,H2_2024,7,12,4,12,12,True,0.147211,0.296303,1.33954,2.33954,0.917752,135.103129,3.097342,2.147118,7.246357,6650.87,0.572566,0.043619,0.29630314232902033,12,Holiday Peak,190.82993197278913,316.0791836734694,0,2024-12-05 12:00:00,False
2024_JD_0680,Campaign_2024_JD_0680,2024-12-02,2024-12-09,Facebook Ads,South America,36653,2447,40,20857.16,48892.71,Adults,Health,Tablet,2024,H2_2024,7,12,4,12,12,True,0.066761,0.016347,1.344169,2.344169,8.523564,569.043734,521.429,19.980674,1222.31775,28035.55,0.57341,0.001091,0.016346546791990192,12,Holiday Peak,67.8525632281123,1333.9347393119253,0,2024-12-05 12:00:00,False
2024_JD_0679,Campaign_2024_JD_0679,2024-12-02,2024-12-09,TikTok Ads,Asia,32306,3854,1041,28691.53,80402.19,Seniors,Home,Desktop,2024,H2_2024,7,12,4,12,12,True,0.119297,0.270109,1.802297,2.802297,7.444611,888.117687,27.561508,20.862011,77.235533,51710.66,0.64315,0.032223,0.27010897768552156,12,Holiday Peak,151.51984151550798,2488.769578406488,1,2024-12-05 12:00:00,False
2024_JD_0677,Campaign_2024_JD_0677,2024-12-02,2024-12-09,Google Ads,Europe,30510,3347,434,26599.29,71351.46,Youth,Home,Tablet,2024,H2_2024,7,12,4,12,12,True,0.109702,0.129668,1.682457,2.682457,7.947203,871.822026,61.288687,21.318034,164.404286,44752.170000000006,0.627207,0.014225,0.12966835972512697,12,Holiday Peak,123.92658144870533,2338.6253687315634,1,2024-12-05 12:00:00,False
2024_JD_0678,Campaign_2024_JD_0678,2024-12-02,2024-12-09,Google Ads,Europe,30510,3347,434,26599.29,71351.46,Youth,Home,Tablet,2024,H2_2024,7,12,4,12,12,True,0.109702,0.129668,1.682457,2.682457,7.947203,871.822026,61.288687,21.318034,164.404286,44752.170000000006,0.627207,0.014225,0.12966835972512697,12,Holiday Peak,123.92658144870533,2338.6253687315634,1,2024-12-05 12:00:00,False
2024_JD_0676,Campaign_2024_JD_0676,2024-12-02,2024-12-09,Google Display Network,Asia,25103,3583,81,21038.8,62597.34,Adults,Electronics,Tablet,2024,H2_2024,7,12,4,12,12,True,0.142732,0.022607,1.975328,2.975328,5.871839,838.099032,259.738272,17.47065,772.806667,41558.53999999999,0.663903,0.003227,0.022606754116662017,12,Holiday Peak,145.95865036051467,2493.619886069394,1,2024-12-05 12:00:00,False
2024_JD_0852,Campaign_2024_JD_0852,2024-12-03,2024-12-17,TikTok Ads,Africa,187831,10263,2683,24483.74,43575.18,Adults,Automotive,Tablet,2024,H2_2024,14,12,4,12,12,True,0.05464,0.261425,0.77976,1.77976,2.385632,130.349836,9.125509,4.245852,16.241215,19091.44,0.438126,0.014284,0.26142453473643185,12,Holiday Peak,68.92366009870575,231.99141781708028,0,2024-12-10 00:00:00,False
2024_JD_0854,Campaign_2024_JD_0854,2024-12-03,2024-12-17,Google Ads,South America,185755,24320,4559,28393.9,55046.49,Youth,Electronics,Desktop,2024,H2_2024,14,12,4,12,12,True,0.130925,0.187459,0.938673,1.938673,1.167512,152.85672,6.228098,2.263425,12.074247,26652.589999999997,0.484183,0.024543,0.18745888157894736,12,Holiday Peak,155.4682242739092,296.33921025006055,0,2024-12-10 00:00:00,False
2024_JD_0855,Campaign_2024_JD_0855,2024-12-03,2024-12-17,Email,Africa,158407,13911,2245,35625.08,73434.15,Seniors,Automotive,Desktop,2024,H2_2024,14,12,4,12,12,True,0.087818,0.161383,1.061305,2.061305,2.560929,224.89587,15.868633,5.278855,32.710089,37809.06999999999,0.51487,0.014172,0.16138307813960176,12,Holiday Peak,101.99044234156318,463.5789453748887,0,2024-12-10 00:00:00,False
2024_JD_0846,Campaign_2024_JD_0846,2024-12-03,2024-12-17,Facebook Ads,South America,154329,14398,3401,23262.93,61636.73,Seniors,Home,Desktop,2024,H2_2024,14,12,4,12,12,True,0.093294,0.236213,1.649569,2.649569,1.615706,150.73596,6.840026,4.280923,18.12312,38373.8,0.62258,0.022037,0.23621336296707876,12,Holiday Peak,115.33153198685923,399.3852743165575,1,2024-12-10 00:00:00,False
2024_JD_0849,Campaign_2024_JD_0849,2024-12-03,2024-12-17,Email,Asia,145431,5347,720,35166.5,103075.41,Youth,Clothing,Mobile,2024,H2_2024,14,12,4,12,12,True,0.036767,0.134655,1.931068,2.931068,6.576866,241.80883,48.842361,19.277241,143.160292,67908.91,0.658827,0.004951,0.1346549466990836,12,Holiday Peak,41.71737800056384,708.7581739794128,1,2024-12-10 00:00:00,False
2024_JD_0856,Campaign_2024_JD_0856,2024-12-03,2024-12-10,Google Ads,North America,138962,12247,2265,1409.82,2397.59,Adults,Automotive,Mobile,2024,H2_2024,7,12,4,12,12,True,0.088132,0.184943,0.700636,1.700636,0.115116,10.145363,0.622437,0.19577,1.058539,987.7700000000002,0.411985,0.016299,0.1849432514085082,12,Holiday Peak,104.43142729667105,17.253565723003412,0,2024-12-06 12:00:00,False
2024_JD_0859,Campaign_2024_JD_0859,2024-12-03,2024-12-10,TikTok Ads,South America,133585,17131,1145,41260.75,93311.3,Youth,Health,Mobile,2024,H2_2024,7,12,4,12,12,True,0.12824,0.066838,1.261503,2.261503,2.408543,308.872628,36.03559,5.446927,81.494585,52050.55,0.557816,0.008571,0.06683789621154632,12,Holiday Peak,136.81176778829956,698.5163004828386,0,2024-12-06 12:00:00,False
2024_JD_0851,Campaign_2024_JD_0851,2024-12-03,2024-12-10,Google Display Network,Europe,123696,6230,200,4709.29,9851.83,Seniors,Home,Tablet,2024,H2_2024,7,12,4,12,12,True,0.050365,0.032103,1.091999,2.091999,0.755905,38.071482,23.54645,1.581353,49.25915,5142.54,0.521988,0.001617,0.03210272873194221,12,Holiday Peak,51.98227913594619,79.6455018755659,0,2024-12-06 12:00:00,False
2024_JD_0853,Campaign_2024_JD_0853,2024-12-03,2024-12-10,Facebook Ads,Asia,123094,12294,3242,4631.17,9556.78,Seniors,Clothing,Mobile,2024,H2_2024,7,12,4,12,12,True,0.099875,0.263706,1.063578,2.063578,0.376702,37.623036,1.428492,0.777353,2.947804,4925.610000000001,0.515405,0.026338,0.26370587278347163,12,Holiday Peak,126.21248801728761,77.63806521845095,0,2024-12-06 12:00:00,False
2024_JD_0858,Campaign_2024_JD_0858,2024-12-03,2024-12-10,Email,South America,97067,6225,1286,29601.97,88761.74,Youth,Health,Desktop,2024,H2_2024,7,12,4,12,12,True,0.064131,0.206586,1.998508,2.998508,4.755337,304.964303,23.018639,14.258914,69.021571,59159.770000000004,0.666501,0.013249,0.2065863453815261,12,Holiday Peak,77.37954196585864,914.4378625073404,1,2024-12-06 12:00:00,False
2024_JD_0847,Campaign_2024_JD_0847,2024-12-03,2024-12-10,Google Ads,Africa,89514,8101,742,26558.37,80400.6,Seniors,Clothing,Tablet,2024,H2_2024,7,12,4,12,12,True,0.0905,0.091594,2.027317,3.027317,3.278406,296.695154,35.792951,9.924775,108.356604,53842.23000000001,0.669674,0.008289,0.09159363041599802,12,Holiday Peak,98.78901624326922,898.1902272270261,1,2024-12-06 12:00:00,False
2024_JD_0848,Campaign_2024_JD_0848,2024-12-03,2024-12-10,Facebook Ads,Europe,63692,5762,1394,25882.45,56018.03,Seniors,Health,Desktop,2024,H2_2024,7,12,4,12,12,True,0.090467,0.24193,1.164325,2.164325,4.491921,406.368932,18.567037,9.721977,40.1851,30135.579999999998,0.537962,0.021887,0.24192988545643873,12,Holiday Peak,112.35319977391195,879.5143817119889,0,2024-12-06 12:00:00,False
2024_JD_0857,Campaign_2024_JD_0857,2024-12-03,2024-12-10,Google Display Network,Africa,53008,7021,740,40420.24,120349.73,Adults,Automotive,Mobile,2024,H2_2024,7,12,4,12,12,True,0.132452,0.105398,1.977462,2.977462,5.757049,762.530939,54.621946,17.141394,162.63477,79929.48999999999,0.664143,0.01396,0.10539809143996581,12,Holiday Peak,146.41186236039843,2270.406919710232,1,2024-12-06 12:00:00,False
2024_JD_0684,Campaign_2024_JD_0684,2024-12-03,2024-12-10,TikTok Ads,South America,39148,4287,721,12080.14,22948.12,Seniors,Electronics,Tablet,2024,H2_2024,7,12,4,12,12,True,0.109508,0.168183,0.899657,1.899657,2.817854,308.576172,16.754702,5.352955,31.828183,10867.98,0.473589,0.018417,0.1681828784697924,12,Holiday Peak,127.92479820169612,586.1888219066108,0,2024-12-06 12:00:00,False
2024_JD_0682,Campaign_2024_JD_0682,2024-12-03,2024-12-10,Email,Africa,37994,3926,303,41134.11,110577.05,Seniors,Health,Mobile,2024,H2_2024,7,12,4,12,12,True,0.103332,0.077178,1.688208,2.688208,10.477359,1082.647523,135.756139,28.165321,364.940759,69442.94,0.628005,0.007975,0.0771777890983189,12,Holiday Peak,111.30704848133917,2910.381902405643,1,2024-12-06 12:00:00,False
2024_JD_0683,Campaign_2024_JD_0683,2024-12-03,2024-12-10,Email,Africa,37994,3926,303,41134.11,110577.05,Seniors,Health,Mobile,2024,H2_2024,7,12,4,12,12,True,0.103332,0.077178,1.688208,2.688208,10.477359,1082.647523,135.756139,28.165321,364.940759,69442.94,0.628005,0.007975,0.0771777890983189,12,Holiday Peak,111.30704848133917,2910.381902405643,1,2024-12-06 12:00:00,False
2024_JD_0850,Campaign_2024_JD_0850,2024-12-03,2024-12-10,Facebook Ads,Africa,19671,2668,524,7241.93,13445.88,Youth,Automotive,Mobile,2024,H2_2024,7,12,4,12,12,True,0.135631,0.196402,0.856671,1.856671,2.714367,368.15261,13.820477,5.039685,25.660076,6203.949999999999,0.461402,0.026638,0.19640179910044978,12,Holiday Peak,162.26933048650298,683.5382034466982,0,2024-12-06 12:00:00,False
2024_JD_0688,Campaign_2024_JD_0688,2024-12-04,2024-12-11,TikTok Ads,Africa,48939,5258,1309,30779.88,54305.26,Youth,Home,Desktop,2024,H2_2024,7,12,4,12,12,True,0.10744,0.248954,0.76431,1.76431,5.853914,628.943787,23.514041,10.328121,41.486066,23525.38,0.433206,0.026748,0.2489539748953975,12,Holiday Peak,134.18745785569791,1109.65201577474,0,2024-12-07 12:00:00,False
2024_JD_0687,Campaign_2024_JD_0687,2024-12-04,2024-12-11,Google Display Network,Asia,44082,690,136,28473.24,75322.56,Youth,Clothing,Tablet,2024,H2_2024,7,12,4,12,12,True,0.015653,0.197101,1.645381,2.645381,41.265565,645.91534,209.362059,109.16313,553.842353,46849.31999999999,0.621983,0.003085,0.19710144927536233,12,Holiday Peak,18.737806814572842,1708.691983122363,1,2024-12-07 12:00:00,False
2024_JD_0686,Campaign_2024_JD_0686,2024-12-04,2024-12-11,Email,South America,40643,5998,1499,12639.66,28620.32,Adults,Electronics,Tablet,2024,H2_2024,7,12,4,12,12,True,0.147578,0.249917,1.264327,2.264327,2.107312,310.992299,8.432061,4.771644,19.092942,15980.66,0.558368,0.036882,0.24991663887962653,12,Holiday Peak,184.45980857712274,704.1881750855006,0,2024-12-07 12:00:00,False
2024_JD_0685,Campaign_2024_JD_0685,2024-12-04,2024-12-11,Facebook Ads,Asia,40367,4436,280,20724.95,35262.53,Seniors,Home,Desktop,2024,H2_2024,7,12,4,12,12,True,0.109892,0.06312,0.701453,1.701453,4.671991,513.413184,74.017679,7.949173,125.937607,14537.579999999998,0.412267,0.006936,0.06311992786293959,12,Holiday Peak,116.82810216265763,873.5484430351526,0,2024-12-07 12:00:00,False
2024_JD_0841,Campaign_2024_JD_0841,2024-12-05,2024-12-19,Email,South America,181679,9628,500,38392.31,118757.78,Seniors,Clothing,Mobile,2024,H2_2024,14,12,4,12,12,True,0.052995,0.051932,2.09327,3.09327,3.987569,211.31947,76.78462,12.334626,237.51556,80365.47,0.676718,0.002752,0.0519318653926049,12,Holiday Peak,55.74667407900748,653.668172986421,1,2024-12-12 00:00:00,False
2024_JD_0842,Campaign_2024_JD_0842,2024-12-05,2024-12-12,Google Ads,Africa,131479,6455,276,27581.08,42587.49,Youth,Electronics,Desktop,2024,H2_2024,7,12,4,12,12,True,0.049095,0.042758,0.544083,1.544083,4.272824,209.775554,99.931449,6.597597,154.3025,15006.409999999996,0.352367,0.002099,0.04275755228505035,12,Holiday Peak,51.19448733257782,323.9109667703587,0,2024-12-08 12:00:00,False
2024_JD_0844,Campaign_2024_JD_0844,2024-12-05,2024-12-12,TikTok Ads,Africa,99776,10604,2371,23055.71,79480.87,Adults,Automotive,Desktop,2024,H2_2024,7,12,4,12,12,True,0.106278,0.223595,2.44734,3.44734,2.174247,231.074707,9.724045,7.495367,33.522088,56425.159999999996,0.709921,0.023763,0.22359486986043003,12,Holiday Peak,130.04129249518923,796.5930684733803,1,2024-12-08 12:00:00,False
2024_JD_0839,Campaign_2024_JD_0839,2024-12-05,2024-12-12,Google Display Network,Africa,94571,6520,1654,4517.01,12512.21,Seniors,Health,Desktop,2024,H2_2024,7,12,4,12,12,True,0.068943,0.253681,1.77002,2.77002,0.692793,47.763162,2.730961,1.919051,7.564819,7995.199999999999,0.638992,0.01749,0.253680981595092,12,Holiday Peak,86.43241585686944,132.3049349166235,1,2024-12-08 12:00:00,False
2024_JD_0845,Campaign_2024_JD_0845,2024-12-05,2024-12-12,Google Display Network,North America,81872,2911,646,37231.0,69365.44,Youth,Home,Mobile,2024,H2_2024,7,12,4,12,12,True,0.035556,0.221917,0.86311,1.86311,12.789763,454.746433,57.633127,23.828732,107.376842,32134.440000000002,0.463263,0.00789,0.2219168670559945,12,Holiday Peak,43.445866718780536,847.2425249169436,0,2024-12-08 12:00:00,False
2024_JD_0840,Campaign_2024_JD_0840,2024-12-05,2024-12-12,Facebook Ads,North America,79707,7480,351,18918.36,35759.76,Adults,Clothing,Tablet,2024,H2_2024,7,12,4,12,12,True,0.093844,0.046925,0.890215,1.890215,2.529193,237.34879,53.898462,4.780717,101.879658,16841.4,0.47096,0.004404,0.046925133689839575,12,Holiday Peak,98.24733084923533,448.6401445293388,0,2024-12-08 12:00:00,False
2024_JD_0843,Campaign_2024_JD_0843,2024-12-05,2024-12-12,Google Ads,Europe,75533,7787,1069,48384.73,70192.79,Youth,Electronics,Mobile,2024,H2_2024,7,12,4,12,12,True,0.103094,0.13728,0.450722,1.450722,6.213526,640.577364,45.261674,9.014099,65.662105,21808.05999999999,0.310688,0.014153,0.1372800821882625,12,Holiday Peak,117.2467663140614,929.2996438642712,0,2024-12-08 12:00:00,False
2024_JD_0690,Campaign_2024_JD_0690,2024-12-05,2024-12-12,Google Display Network,Africa,53008,7021,740,40420.24,120349.73,Adults,Automotive,Mobile,2024,H2_2024,7,12,4,12,12,True,0.132452,0.105398,1.977462,2.977462,5.757049,762.530939,54.621946,17.141394,162.63477,79929.48999999999,0.664143,0.01396,0.10539809143996581,12,Holiday Peak,146.41186236039843,2270.406919710232,1,2024-12-08 12:00:00,False
2024_JD_0689,Campaign_2024_JD_0689,2024-12-05,2024-12-12,Email,Asia,52857,3203,140,29965.38,48787.01,Youth,Health,Tablet,2024,H2_2024,7,12,4,12,12,True,0.060597,0.043709,0.628113,1.628113,9.355411,566.914127,214.038429,15.231661,348.478643,18821.63,0.385792,0.002649,0.04370902279113331,12,Holiday Peak,63.24611688139698,922.99998108103,0,2024-12-08 12:00:00,False
2024_JD_0692,Campaign_2024_JD_0692,2024-12-06,2024-12-13,TikTok Ads,Europe,55448,5904,144,17047.37,25152.59,Youth,Electronics,Mobile,2024,H2_2024,7,12,4,12,12,True,0.106478,0.02439,0.475453,1.475453,2.887427,307.447879,118.384514,4.260263,174.670764,8105.220000000001,0.322242,0.002597,0.024390243902439025,12,Holiday Peak,109.0751695282066,453.62483768575964,0,2024-12-09 12:00:00,False
2024_JD_0691,Campaign_2024_JD_0691,2024-12-06,2024-12-13,Email,North America,53756,878,220,13920.51,25237.14,Youth,Home,Desktop,2024,H2_2024,7,12,4,12,12,True,0.016333,0.250569,0.812947,1.812947,15.854795,258.957326,63.275045,28.743895,114.714273,11316.63,0.448412,0.004093,0.2505694760820046,12,Holiday Peak,20.425626906763895,469.4757794478756,0,2024-12-09 12:00:00,False
2024_JD_0697,Campaign_2024_JD_0697,2024-12-07,2024-12-14,TikTok Ads,North America,59061,3662,396,6223.06,16883.44,Seniors,Automotive,Mobile,2024,H2_2024,7,12,4,12,12,True,0.062004,0.108138,1.713045,2.713045,1.699361,105.366655,15.714798,4.610442,42.634949,10660.379999999997,0.63141,0.006705,0.1081376297105407,12,Holiday Peak,68.7086232877872,285.86444523458795,1,2024-12-10 12:00:00,False
2024_JD_0696,Campaign_2024_JD_0696,2024-12-07,2024-12-14,TikTok Ads,Asia,58682,7467,1403,29905.97,69153.89,Seniors,Clothing,Tablet,2024,H2_2024,7,12,4,12,12,True,0.127245,0.187893,1.312377,2.312377,4.005085,509.627654,21.315731,9.261268,49.290014,39247.92,0.567545,0.023909,0.18789339761617785,12,Holiday Peak,151.15367574383967,1178.4514842711565,0,2024-12-10 12:00:00,False
2024_JD_0694,Campaign_2024_JD_0694,2024-12-07,2024-12-14,Google Ads,Europe,57375,7711,2312,24572.03,79502.71,Youth,Automotive,Desktop,2024,H2_2024,7,12,4,12,12,True,0.134397,0.299831,2.235496,3.235496,3.18662,428.270675,10.628041,10.310298,34.386985,54930.68000000001,0.690928,0.040296,0.299831409674491,12,Holiday Peak,174.69281045751634,1385.6681481481482,1,2024-12-10 12:00:00,False
2024_JD_0695,Campaign_2024_JD_0695,2024-12-07,2024-12-14,Google Ads,Europe,57375,7711,2312,24572.03,79502.71,Youth,Automotive,Desktop,2024,H2_2024,7,12,4,12,12,True,0.134397,0.299831,2.235496,3.235496,3.18662,428.270675,10.628041,10.310298,34.386985,54930.68000000001,0.690928,0.040296,0.299831409674491,12,Holiday Peak,174.69281045751634,1385.6681481481482,1,2024-12-10 12:00:00,False
2024_JD_0693,Campaign_2024_JD_0693,2024-12-07,2024-12-14,Google Display Network,Africa,55601,4293,533,39597.94,114825.96,Adults,Automotive,Desktop,2024,H2_2024,7,12,4,12,12,True,0.077211,0.124156,1.899796,2.899796,9.223839,712.180356,74.29257,26.747254,215.433321,75228.02,0.655148,0.009586,0.12415560214302353,12,Holiday Peak,86.79700005395587,2065.1779644251005,1,2024-12-10 12:00:00,False
2024_JD_0698,Campaign_2024_JD_0698,2024-12-08,2024-12-15,TikTok Ads,North America,59693,1961,518,12597.57,41416.97,Youth,Electronics,Desktop,2024,H2_2024,7,12,4,12,12,True,0.032851,0.264151,2.287695,3.287695,6.424054,211.039318,24.319633,21.120331,79.955541,28819.4,0.695836,0.008678,0.2641509433962264,12,Holiday Peak,41.5291575226576,693.83294523646,1,2024-12-11 12:00:00,False
2024_JD_0700,Campaign_2024_JD_0700,2024-12-09,2024-12-16,Google Ads,Africa,61549,2350,584,34326.46,65357.51,Seniors,Home,Desktop,2024,H2_2024,7,12,4,12,12,True,0.038181,0.248511,0.903998,1.903998,14.607004,557.709467,58.778185,27.811706,111.913545,31031.050000000003,0.474789,0.009488,0.24851063829787234,12,Holiday Peak,47.66933662610278,1061.8776909454257,0,2024-12-12 12:00:00,False
2024_JD_0699,Campaign_2024_JD_0699,2024-12-09,2024-12-16,Google Ads,Africa,60961,683,75,45800.64,67364.84,Seniors,Home,Mobile,2024,H2_2024,7,12,4,12,12,True,0.011204,0.10981,0.470827,1.470827,67.058038,751.31051,610.6752,98.630805,898.197867,21564.199999999997,0.320111,0.00123,0.10980966325036604,12,Holiday Peak,12.434179229343352,1105.0481455356703,0,2024-12-12 12:00:00,False
2024_JD_0704,Campaign_2024_JD_0704,2024-12-10,2024-12-17,Facebook Ads,Europe,63692,5762,1394,25882.45,56018.03,Seniors,Health,Desktop,2024,H2_2024,7,12,4,12,12,True,0.090467,0.24193,1.164325,2.164325,4.491921,406.368932,18.567037,9.721977,40.1851,30135.579999999998,0.537962,0.021887,0.24192988545643873,12,Holiday Peak,112.35319977391195,879.5143817119889,0,2024-12-13 12:00:00,False
2024_JD_0701,Campaign_2024_JD_0701,2024-12-10,2024-12-17,TikTok Ads,Asia,63005,4960,1417,46932.02,67076.63,Adults,Automotive,Tablet,2024,H2_2024,7,12,4,12,12,True,0.078724,0.285685,0.42923,1.42923,9.462101,744.89358,33.120692,13.523514,47.337071,20144.610000000008,0.300322,0.02249,0.28568548387096776,12,Holiday Peak,101.21418935005158,1064.6239187366082,0,2024-12-13 12:00:00,False
2024_JD_0702,Campaign_2024_JD_0702,2024-12-10,2024-12-17,TikTok Ads,Asia,63005,4960,1417,46932.02,67076.63,Adults,Automotive,Tablet,2024,H2_2024,7,12,4,12,12,True,0.078724,0.285685,0.42923,1.42923,9.462101,744.89358,33.120692,13.523514,47.337071,20144.610000000008,0.300322,0.02249,0.28568548387096776,12,Holiday Peak,101.21418935005158,1064.6239187366082,0,2024-12-13 12:00:00,False
2024_JD_0703,Campaign_2024_JD_0703,2024-12-10,2024-12-17,TikTok Ads,Asia,63005,4960,1417,46932.02,67076.63,Adults,Automotive,Tablet,2024,H2_2024,7,12,4,12,12,True,0.078724,0.285685,0.42923,1.42923,9.462101,744.89358,33.120692,13.523514,47.337071,20144.610000000008,0.300322,0.02249,0.28568548387096776,12,Holiday Peak,101.21418935005158,1064.6239187366082,0,2024-12-13 12:00:00,False
2024_JD_0838,Campaign_2024_JD_0838,2024-12-11,2024-12-25,Facebook Ads,Europe,191368,23360,4063,14684.53,43267.84,Youth,Automotive,Mobile,2024,H2_2024,14,12,4,12,12,True,0.122068,0.17393,1.946491,2.946491,0.628619,76.734512,3.614209,1.852219,10.649235,28583.309999999998,0.660613,0.021231,0.17392979452054794,12,Holiday Peak,143.2998202416287,226.09757117177375,1,2024-12-18 00:00:00,False
2024_JD_0834,Campaign_2024_JD_0834,2024-12-11,2024-12-18,Google Display Network,North America,115017,9652,834,43634.84,54496.41,Seniors,Automotive,Mobile,2024,H2_2024,7,12,4,12,12,True,0.083918,0.086407,0.24892,1.24892,4.520808,379.377309,52.319952,5.646126,65.343417,10861.570000000007,0.199308,0.007251,0.08640696228760879,12,Holiday Peak,91.16913151968839,473.81178434492296,0,2024-12-14 12:00:00,False
2024_JD_0833,Campaign_2024_JD_0833,2024-12-11,2024-12-18,Facebook Ads,Asia,78506,2928,116,36391.08,115290.65,Youth,Automotive,Desktop,2024,H2_2024,7,12,4,12,12,True,0.037297,0.039617,2.168102,3.168102,12.428648,463.545207,313.716207,39.375222,993.884914,78899.56999999999,0.684354,0.001478,0.03961748633879782,12,Holiday Peak,38.774106437724505,1468.5584541308945,1,2024-12-14 12:00:00,False
2024_JD_0707,Campaign_2024_JD_0707,2024-12-11,2024-12-18,TikTok Ads,Asia,71314,10490,1596,26550.84,35747.36,Seniors,Clothing,Tablet,2024,H2_2024,7,12,4,12,12,True,0.147096,0.152145,0.346374,1.346374,2.531062,372.308944,16.635865,3.407756,22.398095,9196.52,0.257264,0.02238,0.15214489990467112,12,Holiday Peak,169.47583924615085,501.26707238410415,0,2024-12-14 12:00:00,False
2024_JD_0708,Campaign_2024_JD_0708,2024-12-11,2024-12-18,TikTok Ads,Asia,71314,10490,1596,26550.84,35747.36,Seniors,Clothing,Tablet,2024,H2_2024,7,12,4,12,12,True,0.147096,0.152145,0.346374,1.346374,2.531062,372.308944,16.635865,3.407756,22.398095,9196.52,0.257264,0.02238,0.15214489990467112,12,Holiday Peak,169.47583924615085,501.26707238410415,0,2024-12-14 12:00:00,False
2024_JD_0706,Campaign_2024_JD_0706,2024-12-11,2024-12-18,Google Display Network,North America,67292,8121,143,20256.48,69232.3,Seniors,Health,Desktop,2024,H2_2024,7,12,4,12,12,True,0.120683,0.017609,2.417785,3.417785,2.494333,301.023599,141.653706,8.525095,484.141958,48975.82000000001,0.707413,0.002125,0.01760866888314247,12,Holiday Peak,122.80806039350888,1028.8340367354217,1,2024-12-14 12:00:00,False
2024_JD_0705,Campaign_2024_JD_0705,2024-12-11,2024-12-18,Google Display Network,Asia,65142,3891,343,44906.0,138376.11,Seniors,Home,Tablet,2024,H2_2024,7,12,4,12,12,True,0.059731,0.088152,2.081461,3.081461,11.540992,689.355562,130.921283,35.563123,403.428892,93470.10999999999,0.675479,0.005265,0.08815214597789771,12,Holiday Peak,64.99646925178841,2124.222621350281,1,2024-12-14 12:00:00,False
2024_JD_0836,Campaign_2024_JD_0836,2024-12-11,2024-12-18,Google Ads,Africa,61549,2350,584,34326.46,65357.51,Seniors,Home,Desktop,2024,H2_2024,7,12,4,12,12,True,0.038181,0.248511,0.903998,1.903998,14.607004,557.709467,58.778185,27.811706,111.913545,31031.050000000003,0.474789,0.009488,0.24851063829787234,12,Holiday Peak,47.66933662610278,1061.8776909454257,0,2024-12-14 12:00:00,False
2024_JD_0835,Campaign_2024_JD_0835,2024-12-11,2024-12-18,TikTok Ads,North America,59061,3662,396,6223.06,16883.44,Seniors,Automotive,Mobile,2024,H2_2024,7,12,4,12,12,True,0.062004,0.108138,1.713045,2.713045,1.699361,105.366655,15.714798,4.610442,42.634949,10660.379999999997,0.63141,0.006705,0.1081376297105407,12,Holiday Peak,68.7086232877872,285.86444523458795,1,2024-12-14 12:00:00,False
2024_JD_0837,Campaign_2024_JD_0837,2024-12-11,2024-12-18,Google Display Network,Africa,55601,4293,533,39597.94,114825.96,Adults,Automotive,Desktop,2024,H2_2024,7,12,4,12,12,True,0.077211,0.124156,1.899796,2.899796,9.223839,712.180356,74.29257,26.747254,215.433321,75228.02,0.655148,0.009586,0.12415560214302353,12,Holiday Peak,86.79700005395587,2065.1779644251005,1,2024-12-14 12:00:00,False
2024_JD_0832,Campaign_2024_JD_0832,2024-12-11,2024-12-18,Facebook Ads,Asia,22640,1775,159,23272.51,67669.99,Adults,Health,Desktop,2024,H2_2024,7,12,4,12,12,True,0.078401,0.089577,1.907722,2.907722,13.111273,1027.937721,146.367987,38.123938,425.597421,44397.48000000001,0.656088,0.007023,0.0895774647887324,12,Holiday Peak,85.42402826855124,2988.957155477032,1,2024-12-14 12:00:00,False
2024_JD_0830,Campaign_2024_JD_0830,2024-12-12,2024-12-26,Email,North America,197506,9133,2147,14664.7,41219.88,Adults,Electronics,Mobile,2024,H2_2024,14,12,4,12,12,True,0.046242,0.235082,1.810823,2.810823,1.605683,74.24939,6.830321,4.51329,19.198826,26555.179999999997,0.644232,0.010871,0.23508157232015767,12,Holiday Peak,57.11218899678997,208.7019128532804,1,2024-12-19 00:00:00,False
2024_JD_0828,Campaign_2024_JD_0828,2024-12-12,2024-12-26,Email,South America,192918,8569,1457,33421.1,96823.21,Adults,Electronics,Mobile,2024,H2_2024,14,12,4,12,12,True,0.044418,0.170032,1.897068,2.897068,3.900233,173.239926,22.938298,11.299243,66.453816,63402.11000000001,0.654823,0.007552,0.17003150892752947,12,Holiday Peak,51.97026716014058,501.88790055878667,1,2024-12-19 00:00:00,False
2024_JD_0829,Campaign_2024_JD_0829,2024-12-12,2024-12-26,Email,South America,192918,8569,1457,33421.1,96823.21,Adults,Electronics,Mobile,2024,H2_2024,14,12,4,12,12,True,0.044418,0.170032,1.897068,2.897068,3.900233,173.239926,22.938298,11.299243,66.453816,63402.11000000001,0.654823,0.007552,0.17003150892752947,12,Holiday Peak,51.97026716014058,501.88790055878667,1,2024-12-19 00:00:00,False
2024_JD_0827,Campaign_2024_JD_0827,2024-12-12,2024-12-26,Facebook Ads,Europe,191368,23360,4063,14684.53,43267.84,Youth,Automotive,Mobile,2024,H2_2024,14,12,4,12,12,True,0.122068,0.17393,1.946491,2.946491,0.628619,76.734512,3.614209,1.852219,10.649235,28583.309999999998,0.660613,0.021231,0.17392979452054794,12,Holiday Peak,143.2998202416287,226.09757117177375,1,2024-12-19 00:00:00,False
2024_JD_0826,Campaign_2024_JD_0826,2024-12-12,2024-12-26,Facebook Ads,South America,190625,17585,1936,12973.3,30434.97,Seniors,Health,Tablet,2024,H2_2024,14,12,4,12,12,True,0.092249,0.110094,1.34597,2.34597,0.737748,68.056656,6.701085,1.730735,15.720542,17461.670000000002,0.573737,0.010156,0.11009382996872334,12,Holiday Peak,102.40524590163935,159.65885901639345,0,2024-12-19 00:00:00,False
2024_JD_0825,Campaign_2024_JD_0825,2024-12-12,2024-12-26,Google Ads,Europe,188323,24545,445,31541.61,61855.16,Youth,Automotive,Desktop,2024,H2_2024,14,12,4,12,12,True,0.130335,0.01813,0.961065,1.961065,1.285052,167.486765,70.880022,2.520072,139.00036,30313.550000000003,0.490073,0.002363,0.018129965369729068,12,Holiday Peak,132.69754623705018,328.45249916367095,0,2024-12-19 00:00:00,False
2024_JD_0824,Campaign_2024_JD_0824,2024-12-12,2024-12-26,TikTok Ads,Africa,187831,10263,2683,24483.74,43575.18,Adults,Automotive,Tablet,2024,H2_2024,14,12,4,12,12,True,0.05464,0.261425,0.77976,1.77976,2.385632,130.349836,9.125509,4.245852,16.241215,19091.44,0.438126,0.014284,0.26142453473643185,12,Holiday Peak,68.92366009870575,231.99141781708028,0,2024-12-19 00:00:00,False
2024_JD_0823,Campaign_2024_JD_0823,2024-12-12,2024-12-26,Email,Africa,187779,2352,319,29302.07,77930.01,Seniors,Automotive,Mobile,2024,H2_2024,14,12,4,12,12,True,0.012525,0.135629,1.659539,2.659539,12.458363,156.045511,91.856019,33.133508,244.294702,48627.939999999995,0.623995,0.001699,0.13562925170068027,12,Holiday Peak,14.22416777168906,415.00918633073985,1,2024-12-19 00:00:00,False
2024_JD_0822,Campaign_2024_JD_0822,2024-12-12,2024-12-26,Google Ads,South America,185755,24320,4559,28393.9,55046.49,Youth,Electronics,Desktop,2024,H2_2024,14,12,4,12,12,True,0.130925,0.187459,0.938673,1.938673,1.167512,152.85672,6.228098,2.263425,12.074247,26652.589999999997,0.484183,0.024543,0.18745888157894736,12,Holiday Peak,155.4682242739092,296.33921025006055,0,2024-12-19 00:00:00,False
2024_JD_0820,Campaign_2024_JD_0820,2024-12-12,2024-12-26,Facebook Ads,North America,184615,15765,3967,4431.46,5414.43,Seniors,Health,Tablet,2024,H2_2024,14,12,4,12,12,True,0.085394,0.251633,0.221816,1.221816,0.281095,24.003792,1.117081,0.343446,1.364868,982.9700000000003,0.181546,0.021488,0.2516333650491595,12,Holiday Peak,106.88188933726944,29.328223600465833,0,2024-12-19 00:00:00,False
2024_JD_0821,Campaign_2024_JD_0821,2024-12-12,2024-12-26,Facebook Ads,North America,184615,15765,3967,4431.46,5414.43,Seniors,Health,Tablet,2024,H2_2024,14,12,4,12,12,True,0.085394,0.251633,0.221816,1.221816,0.281095,24.003792,1.117081,0.343446,1.364868,982.9700000000003,0.181546,0.021488,0.2516333650491595,12,Holiday Peak,106.88188933726944,29.328223600465833,0,2024-12-19 00:00:00,False
2024_JD_0819,Campaign_2024_JD_0819,2024-12-12,2024-12-26,Email,Asia,184426,4401,142,48709.53,90259.65,Youth,Automotive,Mobile,2024,H2_2024,14,12,4,12,12,True,0.023863,0.032265,0.853018,1.853018,11.067832,264.114225,343.024859,20.508896,635.631338,41550.119999999995,0.46034,0.00077,0.03226539422858441,12,Holiday Peak,24.633186210187286,489.40848904167524,0,2024-12-19 00:00:00,False
2024_JD_0818,Campaign_2024_JD_0818,2024-12-12,2024-12-26,Facebook Ads,North America,182900,24349,7207,9593.19,31687.72,Youth,Clothing,Mobile,2024,H2_2024,14,12,4,12,12,True,0.133127,0.295988,2.303147,3.303147,0.393987,52.450465,1.331093,1.301397,4.396798,22094.53,0.697258,0.039404,0.29598751488767505,12,Holiday Peak,172.5314379442318,173.2516129032258,1,2024-12-19 00:00:00,False
2024_JD_0817,Campaign_2024_JD_0817,2024-12-12,2024-12-26,Facebook Ads,Europe,182235,2029,409,41047.59,101156.25,Seniors,Automotive,Tablet,2024,H2_2024,14,12,4,12,12,True,0.011134,0.201577,1.464365,2.464365,20.230453,225.24537,100.360856,49.855224,247.325795,60108.66,0.594216,0.002244,0.2015771315919172,12,Holiday Peak,13.378330178066781,555.0868384229154,0,2024-12-19 00:00:00,False
2024_JD_0816,Campaign_2024_JD_0816,2024-12-12,2024-12-26,Email,South America,181679,9628,500,38392.31,118757.78,Seniors,Clothing,Mobile,2024,H2_2024,14,12,4,12,12,True,0.052995,0.051932,2.09327,3.09327,3.987569,211.31947,76.78462,12.334626,237.51556,80365.47,0.676718,0.002752,0.0519318653926049,12,Holiday Peak,55.74667407900748,653.668172986421,1,2024-12-19 00:00:00,False
2024_JD_0815,Campaign_2024_JD_0815,2024-12-12,2024-12-26,Google Ads,Europe,180399,5171,829,23091.13,37095.72,Adults,Electronics,Tablet,2024,H2_2024,14,12,4,12,12,True,0.028664,0.160317,0.606492,1.606492,4.465506,128.000322,27.854198,7.1738,44.747551,14004.59,0.377526,0.004595,0.16031715335525043,12,Holiday Peak,33.259607869223224,205.6315168044169,0,2024-12-19 00:00:00,False
2024_JD_0814,Campaign_2024_JD_0814,2024-12-12,2024-12-26,TikTok Ads,Asia,179956,18763,5145,7265.47,21511.29,Adults,Home,Tablet,2024,H2_2024,14,12,4,12,12,True,0.104264,0.27421,1.960757,2.960757,0.387223,40.373591,1.412142,1.146474,4.181009,14245.82,0.662249,0.02859,0.27420988114906997,12,Holiday Peak,132.85469781502147,119.53638667229768,1,2024-12-19 00:00:00,False
2024_JD_0812,Campaign_2024_JD_0812,2024-12-12,2024-12-26,TikTok Ads,North America,179018,9641,2140,26736.75,34091.63,Seniors,Electronics,Mobile,2024,H2_2024,14,12,4,12,12,True,0.053855,0.221969,0.275085,1.275085,2.773234,149.3523,12.493808,3.536109,15.930668,7354.879999999997,0.215739,0.011954,0.2219686754486049,12,Holiday Peak,65.80902479080316,190.4368834418885,0,2024-12-19 00:00:00,False
2024_JD_0813,Campaign_2024_JD_0813,2024-12-12,2024-12-26,TikTok Ads,North America,179018,9641,2140,26736.75,34091.63,Seniors,Electronics,Mobile,2024,H2_2024,14,12,4,12,12,True,0.053855,0.221969,0.275085,1.275085,2.773234,149.3523,12.493808,3.536109,15.930668,7354.879999999997,0.215739,0.011954,0.2219686754486049,12,Holiday Peak,65.80902479080316,190.4368834418885,0,2024-12-19 00:00:00,False
2024_JD_0810,Campaign_2024_JD_0810,2024-12-12,2024-12-26,TikTok Ads,North America,172296,9510,502,6163.01,7899.83,Youth,Automotive,Mobile,2024,H2_2024,14,12,4,12,12,True,0.055196,0.052787,0.281814,1.281814,0.648056,35.769896,12.276912,0.830687,15.736713,1736.8199999999997,0.219855,0.002914,0.052786540483701364,12,Holiday Peak,58.10930027394716,45.850338951571715,0,2024-12-19 00:00:00,False
2024_JD_0811,Campaign_2024_JD_0811,2024-12-12,2024-12-26,TikTok Ads,North America,172296,9510,502,6163.01,7899.83,Youth,Automotive,Mobile,2024,H2_2024,14,12,4,12,12,True,0.055196,0.052787,0.281814,1.281814,0.648056,35.769896,12.276912,0.830687,15.736713,1736.8199999999997,0.219855,0.002914,0.052786540483701364,12,Holiday Peak,58.10930027394716,45.850338951571715,0,2024-12-19 00:00:00,False
2024_JD_0831,Campaign_2024_JD_0831,2024-12-14,2024-12-28,Google Display Network,South America,149572,21949,5018,28163.35,80762.73,Seniors,Health,Tablet,2024,H2_2024,14,12,4,12,12,True,0.146745,0.228621,1.867654,2.867654,1.283127,188.292929,5.612465,3.679563,16.094605,52599.38,0.651283,0.033549,0.22862089389038226,12,Holiday Peak,180.2944401358543,539.9588826785762,1,2024-12-21 00:00:00,False
2024_JD_0713,Campaign_2024_JD_0713,2024-12-14,2024-12-21,Google Display Network,Africa,76295,7456,714,34108.82,98608.5,Youth,Health,Mobile,2024,H2_2024,7,12,4,12,12,True,0.097726,0.095762,1.890997,2.890997,4.574681,447.064945,47.771457,13.225389,138.107143,64499.68,0.654099,0.009358,0.0957618025751073,12,Holiday Peak,107.08434366603316,1292.4634641850712,1,2024-12-17 12:00:00,False
2024_JD_0712,Campaign_2024_JD_0712,2024-12-14,2024-12-21,Google Ads,Europe,75533,7787,1069,48384.73,70192.79,Youth,Electronics,Mobile,2024,H2_2024,7,12,4,12,12,True,0.103094,0.13728,0.450722,1.450722,6.213526,640.577364,45.261674,9.014099,65.662105,21808.05999999999,0.310688,0.014153,0.1372800821882625,12,Holiday Peak,117.2467663140614,929.2996438642712,0,2024-12-17 12:00:00,False
2024_JD_0710,Campaign_2024_JD_0710,2024-12-14,2024-12-21,TikTok Ads,North America,75342,9345,1910,28829.32,95298.87,Seniors,Health,Mobile,2024,H2_2024,7,12,4,12,12,True,0.124034,0.204387,2.305623,3.305623,3.084999,382.646067,15.093885,10.197846,49.894696,66469.54999999999,0.697485,0.025351,0.20438737292669876,12,Holiday Peak,149.3854689283534,1264.883730190332,1,2024-12-17 12:00:00,False
2024_JD_0711,Campaign_2024_JD_0711,2024-12-14,2024-12-21,TikTok Ads,North America,75342,9345,1910,28829.32,95298.87,Seniors,Health,Mobile,2024,H2_2024,7,12,4,12,12,True,0.124034,0.204387,2.305623,3.305623,3.084999,382.646067,15.093885,10.197846,49.894696,66469.54999999999,0.697485,0.025351,0.20438737292669876,12,Holiday Peak,149.3854689283534,1264.883730190332,1,2024-12-17 12:00:00,False
2024_JD_0709,Campaign_2024_JD_0709,2024-12-14,2024-12-21,Email,North America,72526,6024,769,2660.08,5097.75,Youth,Automotive,Desktop,2024,H2_2024,7,12,4,12,12,True,0.08306,0.127656,0.91639,1.91639,0.44158,36.677605,3.459142,0.84624,6.629064,2437.67,0.478185,0.010603,0.12765604249667994,12,Holiday Peak,93.6629622480214,70.2885861622039,0,2024-12-17 12:00:00,False
2024_JD_0717,Campaign_2024_JD_0717,2024-12-15,2024-12-22,Facebook Ads,North America,79707,7480,351,18918.36,35759.76,Adults,Clothing,Tablet,2024,H2_2024,7,12,4,12,12,True,0.093844,0.046925,0.890215,1.890215,2.529193,237.34879,53.898462,4.780717,101.879658,16841.4,0.47096,0.004404,0.046925133689839575,12,Holiday Peak,98.24733084923533,448.6401445293388,0,2024-12-18 12:00:00,False
2024_JD_0715,Campaign_2024_JD_0715,2024-12-15,2024-12-22,Facebook Ads,South America,78972,1060,245,49220.09,146037.43,Youth,Health,Mobile,2024,H2_2024,7,12,4,12,12,True,0.013422,0.231132,1.967029,2.967029,46.434047,623.260016,200.898327,137.77116,596.071143,96817.34,0.662963,0.003102,0.23113207547169812,12,Holiday Peak,16.52484424859444,1849.2304867547991,1,2024-12-18 12:00:00,False
2024_JD_0716,Campaign_2024_JD_0716,2024-12-15,2024-12-22,Facebook Ads,South America,78972,1060,245,49220.09,146037.43,Youth,Health,Mobile,2024,H2_2024,7,12,4,12,12,True,0.013422,0.231132,1.967029,2.967029,46.434047,623.260016,200.898327,137.77116,596.071143,96817.34,0.662963,0.003102,0.23113207547169812,12,Holiday Peak,16.52484424859444,1849.2304867547991,1,2024-12-18 12:00:00,False
2024_JD_0714,Campaign_2024_JD_0714,2024-12-15,2024-12-22,Facebook Ads,Asia,78506,2928,116,36391.08,115290.65,Youth,Automotive,Desktop,2024,H2_2024,7,12,4,12,12,True,0.037297,0.039617,2.168102,3.168102,12.428648,463.545207,313.716207,39.375222,993.884914,78899.56999999999,0.684354,0.001478,0.03961748633879782,12,Holiday Peak,38.774106437724505,1468.5584541308945,1,2024-12-18 12:00:00,False
2024_JD_0809,Campaign_2024_JD_0809,2024-12-16,2024-12-30,Email,South America,170243,10713,926,33130.46,104375.41,Adults,Clothing,Mobile,2024,H2_2024,14,12,4,12,12,True,0.062928,0.086437,2.150436,3.150436,3.092547,194.606885,35.778035,9.742874,112.716425,71244.95000000001,0.682584,0.005439,0.08643703911136003,12,Holiday Peak,68.36698131494394,613.0966324606592,1,2024-12-23 00:00:00,False
2024_JD_0807,Campaign_2024_JD_0807,2024-12-16,2024-12-30,Facebook Ads,Africa,170088,12946,631,27061.02,40281.58,Seniors,Electronics,Desktop,2024,H2_2024,14,12,4,12,12,True,0.076114,0.048741,0.488546,1.488546,2.0903,159.100113,42.885927,3.111508,63.837686,13220.560000000001,0.328204,0.00371,0.04874092383747876,12,Holiday Peak,79.823385541602,236.8278773340859,0,2024-12-23 00:00:00,False
2024_JD_0808,Campaign_2024_JD_0808,2024-12-16,2024-12-30,Facebook Ads,Africa,170088,12946,631,27061.02,40281.58,Seniors,Electronics,Desktop,2024,H2_2024,14,12,4,12,12,True,0.076114,0.048741,0.488546,1.488546,2.0903,159.100113,42.885927,3.111508,63.837686,13220.560000000001,0.328204,0.00371,0.04874092383747876,12,Holiday Peak,79.823385541602,236.8278773340859,0,2024-12-23 00:00:00,False
2024_JD_0806,Campaign_2024_JD_0806,2024-12-16,2024-12-30,Google Display Network,Africa,168317,13639,1841,38737.75,118400.3,Seniors,Clothing,Mobile,2024,H2_2024,14,12,4,12,12,True,0.081032,0.134981,2.056458,3.056458,2.840219,230.147579,21.041689,8.68101,64.313036,79662.55,0.672824,0.010938,0.13498057042305153,12,Holiday Peak,91.96931979538608,703.4363730342152,1,2024-12-23 00:00:00,False
2024_JD_0805,Campaign_2024_JD_0805,2024-12-16,2024-12-30,Email,North America,167781,16697,4417,23692.62,43605.14,Adults,Electronics,Desktop,2024,H2_2024,14,12,4,12,12,True,0.099517,0.264539,0.840452,1.840452,1.418975,141.211579,5.363962,2.611555,9.872117,19912.52,0.456655,0.026326,0.2645385398574594,12,Holiday Peak,125.8426162676346,259.89319410421916,0,2024-12-23 00:00:00,False
2024_JD_0804,Campaign_2024_JD_0804,2024-12-16,2024-12-30,Google Display Network,Africa,161503,16531,2313,3343.71,4735.35,Adults,Health,Desktop,2024,H2_2024,14,12,4,12,12,True,0.102357,0.139919,0.416196,1.416196,0.202269,20.703702,1.445616,0.286453,2.047276,1391.6400000000003,0.293883,0.014322,0.1399189401730083,12,Holiday Peak,116.6789471403008,29.320507978179975,0,2024-12-23 00:00:00,False
2024_JD_0803,Campaign_2024_JD_0803,2024-12-16,2024-12-30,Google Display Network,Europe,159626,17959,1118,20361.41,57834.06,Seniors,Automotive,Desktop,2024,H2_2024,14,12,4,12,12,True,0.112507,0.062253,1.840376,2.840376,1.133772,127.556977,18.212352,3.220339,51.729928,37472.649999999994,0.647934,0.007004,0.06225290940475527,12,Holiday Peak,119.51060604162228,362.30977409695157,1,2024-12-23 00:00:00,False
2024_JD_0802,Campaign_2024_JD_0802,2024-12-16,2024-12-30,Email,Africa,158407,13911,2245,35625.08,73434.15,Seniors,Automotive,Desktop,2024,H2_2024,14,12,4,12,12,True,0.087818,0.161383,1.061305,2.061305,2.560929,224.89587,15.868633,5.278855,32.710089,37809.06999999999,0.51487,0.014172,0.16138307813960176,12,Holiday Peak,101.99044234156318,463.5789453748887,0,2024-12-23 00:00:00,False
2024_JD_0801,Campaign_2024_JD_0801,2024-12-16,2024-12-30,Google Display Network,Europe,157110,9649,2063,44950.94,107722.15,Adults,Electronics,Mobile,2024,H2_2024,14,12,4,12,12,True,0.061416,0.213805,1.396438,2.396438,4.658611,286.11126,21.789113,11.164074,52.216263,62771.20999999999,0.582714,0.013131,0.21380453933050056,12,Holiday Peak,74.54649608554516,685.6479536630385,0,2024-12-23 00:00:00,False
2024_JD_0800,Campaign_2024_JD_0800,2024-12-16,2024-12-30,Email,Asia,155787,16635,3144,22405.68,64480.61,Seniors,Clothing,Tablet,2024,H2_2024,14,12,4,12,12,True,0.10678,0.188999,1.877869,2.877869,1.3469,143.822527,7.126489,3.876201,20.5091,42074.93,0.652521,0.020181,0.18899909828674483,12,Holiday Peak,126.9618132450076,413.9023795310263,1,2024-12-23 00:00:00,False
2024_JD_0799,Campaign_2024_JD_0799,2024-12-16,2024-12-30,Facebook Ads,South America,154329,14398,3401,23262.93,61636.73,Seniors,Home,Desktop,2024,H2_2024,14,12,4,12,12,True,0.093294,0.236213,1.649569,2.649569,1.615706,150.73596,6.840026,4.280923,18.12312,38373.8,0.62258,0.022037,0.23621336296707876,12,Holiday Peak,115.33153198685923,399.3852743165575,1,2024-12-23 00:00:00,False
2024_JD_0798,Campaign_2024_JD_0798,2024-12-16,2024-12-30,Email,North America,152851,8928,164,18390.35,62539.0,Seniors,Health,Mobile,2024,H2_2024,14,12,4,12,12,True,0.05841,0.018369,2.400642,3.400642,2.059851,120.315536,112.13628,7.004816,381.335366,44148.65,0.705938,0.001073,0.018369175627240143,12,Holiday Peak,59.48276426061982,409.15008733995853,1,2024-12-23 00:00:00,False
2024_JD_0722,Campaign_2024_JD_0722,2024-12-16,2024-12-23,Google Display Network,Europe,82984,11469,311,32172.69,96743.24,Seniors,Health,Mobile,2024,H2_2024,7,12,4,12,12,True,0.138207,0.027117,2.006999,3.006999,2.805187,387.697508,103.449164,8.435194,311.071511,64570.55,0.667443,0.003748,0.027116575115528816,12,Holiday Peak,141.955075677239,1165.8059384941678,1,2024-12-19 12:00:00,False
2024_JD_0721,Campaign_2024_JD_0721,2024-12-16,2024-12-23,Email,Europe,82505,3694,992,11989.2,34025.5,Youth,Automotive,Tablet,2024,H2_2024,7,12,4,12,12,True,0.044773,0.268544,1.838013,2.838013,3.245587,145.314829,12.085887,9.211018,34.299899,22036.3,0.647641,0.012024,0.26854358419057933,12,Holiday Peak,56.79655778437671,412.4053087691655,1,2024-12-19 12:00:00,False
2024_JD_0720,Campaign_2024_JD_0720,2024-12-16,2024-12-23,TikTok Ads,South America,82454,4817,536,47258.91,60996.21,Adults,Clothing,Tablet,2024,H2_2024,7,12,4,12,12,True,0.05842,0.111273,0.290682,1.290682,9.810859,573.15485,88.169608,12.662697,113.798899,13737.299999999996,0.225216,0.006501,0.11127257629229811,12,Holiday Peak,64.92104688674898,739.7604725058821,0,2024-12-19 12:00:00,False
2024_JD_0719,Campaign_2024_JD_0719,2024-12-16,2024-12-23,Google Display Network,North America,81872,2911,646,37231.0,69365.44,Youth,Home,Mobile,2024,H2_2024,7,12,4,12,12,True,0.035556,0.221917,0.86311,1.86311,12.789763,454.746433,57.633127,23.828732,107.376842,32134.440000000002,0.463263,0.00789,0.2219168670559945,12,Holiday Peak,43.445866718780536,847.2425249169436,0,2024-12-19 12:00:00,False
2024_JD_0718,Campaign_2024_JD_0718,2024-12-16,2024-12-23,Google Ads,Africa,81077,9364,2536,45680.77,69433.27,Youth,Home,Mobile,2024,H2_2024,7,12,4,12,12,True,0.115495,0.270824,0.519967,1.519967,4.878339,563.424522,18.012922,7.414916,27.37905,23752.500000000007,0.342091,0.031279,0.270824434002563,12,Holiday Peak,146.77405429406613,856.3867681339962,0,2024-12-19 12:00:00,False
2024_JD_0731,Campaign_2024_JD_0731,2024-12-18,2024-12-25,TikTok Ads,South America,88300,12756,1417,43995.58,79670.72,Youth,Automotive,Desktop,2024,H2_2024,7,12,4,12,12,True,0.144462,0.111085,0.81088,1.81088,3.449011,498.251189,31.048398,6.245745,56.224926,35675.14,0.447782,0.016048,0.11108497961743494,12,Holiday Peak,160.50962627406568,902.2731596828993,0,2024-12-21 12:00:00,False
2024_JD_0729,Campaign_2024_JD_0729,2024-12-18,2024-12-25,TikTok Ads,South America,87711,10878,1402,24105.09,59043.86,Adults,Home,Tablet,2024,H2_2024,7,12,4,12,12,True,0.124021,0.128884,1.449435,2.449435,2.215949,274.824024,17.193359,5.427823,42.114023,34938.770000000004,0.591743,0.015984,0.12888398602684317,12,Holiday Peak,140.00524449612934,673.163685284628,0,2024-12-21 12:00:00,False
2024_JD_0730,Campaign_2024_JD_0730,2024-12-18,2024-12-25,TikTok Ads,South America,87711,10878,1402,24105.09,59043.86,Adults,Home,Tablet,2024,H2_2024,7,12,4,12,12,True,0.124021,0.128884,1.449435,2.449435,2.215949,274.824024,17.193359,5.427823,42.114023,34938.770000000004,0.591743,0.015984,0.12888398602684317,12,Holiday Peak,140.00524449612934,673.163685284628,0,2024-12-21 12:00:00,False
2024_JD_0727,Campaign_2024_JD_0727,2024-12-18,2024-12-25,TikTok Ads,Europe,85811,9938,1954,16497.24,26029.14,Seniors,Health,Desktop,2024,H2_2024,7,12,4,12,12,True,0.115813,0.196619,0.577788,1.577788,1.660016,192.250877,8.442805,2.619153,13.320952,9531.899999999998,0.366201,0.022771,0.1966190380358221,12,Holiday Peak,138.58363146915895,303.33104147486915,0,2024-12-21 12:00:00,False
2024_JD_0728,Campaign_2024_JD_0728,2024-12-18,2024-12-25,TikTok Ads,Europe,85811,9938,1954,16497.24,26029.14,Seniors,Health,Desktop,2024,H2_2024,7,12,4,12,12,True,0.115813,0.196619,0.577788,1.577788,1.660016,192.250877,8.442805,2.619153,13.320952,9531.899999999998,0.366201,0.022771,0.1966190380358221,12,Holiday Peak,138.58363146915895,303.33104147486915,0,2024-12-21 12:00:00,False
2024_JD_0726,Campaign_2024_JD_0726,2024-12-18,2024-12-25,Facebook Ads,South America,85257,3674,883,43001.78,141223.41,Seniors,Health,Desktop,2024,H2_2024,7,12,4,12,12,True,0.043093,0.240338,2.284129,3.284129,11.704349,504.378292,48.699638,38.438598,159.935912,98221.63,0.695505,0.010357,0.24033750680457266,12,Holiday Peak,53.45015658538301,1656.4435764805235,1,2024-12-21 12:00:00,False
2024_JD_0725,Campaign_2024_JD_0725,2024-12-18,2024-12-25,Google Display Network,Africa,84561,9791,131,11807.5,28084.75,Youth,Electronics,Desktop,2024,H2_2024,7,12,4,12,12,True,0.115786,0.01338,1.378552,2.378552,1.205954,139.632928,90.133588,2.868425,214.387405,16277.25,0.579576,0.001549,0.013379634358083954,12,Holiday Peak,117.33541467106585,332.12414706543206,0,2024-12-21 12:00:00,False
2024_JD_0723,Campaign_2024_JD_0723,2024-12-18,2024-12-25,TikTok Ads,Asia,82988,10019,2667,2933.52,7401.66,Adults,Automotive,Mobile,2024,H2_2024,7,12,4,12,12,True,0.120728,0.266194,1.523133,2.523133,0.292796,35.348725,1.099933,0.738762,2.775276,4468.139999999999,0.603667,0.032137,0.2661942309611738,12,Holiday Peak,152.86547452643757,89.18952137658457,0,2024-12-21 12:00:00,False
2024_JD_0724,Campaign_2024_JD_0724,2024-12-18,2024-12-25,TikTok Ads,Asia,82988,10019,2667,2933.52,7401.66,Adults,Automotive,Mobile,2024,H2_2024,7,12,4,12,12,True,0.120728,0.266194,1.523133,2.523133,0.292796,35.348725,1.099933,0.738762,2.775276,4468.139999999999,0.603667,0.032137,0.2661942309611738,12,Holiday Peak,152.86547452643757,89.18952137658457,0,2024-12-21 12:00:00,False
2024_JD_0764,Campaign_2024_JD_0764,2024-12-20,2024-12-27,Google Display Network,Europe,123696,6230,200,4709.29,9851.83,Seniors,Home,Tablet,2024,H2_2024,7,12,4,12,12,True,0.050365,0.032103,1.091999,2.091999,0.755905,38.071482,23.54645,1.581353,49.25915,5142.54,0.521988,0.001617,0.03210272873194221,12,Holiday Peak,51.98227913594619,79.6455018755659,0,2024-12-23 12:00:00,False
2024_JD_0763,Campaign_2024_JD_0763,2024-12-20,2024-12-27,Facebook Ads,Asia,123094,12294,3242,4631.17,9556.78,Seniors,Clothing,Mobile,2024,H2_2024,7,12,4,12,12,True,0.099875,0.263706,1.063578,2.063578,0.376702,37.623036,1.428492,0.777353,2.947804,4925.610000000001,0.515405,0.026338,0.26370587278347163,12,Holiday Peak,126.21248801728761,77.63806521845095,0,2024-12-23 12:00:00,False
2024_JD_0762,Campaign_2024_JD_0762,2024-12-20,2024-12-27,Facebook Ads,South America,122360,1239,131,16454.94,45789.32,Seniors,Home,Tablet,2024,H2_2024,7,12,4,12,12,True,0.010126,0.10573,1.78271,2.78271,13.280823,134.479732,125.610229,36.956675,349.536794,29334.38,0.640638,0.001071,0.10573042776432606,12,Holiday Peak,11.196469434455704,374.21804511278197,1,2024-12-23 12:00:00,False
2024_JD_0761,Campaign_2024_JD_0761,2024-12-20,2024-12-27,Email,Europe,122235,16155,2442,38288.55,49055.91,Youth,Automotive,Mobile,2024,H2_2024,7,12,4,12,12,True,0.132163,0.151161,0.281216,1.281216,2.370074,313.237207,15.679177,3.036578,20.088415,10767.36,0.219492,0.019978,0.1511606313834726,12,Holiday Peak,152.14136703890048,401.3245797030311,0,2024-12-23 12:00:00,False
2024_JD_0760,Campaign_2024_JD_0760,2024-12-20,2024-12-27,Email,North America,121243,15808,962,21061.17,57216.45,Adults,Health,Tablet,2024,H2_2024,7,12,4,12,12,True,0.130383,0.060855,1.71668,2.71668,1.332311,173.7104,21.893108,3.619462,59.476559,36155.28,0.631904,0.007934,0.06085526315789474,12,Holiday Peak,138.31726367707827,471.91549202840577,1,2024-12-23 12:00:00,False
2024_JD_0759,Campaign_2024_JD_0759,2024-12-20,2024-12-27,Google Display Network,Europe,120357,2486,125,49009.34,132771.61,Seniors,Automotive,Mobile,2024,H2_2024,7,12,4,12,12,True,0.020655,0.050282,1.709108,2.709108,19.714135,407.199747,392.07472,53.407727,1062.17288,83762.26999999999,0.630875,0.001039,0.0502815768302494,12,Holiday Peak,21.6937942953048,1103.1482173866082,1,2024-12-23 12:00:00,False
2024_JD_0758,Campaign_2024_JD_0758,2024-12-20,2024-12-27,TikTok Ads,South America,119130,2953,272,3519.86,8242.25,Adults,Clothing,Mobile,2024,H2_2024,7,12,4,12,12,True,0.024788,0.09211,1.341641,2.341641,1.191961,29.546378,12.940662,2.791145,30.30239,4722.389999999999,0.572949,0.002283,0.0921097189299018,12,Holiday Peak,27.07126668345505,69.18702258037439,0,2024-12-23 12:00:00,False
2024_JD_0735,Campaign_2024_JD_0735,2024-12-20,2024-12-27,Email,Asia,91120,1112,317,30089.38,36808.39,Youth,Clothing,Desktop,2024,H2_2024,7,12,4,12,12,True,0.012204,0.285072,0.223302,1.223302,27.058795,330.217076,94.91918,33.10107,116.114795,6719.009999999998,0.18254,0.003479,0.28507194244604317,12,Holiday Peak,15.682616330114135,403.9551141352063,0,2024-12-23 12:00:00,False
2024_JD_0734,Campaign_2024_JD_0734,2024-12-20,2024-12-27,Google Display Network,Africa,90981,12470,1758,12198.95,21502.31,Seniors,Home,Mobile,2024,H2_2024,7,12,4,12,12,True,0.137062,0.140978,0.762636,1.762636,0.978264,134.082391,6.939107,1.724323,12.231121,9303.36,0.432668,0.019323,0.1409783480352847,12,Holiday Peak,156.38430001868522,236.33846627317794,0,2024-12-23 12:00:00,False
2024_JD_0733,Campaign_2024_JD_0733,2024-12-20,2024-12-27,Google Ads,Africa,89514,8101,742,26558.37,80400.6,Seniors,Clothing,Tablet,2024,H2_2024,7,12,4,12,12,True,0.0905,0.091594,2.027317,3.027317,3.278406,296.695154,35.792951,9.924775,108.356604,53842.23000000001,0.669674,0.008289,0.09159363041599802,12,Holiday Peak,98.78901624326922,898.1902272270261,1,2024-12-23 12:00:00,False
2024_JD_0732,Campaign_2024_JD_0732,2024-12-20,2024-12-27,TikTok Ads,South America,88300,12756,1417,43995.58,79670.72,Youth,Automotive,Desktop,2024,H2_2024,7,12,4,12,12,True,0.144462,0.111085,0.81088,1.81088,3.449011,498.251189,31.048398,6.245745,56.224926,35675.14,0.447782,0.016048,0.11108497961743494,12,Holiday Peak,160.50962627406568,902.2731596828993,0,2024-12-23 12:00:00,False
2024_JD_0757,Campaign_2024_JD_0757,2024-12-21,2024-12-28,Google Ads,North America,116249,8647,1478,14325.36,40002.5,Seniors,Electronics,Tablet,2024,H2_2024,7,12,4,12,12,True,0.074383,0.170926,1.792425,2.792425,1.656686,123.229963,9.692395,4.626171,27.065291,25677.14,0.641888,0.012714,0.17092633283219613,12,Holiday Peak,87.0975234195563,344.110486971931,1,2024-12-24 12:00:00,False
2024_JD_0754,Campaign_2024_JD_0754,2024-12-21,2024-12-28,Google Display Network,North America,115017,9652,834,43634.84,54496.41,Seniors,Automotive,Mobile,2024,H2_2024,7,12,4,12,12,True,0.083918,0.086407,0.24892,1.24892,4.520808,379.377309,52.319952,5.646126,65.343417,10861.570000000007,0.199308,0.007251,0.08640696228760879,12,Holiday Peak,91.16913151968839,473.81178434492296,0,2024-12-24 12:00:00,False
2024_JD_0755,Campaign_2024_JD_0755,2024-12-21,2024-12-28,Google Display Network,North America,115017,9652,834,43634.84,54496.41,Seniors,Automotive,Mobile,2024,H2_2024,7,12,4,12,12,True,0.083918,0.086407,0.24892,1.24892,4.520808,379.377309,52.319952,5.646126,65.343417,10861.570000000007,0.199308,0.007251,0.08640696228760879,12,Holiday Peak,91.16913151968839,473.81178434492296,0,2024-12-24 12:00:00,False
2024_JD_0756,Campaign_2024_JD_0756,2024-12-21,2024-12-28,Google Display Network,North America,115017,9652,834,43634.84,54496.41,Seniors,Automotive,Mobile,2024,H2_2024,7,12,4,12,12,True,0.083918,0.086407,0.24892,1.24892,4.520808,379.377309,52.319952,5.646126,65.343417,10861.570000000007,0.199308,0.007251,0.08640696228760879,12,Holiday Peak,91.16913151968839,473.81178434492296,0,2024-12-24 12:00:00,False
2024_JD_0753,Campaign_2024_JD_0753,2024-12-21,2024-12-28,TikTok Ads,Europe,114779,7315,1676,18400.11,54492.33,Youth,Health,Desktop,2024,H2_2024,7,12,4,12,12,True,0.063731,0.229118,1.961522,2.961522,2.515394,160.309029,10.978586,7.449396,32.513323,36092.22,0.662336,0.014602,0.22911825017088175,12,Holiday Peak,78.3331445647723,474.7587102170258,1,2024-12-24 12:00:00,False
2024_JD_0752,Campaign_2024_JD_0752,2024-12-21,2024-12-28,Google Ads,Europe,112971,13278,1930,40971.68,84363.65,Youth,Clothing,Mobile,2024,H2_2024,7,12,4,12,12,True,0.117535,0.145353,1.059072,2.059072,3.085682,362.674315,21.22885,6.353641,43.711736,43391.969999999994,0.514344,0.017084,0.14535321584575991,12,Holiday Peak,134.61861893760346,746.7726230625558,0,2024-12-24 12:00:00,False
2024_JD_0751,Campaign_2024_JD_0751,2024-12-21,2024-12-28,Google Display Network,North America,109263,1218,117,38791.09,79956.25,Youth,Health,Tablet,2024,H2_2024,7,12,4,12,12,True,0.011147,0.096059,1.061201,2.061201,31.848186,355.02494,331.547778,65.645525,683.386752,41165.16,0.514846,0.001071,0.0960591133004926,12,Holiday Peak,12.218225748881139,731.7779120104701,0,2024-12-24 12:00:00,False
2024_JD_0750,Campaign_2024_JD_0750,2024-12-21,2024-12-28,TikTok Ads,Africa,109245,8736,846,49527.73,96484.18,Adults,Electronics,Desktop,2024,H2_2024,7,12,4,12,12,True,0.079967,0.096841,0.948084,1.948084,5.669383,453.363815,58.543416,11.044435,114.047494,46956.44999999999,0.486675,0.007744,0.09684065934065934,12,Holiday Peak,87.71110805986544,883.1908096480387,0,2024-12-24 12:00:00,False
2024_JD_0739,Campaign_2024_JD_0739,2024-12-21,2024-12-28,TikTok Ads,Asia,97578,1962,473,27788.17,48170.19,Youth,Automotive,Desktop,2024,H2_2024,7,12,4,12,12,True,0.020107,0.241081,0.733478,1.733478,14.163186,284.779049,58.748774,24.551575,101.839725,20382.020000000004,0.423125,0.004847,0.24108053007135577,12,Holiday Peak,24.95439545799258,493.65830412593004,0,2024-12-24 12:00:00,False
2024_JD_0738,Campaign_2024_JD_0738,2024-12-21,2024-12-28,Email,South America,97067,6225,1286,29601.97,88761.74,Youth,Health,Desktop,2024,H2_2024,7,12,4,12,12,True,0.064131,0.206586,1.998508,2.998508,4.755337,304.964303,23.018639,14.258914,69.021571,59159.770000000004,0.666501,0.013249,0.2065863453815261,12,Holiday Peak,77.37954196585864,914.4378625073404,1,2024-12-24 12:00:00,False
2024_JD_0737,Campaign_2024_JD_0737,2024-12-21,2024-12-28,Google Display Network,South America,95093,5173,786,21835.46,27331.0,Adults,Clothing,Desktop,2024,H2_2024,7,12,4,12,12,True,0.054399,0.151943,0.25168,1.25168,4.221044,229.622159,27.780483,5.283395,34.772265,5495.540000000001,0.201074,0.008266,0.15194277981828727,12,Holiday Peak,62.664970081919805,287.41337427570903,0,2024-12-24 12:00:00,False
2024_JD_0736,Campaign_2024_JD_0736,2024-12-21,2024-12-28,Google Display Network,Africa,94571,6520,1654,4517.01,12512.21,Seniors,Health,Desktop,2024,H2_2024,7,12,4,12,12,True,0.068943,0.253681,1.77002,2.77002,0.692793,47.763162,2.730961,1.919051,7.564819,7995.199999999999,0.638992,0.01749,0.253680981595092,12,Holiday Peak,86.43241585686944,132.3049349166235,1,2024-12-24 12:00:00,False
2024_JD_0796,Campaign_2024_JD_0796,2024-12-23,2025-01-06,Email,South America,149990,21618,3086,42273.39,55748.52,Seniors,Automotive,Mobile,2024,H2_2024,14,12,4,12,1,True,0.14413,0.142751,0.318762,1.318762,1.955472,281.841389,13.698441,2.578801,18.064977,13475.129999999997,0.241713,0.020575,0.14275141086131926,12,Holiday Peak,164.70431362090804,371.6815787719181,0,2024-12-30 00:00:00,False
2024_JD_0797,Campaign_2024_JD_0797,2024-12-23,2025-01-06,Email,South America,149990,21618,3086,42273.39,55748.52,Seniors,Automotive,Mobile,2024,H2_2024,14,12,4,12,1,True,0.14413,0.142751,0.318762,1.318762,1.955472,281.841389,13.698441,2.578801,18.064977,13475.129999999997,0.241713,0.020575,0.14275141086131926,12,Holiday Peak,164.70431362090804,371.6815787719181,0,2024-12-30 00:00:00,False
2024_JD_0795,Campaign_2024_JD_0795,2024-12-23,2025-01-06,Google Display Network,South America,149572,21949,5018,28163.35,80762.73,Seniors,Health,Tablet,2024,H2_2024,14,12,4,12,1,True,0.146745,0.228621,1.867654,2.867654,1.283127,188.292929,5.612465,3.679563,16.094605,52599.38,0.651283,0.033549,0.22862089389038226,12,Holiday Peak,180.2944401358543,539.9588826785762,1,2024-12-30 00:00:00,False
2024_JD_0793,Campaign_2024_JD_0793,2024-12-23,2025-01-06,Facebook Ads,North America,148748,12303,2173,23898.23,49503.21,Youth,Electronics,Mobile,2024,H2_2024,14,12,4,12,1,True,0.08271,0.176624,1.071417,2.071417,1.942472,160.66253,10.997805,4.02367,22.781045,25604.98,0.517239,0.014609,0.17662358774282697,12,Holiday Peak,97.31895554898217,332.79916368623446,0,2024-12-30 00:00:00,False
2024_JD_0794,Campaign_2024_JD_0794,2024-12-23,2025-01-06,Facebook Ads,North America,148748,12303,2173,23898.23,49503.21,Youth,Electronics,Mobile,2024,H2_2024,14,12,4,12,1,True,0.08271,0.176624,1.071417,2.071417,1.942472,160.66253,10.997805,4.02367,22.781045,25604.98,0.517239,0.014609,0.17662358774282697,12,Holiday Peak,97.31895554898217,332.79916368623446,0,2024-12-30 00:00:00,False
2024_JD_0792,Campaign_2024_JD_0792,2024-12-23,2025-01-06,Google Ads,North America,147055,19603,2871,43658.34,84005.39,Youth,Clothing,Mobile,2024,H2_2024,14,12,4,12,1,True,0.133304,0.146457,0.924154,1.924154,2.227125,296.884431,15.206667,4.285333,29.259976,40347.05,0.480291,0.019523,0.14645717492220578,12,Holiday Peak,152.82717350651117,571.251504539118,0,2024-12-30 00:00:00,False
2024_JD_0791,Campaign_2024_JD_0791,2024-12-23,2025-01-06,Email,Asia,145431,5347,720,35166.5,103075.41,Youth,Clothing,Mobile,2024,H2_2024,14,12,4,12,1,True,0.036767,0.134655,1.931068,2.931068,6.576866,241.80883,48.842361,19.277241,143.160292,67908.91,0.658827,0.004951,0.1346549466990836,12,Holiday Peak,41.71737800056384,708.7581739794128,1,2024-12-30 00:00:00,False
2024_JD_0789,Campaign_2024_JD_0789,2024-12-23,2025-01-06,Email,Asia,144892,5680,938,46295.41,158952.23,Youth,Home,Desktop,2024,H2_2024,14,12,4,12,1,True,0.039202,0.165141,2.433434,3.433434,8.1506,319.516674,49.355448,27.984548,169.458667,112656.82,0.708746,0.006474,0.16514084507042254,12,Holiday Peak,45.67539960798388,1097.039381056235,1,2024-12-30 00:00:00,False
2024_JD_0790,Campaign_2024_JD_0790,2024-12-23,2025-01-06,Email,Asia,144892,5680,938,46295.41,158952.23,Youth,Home,Desktop,2024,H2_2024,14,12,4,12,1,True,0.039202,0.165141,2.433434,3.433434,8.1506,319.516674,49.355448,27.984548,169.458667,112656.82,0.708746,0.006474,0.16514084507042254,12,Holiday Peak,45.67539960798388,1097.039381056235,1,2024-12-30 00:00:00,False
2024_JD_0788,Campaign_2024_JD_0788,2024-12-23,2025-01-06,TikTok Ads,Asia,144783,21043,2619,24368.11,69501.79,Youth,Home,Desktop,2024,H2_2024,14,12,4,12,1,True,0.145342,0.124459,1.852162,2.852162,1.158015,168.307812,9.304357,3.302846,26.53753,45133.67999999999,0.649389,0.018089,0.1244594401938887,12,Holiday Peak,163.43078952639468,480.0410959850259,1,2024-12-30 00:00:00,False
2024_JD_0787,Campaign_2024_JD_0787,2024-12-23,2025-01-06,Facebook Ads,South America,144777,11559,2977,31613.3,62356.96,Seniors,Home,Desktop,2024,H2_2024,14,12,4,12,1,True,0.07984,0.257548,0.972491,1.972491,2.734951,218.358579,10.61918,5.394667,20.946241,30743.66,0.493027,0.020563,0.2575482308158145,12,Holiday Peak,100.40268827230845,430.71040289548756,0,2024-12-30 00:00:00,False
2024_JD_0786,Campaign_2024_JD_0786,2024-12-23,2024-12-30,Google Display Network,North America,144251,17455,633,12405.39,37923.41,Seniors,Automotive,Tablet,2024,H2_2024,7,12,4,12,12,True,0.121004,0.036265,2.057011,3.057011,0.710707,85.998641,19.597773,2.172639,59.9106,25518.020000000004,0.672883,0.004388,0.036264680607275855,12,Holiday Peak,125.39254493902988,262.89876673298625,1,2024-12-26 12:00:00,False
2024_JD_0785,Campaign_2024_JD_0785,2024-12-23,2024-12-30,Facebook Ads,North America,144182,15214,2842,38278.47,95349.28,Seniors,Electronics,Tablet,2024,H2_2024,7,12,4,12,12,True,0.105519,0.186802,1.490938,2.490938,2.516003,265.487162,13.468849,6.267207,33.550063,57070.81,0.598545,0.019711,0.18680163007756015,12,Holiday Peak,125.23061131070453,661.311952948357,0,2024-12-26 12:00:00,False
2024_JD_0784,Campaign_2024_JD_0784,2024-12-23,2024-12-30,Google Ads,Africa,144076,11192,2289,26842.58,84284.75,Adults,Electronics,Tablet,2024,H2_2024,7,12,4,12,12,True,0.077681,0.204521,2.139965,3.139965,2.398372,186.308476,11.726772,7.530803,36.821647,57442.17,0.681525,0.015887,0.20452108649035025,12,Holiday Peak,93.56867208973043,585.0020128265638,1,2024-12-26 12:00:00,False
2024_JD_0782,Campaign_2024_JD_0782,2024-12-23,2024-12-30,Google Display Network,Asia,138669,1527,114,19698.99,29476.62,Seniors,Clothing,Desktop,2024,H2_2024,7,12,4,12,12,True,0.011012,0.074656,0.496352,1.496352,12.900452,142.057634,172.798158,19.303615,258.566842,9777.629999999997,0.331708,0.000822,0.07465618860510806,12,Holiday Peak,11.833935486662483,212.56820197737053,0,2024-12-26 12:00:00,False
2024_JD_0783,Campaign_2024_JD_0783,2024-12-23,2024-12-30,Google Display Network,Asia,138669,1527,114,19698.99,29476.62,Seniors,Clothing,Desktop,2024,H2_2024,7,12,4,12,12,True,0.011012,0.074656,0.496352,1.496352,12.900452,142.057634,172.798158,19.303615,258.566842,9777.629999999997,0.331708,0.000822,0.07465618860510806,12,Holiday Peak,11.833935486662483,212.56820197737053,0,2024-12-26 12:00:00,False
2024_JD_0781,Campaign_2024_JD_0781,2024-12-23,2024-12-30,Facebook Ads,North America,138663,16535,4123,48389.2,104561.82,Adults,Electronics,Tablet,2024,H2_2024,7,12,4,12,12,True,0.119246,0.24935,1.16085,2.16085,2.926471,348.969804,11.736406,6.323666,25.360616,56172.62000000001,0.537219,0.029734,0.24934986392500755,12,Holiday Peak,148.9799009108414,754.0715259297722,0,2024-12-26 12:00:00,False
2024_JD_0780,Campaign_2024_JD_0780,2024-12-23,2024-12-30,Google Ads,Europe,138533,15676,3399,10676.05,34589.63,Seniors,Automotive,Desktop,2024,H2_2024,7,12,4,12,12,True,0.113157,0.216828,2.239928,3.239928,0.681044,77.065031,3.140939,2.206534,10.176414,23913.579999999998,0.691351,0.024536,0.21682827251849962,12,Holiday Peak,137.69282409245452,249.68512917499802,1,2024-12-26 12:00:00,False
2024_JD_0771,Campaign_2024_JD_0771,2024-12-27,2025-01-03,Google Ads,Africa,131479,6455,276,27581.08,42587.49,Youth,Electronics,Desktop,2024,H2_2024,7,12,4,12,1,True,0.049095,0.042758,0.544083,1.544083,4.272824,209.775554,99.931449,6.597597,154.3025,15006.409999999996,0.352367,0.002099,0.04275755228505035,12,Holiday Peak,51.19448733257782,323.9109667703587,0,2024-12-30 12:00:00,False
2024_JD_0772,Campaign_2024_JD_0772,2024-12-27,2025-01-03,Google Ads,Africa,131479,6455,276,27581.08,42587.49,Youth,Electronics,Desktop,2024,H2_2024,7,12,4,12,1,True,0.049095,0.042758,0.544083,1.544083,4.272824,209.775554,99.931449,6.597597,154.3025,15006.409999999996,0.352367,0.002099,0.04275755228505035,12,Holiday Peak,51.19448733257782,323.9109667703587,0,2024-12-30 12:00:00,False
2024_JD_0773,Campaign_2024_JD_0773,2024-12-27,2025-01-03,Google Ads,Africa,131479,6455,276,27581.08,42587.49,Youth,Electronics,Desktop,2024,H2_2024,7,12,4,12,1,True,0.049095,0.042758,0.544083,1.544083,4.272824,209.775554,99.931449,6.597597,154.3025,15006.409999999996,0.352367,0.002099,0.04275755228505035,12,Holiday Peak,51.19448733257782,323.9109667703587,0,2024-12-30 12:00:00,False
2024_JD_0770,Campaign_2024_JD_0770,2024-12-27,2025-01-03,Email,Europe,129302,15582,826,33525.69,114517.29,Adults,Automotive,Mobile,2024,H2_2024,7,12,4,12,1,True,0.120509,0.05301,2.415807,3.415807,2.151565,259.282068,40.588002,7.349332,138.640787,80991.59999999999,0.707243,0.006388,0.053009883198562445,12,Holiday Peak,126.896722401819,885.6575304326306,1,2024-12-30 12:00:00,False
2024_JD_0769,Campaign_2024_JD_0769,2024-12-27,2025-01-03,Google Display Network,South America,128395,15571,193,26824.18,83144.7,Adults,Health,Desktop,2024,H2_2024,7,12,4,12,1,True,0.121274,0.012395,2.099618,3.099618,1.722701,208.919195,138.985389,5.339715,430.801554,56320.52,0.67738,0.001503,0.012394836555134545,12,Holiday Peak,122.77736671988784,647.569609408466,1,2024-12-30 12:00:00,False
2024_JD_0767,Campaign_2024_JD_0767,2024-12-27,2025-01-03,TikTok Ads,South America,127096,10025,1120,25919.96,85209.35,Adults,Health,Mobile,2024,H2_2024,7,12,4,12,1,True,0.078877,0.111721,2.287403,3.287403,2.585532,203.940014,23.142821,8.499686,76.079777,59289.39000000001,0.695808,0.008812,0.11172069825436409,12,Holiday Peak,87.6896204443885,670.4329797948008,1,2024-12-30 12:00:00,False
2024_JD_0768,Campaign_2024_JD_0768,2024-12-27,2025-01-03,TikTok Ads,South America,127096,10025,1120,25919.96,85209.35,Adults,Health,Mobile,2024,H2_2024,7,12,4,12,1,True,0.078877,0.111721,2.287403,3.287403,2.585532,203.940014,23.142821,8.499686,76.079777,59289.39000000001,0.695808,0.008812,0.11172069825436409,12,Holiday Peak,87.6896204443885,670.4329797948008,1,2024-12-30 12:00:00,False
2024_JD_0766,Campaign_2024_JD_0766,2024-12-27,2025-01-03,Google Display Network,South America,125307,12346,1510,7865.55,25149.91,Seniors,Health,Desktop,2024,H2_2024,7,12,4,12,1,True,0.098526,0.122307,2.197476,3.197476,0.637093,62.770236,5.208974,2.03709,16.65557,17284.36,0.687253,0.01205,0.12230682002267941,12,Holiday Peak,110.5764243019145,200.70634521614915,1,2024-12-30 12:00:00,False
2024_JD_0765,Campaign_2024_JD_0765,2024-12-27,2025-01-03,Facebook Ads,Asia,124719,3955,1007,37468.23,62678.11,Seniors,Home,Mobile,2024,H2_2024,7,12,4,12,1,True,0.031711,0.254614,0.672833,1.672833,9.473636,300.421187,37.207776,15.847815,62.242413,25209.879999999997,0.402212,0.008074,0.254614412136536,12,Holiday Peak,39.78543766386838,502.5546227920365,0,2024-12-30 12:00:00,False
2024_JD_0749,Campaign_2024_JD_0749,2024-12-27,2025-01-03,Google Ads,Asia,108850,7940,385,10584.85,17247.63,Adults,Home,Mobile,2024,H2_2024,7,12,4,12,1,True,0.072944,0.048489,0.629464,1.629464,1.333105,97.242536,27.493117,2.172246,44.799039,6662.780000000001,0.386301,0.003537,0.04848866498740554,12,Holiday Peak,76.48139641708774,158.45319246669732,0,2024-12-30 12:00:00,False
2024_JD_0747,Campaign_2024_JD_0747,2024-12-27,2025-01-03,Google Ads,Europe,104932,15038,536,27164.41,41477.76,Adults,Electronics,Desktop,2024,H2_2024,7,12,4,12,1,True,0.143312,0.035643,0.526916,1.526916,1.806384,258.87632,50.679869,2.758197,77.383881,14313.350000000002,0.345085,0.005108,0.03564303763798377,12,Holiday Peak,148.41992909693897,395.28227804673503,0,2024-12-30 12:00:00,False
2024_JD_0748,Campaign_2024_JD_0748,2024-12-27,2025-01-03,Google Ads,Europe,104932,15038,536,27164.41,41477.76,Adults,Electronics,Desktop,2024,H2_2024,7,12,4,12,1,True,0.143312,0.035643,0.526916,1.526916,1.806384,258.87632,50.679869,2.758197,77.383881,14313.350000000002,0.345085,0.005108,0.03564303763798377,12,Holiday Peak,148.41992909693897,395.28227804673503,0,2024-12-30 12:00:00,False
2024_JD_0745,Campaign_2024_JD_0745,2024-12-27,2025-01-03,Google Display Network,Africa,102945,14253,716,21310.72,67897.91,Youth,Health,Mobile,2024,H2_2024,7,12,4,12,1,True,0.138453,0.050235,2.186092,3.186092,1.495174,207.010734,29.763575,4.763763,94.829483,46587.19,0.686136,0.006955,0.05023503823756402,12,Holiday Peak,145.40774199815436,659.5551993783089,1,2024-12-30 12:00:00,False
2024_JD_0746,Campaign_2024_JD_0746,2024-12-27,2025-01-03,Google Display Network,Africa,102945,14253,716,21310.72,67897.91,Youth,Health,Mobile,2024,H2_2024,7,12,4,12,1,True,0.138453,0.050235,2.186092,3.186092,1.495174,207.010734,29.763575,4.763763,94.829483,46587.19,0.686136,0.006955,0.05023503823756402,12,Holiday Peak,145.40774199815436,659.5551993783089,1,2024-12-30 12:00:00,False
2024_JD_0744,Campaign_2024_JD_0744,2024-12-27,2025-01-03,Email,South America,102883,2016,40,45566.7,144534.3,Youth,Automotive,Tablet,2024,H2_2024,7,12,4,12,1,True,0.019595,0.019841,2.171928,3.171928,22.60253,442.898244,1139.1675,71.693601,3613.3575,98967.59999999999,0.684734,0.000389,0.01984126984126984,12,Holiday Peak,19.983865167228796,1404.8414218092396,1,2024-12-30 12:00:00,False
2024_JD_0742,Campaign_2024_JD_0742,2024-12-27,2025-01-03,Facebook Ads,North America,100556,14728,1488,28219.28,46182.97,Adults,Home,Tablet,2024,H2_2024,7,12,4,12,1,True,0.146466,0.101032,0.636575,1.636575,1.916029,280.632483,18.96457,3.135726,31.036942,17963.690000000002,0.388968,0.014798,0.10103204780010863,12,Holiday Peak,161.2633756314889,459.27612474641,0,2024-12-30 12:00:00,False
2024_JD_0743,Campaign_2024_JD_0743,2024-12-27,2025-01-03,Facebook Ads,North America,100556,14728,1488,28219.28,46182.97,Adults,Home,Tablet,2024,H2_2024,7,12,4,12,1,True,0.146466,0.101032,0.636575,1.636575,1.916029,280.632483,18.96457,3.135726,31.036942,17963.690000000002,0.388968,0.014798,0.10103204780010863,12,Holiday Peak,161.2633756314889,459.27612474641,0,2024-12-30 12:00:00,False
2024_JD_0741,Campaign_2024_JD_0741,2024-12-27,2025-01-03,TikTok Ads,Africa,99776,10604,2371,23055.71,79480.87,Adults,Automotive,Desktop,2024,H2_2024,7,12,4,12,1,True,0.106278,0.223595,2.44734,3.44734,2.174247,231.074707,9.724045,7.495367,33.522088,56425.159999999996,0.709921,0.023763,0.22359486986043003,12,Holiday Peak,130.04129249518923,796.5930684733803,1,2024-12-30 12:00:00,False
2024_JD_0740,Campaign_2024_JD_0740,2024-12-27,2025-01-03,Facebook Ads,North America,99074,5353,1130,48430.71,67964.7,Youth,Automotive,Mobile,2024,H2_2024,7,12,4,12,1,True,0.05403,0.211097,0.403339,1.403339,9.047396,488.8337,42.859035,12.696563,60.145752,19533.989999999998,0.287414,0.011406,0.21109658135624884,12,Holiday Peak,65.43593677453217,685.9993540182086,0,2024-12-30 12:00:00,False
2024_JD_0779,Campaign_2024_JD_0779,2024-12-30,2025-01-06,Google Ads,North America,137717,16132,1366,42037.05,90813.92,Seniors,Automotive,Desktop,2024,H2_2024,7,12,4,12,1,True,0.117139,0.084676,1.16033,2.16033,2.605818,305.242272,30.773829,5.629427,66.48164,48776.869999999995,0.537108,0.009919,0.08467641953880486,1,Holiday Peak,127.05766172658421,659.4241814736016,0,2025-01-02 12:00:00,False
2024_JD_0778,Campaign_2024_JD_0778,2024-12-30,2025-01-06,TikTok Ads,Africa,137632,14988,1415,11741.49,40443.45,Seniors,Home,Desktop,2024,H2_2024,7,12,4,12,1,True,0.108899,0.094409,2.44449,3.44449,0.783393,85.310756,8.297873,2.698389,28.581943,28701.96,0.709681,0.010281,0.09440886042167067,1,Holiday Peak,119.18013252731923,293.8520838177168,1,2025-01-02 12:00:00,False
2024_JD_0777,Campaign_2024_JD_0777,2024-12-30,2025-01-06,Google Ads,Africa,134951,15552,842,8453.11,18704.57,Seniors,Home,Tablet,2024,H2_2024,7,12,4,12,1,True,0.115242,0.054141,1.212744,2.212744,0.543538,62.638365,10.039323,1.202712,22.214454,10251.46,0.548072,0.006239,0.05414094650205761,1,Holiday Peak,121.48113018799417,138.60267800905515,0,2025-01-02 12:00:00,False
2024_JD_0775,Campaign_2024_JD_0775,2024-12-30,2025-01-06,TikTok Ads,South America,133585,17131,1145,41260.75,93311.3,Youth,Health,Mobile,2024,H2_2024,7,12,4,12,1,True,0.12824,0.066838,1.261503,2.261503,2.408543,308.872628,36.03559,5.446927,81.494585,52050.55,0.557816,0.008571,0.06683789621154632,1,Holiday Peak,136.81176778829956,698.5163004828386,0,2025-01-02 12:00:00,False
2024_JD_0776,Campaign_2024_JD_0776,2024-12-30,2025-01-06,TikTok Ads,South America,133585,17131,1145,41260.75,93311.3,Youth,Health,Mobile,2024,H2_2024,7,12,4,12,1,True,0.12824,0.066838,1.261503,2.261503,2.408543,308.872628,36.03559,5.446927,81.494585,52050.55,0.557816,0.008571,0.06683789621154632,1,Holiday Peak,136.81176778829956,698.5163004828386,0,2025-01-02 12:00:00,False
2024_JD_0774,Campaign_2024_JD_0774,2024-12-30,2025-01-06,Google Ads,South America,132734,18486,4210,23056.1,39703.04,Youth,Automotive,Mobile,2024,H2_2024,7,12,4,12,1,True,0.139271,0.22774,0.722019,1.722019,1.24722,173.701538,5.476508,2.147736,9.430651,16646.940000000002,0.419286,0.031718,0.22773991128421509,1,Holiday Peak,170.988593728811,299.11733240917926,0,2025-01-02 12:00:00,False
